5449	0.530169
62	1.792822
1982	2.655892
34	3.256433
1107	3.754175
34	3.910647
4330	3.952198
160	4.122459
16	4.257814
1383	4.346643
764	4.397290
26	5.361030
5837	5.712459
1292	6.116470
1140	6.571954
4291	6.903009
946	7.012748
24	7.735846
486	8.453935
2102	8.984428
28	9.255611
1223	9.577698
18	10.092341
918	10.252237
111	10.491381
70	10.541792
71	11.454044
1039	12.751408
51	14.156466
1562	14.490448
116	14.736776
109	14.915081
237	15.106092
28	15.638593
7	16.450163
1202	16.627611
5654	16.806356
1199	16.828178
3869	17.325116
12	17.521853
1431	17.801191
1432	17.932543
66	18.267498
10	18.974256
319	19.177682
521	19.527818
775	19.865860
17	20.261162
50	20.467346
17	21.682759
14	22.564526
14	22.579545
1947	23.349678
1685	23.760111
50	23.887299
3226	23.936570
408	24.119632
59	24.498043
1203	24.732104
56	24.974637
1203	25.512517
4989	25.810016
77	25.832533
513	26.788703
31	26.872528
24	27.425428
199	27.581546
30	27.634806
25	28.237540
981	29.107102
879	29.240708
941	29.428299
24	30.443179
686	30.679389
1398	32.643457
42	32.669443
9	32.817480
2755	33.239240
39	33.548615
20	34.019036
9	34.968112
18	35.010307
1891	35.067670
1267	35.174298
17	35.546720
8	35.684817
904	36.545315
9	36.672779
204	37.269782
908	37.387895
8	37.468469
170	37.689586
28	37.708765
536	37.779963
1125	38.577612
879	38.628846
736	38.807056
23	38.893554
20	39.316420
19	39.634435
1633	41.311944
26	41.442287
231	41.675922
18	41.770606
1248	42.075685
672	42.237507
16	42.361194
19	42.861973
21	43.706762
1268	45.070458
55	45.121917
2178	45.593596
114	46.314530
48	46.659422
53	47.306365
18	47.551067
2397	47.595548
15	47.652999
98	48.014807
4880	48.029071
57	48.226772
61	48.964996
4332	49.233861
15	49.434203
20	49.640017
28	49.760308
25	49.797490
954	49.879652
781	50.151644
13	50.344976
56	50.620354
4165	50.943176
681	51.311019
56	51.514461
1693	52.563978
12	52.766674
89	52.815295
15	54.906944
34	55.020127
22	55.933957
8	56.286905
278	56.898145
1254	56.932355
1049	57.021842
44	57.226271
27	57.560704
545	58.043388
26	58.601756
513	60.146557
819	61.429420
36	61.938442
16	62.703362
430	62.719542
118	65.215795
41	65.290163
39	66.211168
72	66.812981
260	67.172095
1135	67.485946
720	67.611191
1060	67.674146
5067	68.118460
555	69.008147
54	69.428538
1292	69.422787
759	69.856078
30	70.391695
2297	70.905257
4073	71.839362
38	73.881488
15	73.964578
47	74.350023
10	75.731800
343	75.764032
988	76.421731
711	76.423528
19	77.011876
74	77.271169
1307	77.884834
141	79.232250
1422	79.529748
465	80.102955
48	80.375355
80	81.264416
403	81.345805
18	81.555860
26	82.292416
586	82.444386
51	82.588387
1849	83.529122
46	84.260492
17	84.761626
1507	85.430966
838	86.352037
44	86.393645
6184	87.091206
134	87.315627
1497	88.519210
33	89.537975
20	90.177445
51	90.157513
17	91.211691
410	91.205885
4750	91.606025
19	92.272703
19	92.917900
7	93.718046
1387	93.985170
279	97.200154
385	98.232412
1676	98.243341
45	98.634826
49	98.750497
42	99.190147
1285	100.993034
30	101.049354
33	101.152144
17	101.203559
67	101.356532
100	102.483032
40	102.561673
5676	103.168316
1530	104.198450
254	104.818651
136	104.845574
2232	106.165148
28	106.423116
1183	106.438525
46	106.735931
207	106.938055
4947	107.286082
308	107.896358
16	110.089236
4927	110.437529
1167	111.051418
34	111.893179
41	112.379892
6394	112.901153
39	113.011686
1419	114.562261
1431	115.888182
131	115.972507
123	116.360174
4781	116.473247
47	117.423018
4247	117.514664
3710	117.501087
17	117.582046
6437	117.865931
132	118.452710
5026	118.528733
1439	119.536577
3740	120.016224
736	120.308190
2207	120.342236
13	120.363834
58	121.732693
27	121.737703
5411	122.344411
1682	123.355034
22	123.751099
37	123.898408
140	124.159626
2985	124.169794
9	124.682059
19	125.241600
45	125.750357
736	123.923891
1195	127.070862
22	127.559150
383	128.564081
1314	129.048260
4046	129.443049
97	129.763179
16	130.859235
33	131.252296
17	132.034719
570	132.391377
535	132.427827
8	132.780260
15	132.859448
491	132.938735
425	133.611859
582	133.993749
4961	134.156861
30	134.206816
18	134.472503
113	134.929810
3154	135.212174
33	137.902989
11	140.034354
1292	140.222260
2204	140.330400
15	140.437468
1066	141.319379
23	142.077130
535	143.284777
570	143.820069
1073	143.901558
463	144.664096
15	145.851877
248	146.023859
33	146.458972
64	147.015853
33	148.594047
16	148.807961
441	148.945483
9	149.415055
6040	150.052927
11	150.365182
17	150.470746
1318	151.179628
2801	151.237817
17	151.838580
102	152.133113
4688	152.442426
18	152.763063
29	153.202602
1939	153.484314
374	154.841882
165	156.176180
17	156.627373
356	158.173097
24	159.051659
20	159.369131
26	159.660851
18	160.268391
22	160.588113
32	160.666623
50	161.031296
14	161.265956
2329	161.273869
17	162.008194
242	162.353249
49	162.788997
66	163.140371
190	163.231951
3071	163.752504
3216	163.850454
53	164.357874
25	164.621547
2240	164.631054
372	165.284401
4362	165.457700
11	166.363259
121	166.399862
59	167.181321
33	167.937931
1183	168.191117
28	168.673406
16	169.750139
1359	170.036016
14	170.417172
334	170.947457
20	171.230441
3581	171.586575
19	171.776882
118	172.397748
58	172.774507
846	173.183003
835	174.071451
19	174.601604
24	175.262710
608	175.375600
19	175.978646
691	176.763094
7	177.459971
17	177.768486
182	178.032727
439	178.253511
580	178.459023
368	178.833874
59	178.916083
16	179.777489
20	180.663289
22	180.713350
229	181.526302
38	181.688900
29	182.316850
1418	183.050333
43	183.296938
79	183.364316
88	183.511092
32	185.128172
22	186.765641
5416	187.328274
24	187.871465
53	188.024392
101	188.099239
37	189.376992
955	189.527560
36	189.867365
1552	190.033375
486	190.131452
39	190.425728
33	191.803150
15	192.837394
20	193.147364
389	193.474928
1670	194.286090
22	194.614657
2016	195.177455
35	196.137816
12	197.132314
910	197.159705
2342	198.074017
21	198.243498
88	198.384222
55	198.446944
5957	198.662496
29	199.383217
2641	199.884001
41	200.341881
85	200.352777
20	201.166095
2105	201.173622
2133	201.822883
31	201.937053
26	202.660874
415	203.027307
100	203.486990
83	203.517230
42	203.608068
1359	203.935703
59	204.244336
21	205.174138
4737	205.199243
62	206.681452
1127	206.728618
127	206.898882
324	207.183962
18	207.292247
1630	207.754596
18	208.563429
8	210.146439
677	210.605100
28	211.648938
24	212.209750
1982	212.809925
11	213.273160
63	213.888466
19	215.099998
19	215.144548
93	216.165823
2937	216.209239
4987	216.639913
132	220.105711
2985	220.966674
15	221.017079
575	221.122398
5065	221.395347
70	222.669984
61	222.762877
49	223.683583
31	224.347890
30	225.038113
6979	225.257304
1401	225.201509
19	225.391699
112	225.453264
936	225.665829
28	225.832668
32	227.252006
472	227.927329
4051	227.974125
16	228.539934
4389	228.607346
841	228.831404
3018	229.029290
16	229.612200
4954	229.773909
369	230.335592
35	231.266530
309	231.335510
843	231.545030
708	233.287242
11	234.040964
751	234.100253
41	234.572884
1413	234.963841
1398	235.170162
1136	235.098619
1583	235.597054
3144	236.055139
89	237.568992
2935	237.538436
38	237.864636
111	237.652055
359	238.638917
1246	239.551418
27	240.715089
1065	241.605058
23	241.866324
19	242.589028
362	242.831619
133	243.078817
55	243.223905
30	243.526711
307	244.078666
4795	244.842205
36	246.504569
139	246.654763
1158	247.111582
1604	247.072538
2795	247.384488
61	248.043928
53	248.561698
22	249.256886
30	249.472622
1426	249.479647
80	250.102183
9	250.692436
45	250.756872
306	250.841209
751	251.285540
53	251.197059
41	251.916477
30	252.169233
16	253.688670
21	254.336618
16	254.111121
11	255.037615
16	256.151948
37	256.188001
827	256.815354
97	257.262241
344	257.535443
6755	257.795538
23	257.961781
20	257.901487
30	258.399803
2489	258.410247
33	258.495827
3609	258.994951
216	259.006319
21	259.613785
16	259.796588
22	260.509779
58	260.923616
1585	260.825041
703	261.050741
35	261.294288
447	262.570981
32	263.345505
19	263.504887
36	263.761832
14	263.892162
15	264.437497
77	264.994141
19	265.844669
319	266.006949
133	266.167326
28	266.445331
88	266.407876
914	267.101198
1198	267.995367
6029	268.265961
82	268.724031
10	270.060071
23	270.618184
2373	271.174482
120	271.340622
54	271.519291
1990	271.738447
9	271.982467
713	273.055485
10	273.014178
52	273.610270
273	274.182201
1019	274.828746
2095	274.959431
45	275.869090
1395	276.390861
208	276.727575
22	277.758465
1681	277.936229
5705	278.397742
96	279.220954
557	279.888556
2754	280.962285
395	281.272853
18	281.657862
54	282.301293
13	282.836474
19	283.172611
1210	284.384377
12	284.644083
23	284.693130
1031	287.659897
12	287.626598
1384	288.219351
16	288.032473
124	288.399651
757	288.503977
35	288.320910
34	289.092186
179	290.129308
52	290.611531
30	290.939974
65	290.854380
682	291.346262
270	292.854785
16	292.932651
3178	293.237218
48	293.566461
43	293.651599
68	294.087138
542	294.566146
24	295.779260
2715	295.743330
53	296.546424
4039	296.796511
552	296.718186
15	296.879876
724	298.209677
14	298.438549
41	298.546903
8	298.804816
1014	298.863092
121	299.438253
1565	300.646891
48	300.729790
8	302.265956
50	303.531970
1793	303.551060
44	303.621403
2963	304.354934
4081	304.695928
48	305.580919
1130	305.481120
5034	306.246644
332	306.052010
63	307.215521
14	308.119417
21	308.214379
314	308.919921
118	309.035171
25	309.682445
20	309.727793
8	310.216042
34	311.168097
105	311.185048
54	311.063433
18	311.199556
37	312.330873
4615	312.824032
23	313.435508
56	315.013825
8	315.795782
61	315.870591
52	316.254906
4115	316.768422
18	316.967795
29	318.335909
1184	318.167708
1030	318.380111
479	319.099328
23	320.101069
36	320.274098
132	320.434907
14	320.776054
1561	322.483532
11	322.576825
1370	322.638871
3814	322.989137
20	323.129810
2775	323.647759
92	323.918109
69	324.210672
22	324.484749
1044	325.335822
972	325.380404
1171	326.389526
5478	326.615565
7	326.780343
2085	327.047965
1134	327.704867
59	329.093593
66	329.274975
5278	329.716917
662	330.460101
1241	333.384687
29	333.541595
4912	334.110768
23	334.064763
16	336.187102
6611	336.718037
74	336.742874
1906	337.460697
43	337.579626
16	337.689761
20	339.583671
31	339.889399
1040	340.198326
14	340.111760
29	340.522772
26	340.529569
28	340.833550
3951	341.432430
28	341.486831
126	341.886501
60	342.168861
955	343.085785
24	343.738814
598	343.792101
386	344.068846
709	344.035214
1645	344.620515
48	344.413901
49	345.168219
75	346.114477
219	347.278550
26	348.026812
584	347.993126
5315	348.109362
1029	349.193785
1425	349.567693
2422	350.318619
629	351.315170
2169	351.236359
1253	352.158780
40	352.085507
23	352.415262
597	352.426716
17	353.512122
31	353.845507
1730	354.596558
1203	355.377514
896	356.049044
22	356.376034
311	357.541612
1560	357.429759
73	358.995102
74	359.460194
81	362.332805
1294	362.270657
1506	363.247006
255	363.443584
81	363.648580
20	363.757697
72	364.967316
6237	365.896403
15	365.790518
24	365.996928
3925	366.556120
280	366.909721
23	367.072579
25	367.333900
105	369.046231
69	368.948508
35	369.394006
329	369.363437
41	369.718170
41	370.133664
15	371.048394
1246	371.932367
127	372.062795
15	372.184751
98	372.821392
26	372.996332
25	373.508380
1504	374.048189
17	374.883920
27	375.029939
3887	374.681816
939	375.543321
21	375.522207
1061	0.252801
192	1.817203
1554	3.336164
565	3.681146
57	3.869958
17	3.913327
249	4.609568
56	5.202321
20	5.255467
76	5.789749
285	6.638432
1986	7.051129
1425	7.042469
1033	7.254389
1337	7.478157
799	8.473426
909	8.964559
262	9.665098
1316	9.697369
18	9.808558
3509	10.406223
944	10.520924
12	10.694827
31	10.995022
173	11.291841
1211	11.352691
44	11.373004
22	12.436093
9	12.858734
31	14.059373
1718	15.591260
20	15.975685
4570	16.096653
60	16.364694
8	16.496713
2980	17.389850
57	18.881367
51	19.077932
72	19.285389
2830	20.341034
2887	20.736457
269	20.991396
197	21.632138
30	21.858182
12	21.873208
1424	22.058292
7	22.494301
2308	22.646201
64	22.705348
6249	23.329395
1103	23.472046
65	23.978307
12	26.161155
4011	26.223304
522	26.238062
1342	27.218917
641	27.933258
22	28.378221
11	28.395403
20	28.676216
52	30.613681
20	30.841573
20	31.544868
36	31.904161
19	32.042573
20	32.104035
497	32.353969
59	32.441361
479	32.773742
16	32.954219
390	34.116080
75	34.974051
1041	35.005348
2678	35.057519
21	35.170518
23	35.213466
54	35.723732
300	36.087919
247	38.047602
549	38.544487
7067	38.561125
14	39.188769
13	39.395772
138	39.521925
103	39.909926
384	40.081713
6415	40.126319
107	42.410392
55	42.587149
1135	43.220576
97	43.380099
672	43.534402
2386	43.739982
4402	44.522175
880	45.392990
21	45.521991
44	46.427939
2293	46.910122
16	46.942809
19	46.953785
23	46.989511
1180	47.065154
25	47.089574
188	47.122644
763	47.686579
7095	47.804994
6500	49.603176
517	49.994762
35	50.067095
935	50.789423
367	51.031399
22	51.055899
89	51.077790
2337	54.410714
914	54.741057
34	55.115867
14	55.436152
2105	55.470846
111	56.375234
555	56.482125
45	56.791887
21	57.123634
360	57.579176
605	58.271951
207	58.528330
1105	58.941122
1400	59.491718
39	60.471107
16	60.560594
922	60.804548
1024	61.176277
39	61.268926
1654	61.739649
2235	61.748797
62	61.845118
25	61.883640
229	63.271787
354	63.403249
50	63.591613
96	63.787900
13	64.025757
6632	64.421539
39	65.378777
54	66.053430
2138	66.852116
1203	67.088397
51	67.138910
9	67.360631
36	67.635409
1575	69.725437
3038	70.361461
31	71.544180
61	71.651301
13	71.881762
400	72.032652
15	72.161455
693	72.400335
1517	73.121653
479	73.260283
2667	74.000735
64	74.602567
1372	74.610496
16	74.678484
15	76.729276
49	76.940014
65	77.380457
286	78.898385
20	79.151488
14	80.953705
12	80.962109
1615	81.072411
1783	81.946176
1990	82.224848
450	83.011617
4922	82.990713
23	83.061932
36	83.536835
23	83.606002
1534	83.825597
2613	83.857401
18	84.069512
90	84.548886
120	86.808408
2136	87.765449
1389	88.118235
1219	88.441409
39	88.462913
2296	88.639150
1035	89.498002
42	89.700615
766	89.673609
31	89.201810
21	90.477610
22	90.542865
9	90.799166
2910	90.912864
20	91.175880
10	91.663696
2358	92.734049
1604	92.828763
1333	93.206575
19	93.371504
2308	93.530259
615	93.848398
39	95.825990
99	96.364115
10	96.883971
121	97.133185
1284	97.156531
2300	97.534632
516	98.665791
255	99.170008
1967	99.384874
19	100.025655
757	100.535672
48	100.943785
831	101.540128
362	101.846033
41	102.154236
26	102.268069
5839	102.583642
99	103.070827
1485	104.193996
19	104.251521
18	104.375184
173	105.152375
27	105.157379
1025	105.334246
339	105.745270
112	106.507342
16	106.720781
87	107.872490
1449	108.450367
4050	108.910243
88	108.978569
65	109.122227
16	109.118404
9	109.194986
54	109.457494
38	109.799989
22	110.351655
1009	110.728576
1365	111.627832
18	112.453181
67	112.470390
2391	112.536098
7055	113.773811
30	113.789862
33	114.057158
786	114.925081
100	115.023306
82	116.095259
17	116.139682
120	116.437780
26	116.654334
3641	116.972107
978	117.038586
89	117.124139
16	117.289376
20	117.825711
61	118.870778
524	119.215494
163	119.306756
1076	119.609855
46	120.007308
95	121.401799
432	121.429488
1765	121.449902
268	121.475058
1168	121.632219
16	121.962575
448	122.046774
3502	122.331922
9	122.447687
49	123.867195
1255	123.717406
19	124.327966
17	124.451604
68	124.775097
5877	125.047745
1253	126.522013
47	126.999180
331	127.247834
12	127.391749
20	128.029291
61	128.752184
419	128.848924
14	129.074635
5070	129.962116
92	130.171740
6236	130.290679
1327	130.728352
1563	131.284769
18	132.039747
428	132.524815
15	132.742278
27	133.116520
112	133.126313
18	133.906907
98	134.053991
42	134.293940
547	134.699176
2299	135.071316
36	135.158175
469	135.753668
28	136.512074
67	137.128632
7	139.021381
1326	139.027291
444	139.112816
524	140.146924
5512	141.372406
32	142.822332
19	142.921981
871	142.952129
6581	143.108720
76	143.685130
1024	144.298488
12	144.516444
12	145.370157
106	145.428596
9	147.365565
1345	147.967254
367	148.484842
376	149.750398
49	149.850908
2046	150.718470
2556	151.811165
1473	152.000441
2410	152.348543
12	152.922284
1574	153.453354
13	153.962326
312	154.523790
2604	155.515741
360	155.832537
8	155.840709
98	156.242120
4924	157.083052
225	158.911746
21	158.992439
24	159.229150
2093	160.081786
6809	160.259675
22	160.569250
929	160.663328
1870	161.378351
17	161.672309
18	162.878553
25	162.945215
680	163.468517
1402	163.520726
791	164.317665
150	164.461386
23	164.475197
68	164.534556
13	165.048084
17	165.440108
1855	165.941316
13	166.273112
47	166.444315
24	166.451540
57	166.501964
7	166.912157
122	167.935021
20	168.432116
1496	168.680874
965	168.968631
375	169.376206
957	169.908253
3387	170.397580
8	171.117810
17	172.551769
54	172.904584
695	174.636335
24	175.290504
3153	176.461194
93	176.742682
284	176.791313
1736	177.018370
1392	177.332172
23	177.472684
14	178.112604
186	178.296900
17	178.575695
21	178.582971
292	178.659390
1102	178.882329
13	178.900438
477	179.736398
38	180.113280
223	180.195208
21	180.226963
19	180.562814
36	180.646443
505	181.847062
15	182.436012
6804	182.563939
32	182.699893
33	182.705578
3181	182.851345
57	182.888628
32	182.984973
29	183.033902
19	183.139583
81	183.259851
42	183.718638
171	184.248996
357	184.445290
522	184.786532
28	186.130759
30	186.286552
14	186.870427
20	187.797086
211	187.976087
1578	188.316292
677	189.427916
73	189.430342
715	189.598011
14	189.783287
20	189.899661
3268	190.167111
912	191.837879
5154	192.290281
565	193.003099
1490	193.212321
89	193.317869
473	193.415065
99	193.995266
1952	194.004010
322	194.445767
358	194.719952
955	194.850297
1260	195.277630
1260	195.338337
4231	195.417103
21	195.624544
3006	196.812438
38	196.924820
42	197.665057
3369	197.682294
50	198.911375
3258	199.055011
56	199.143988
1396	199.590360
57	201.295694
79	201.366525
69	202.051778
19	202.147776
31	202.698566
132	202.973653
23	203.965820
1626	204.823830
28	205.828120
20	205.908674
11	205.917321
23	206.497799
51	206.536928
125	206.556470
21	206.821965
48	207.175142
18	207.592837
12	207.660418
99	207.733401
1748	207.906435
20	208.042354
19	208.294828
931	208.982765
782	209.739415
29	210.227250
1707	211.118233
3453	211.217585
29	212.589955
4001	213.119727
75	213.652195
43	213.752371
23	214.836819
719	215.131823
17	215.878048
718	216.158106
25	216.232786
382	216.263599
562	216.421686
26	216.843642
55	216.864413
22	217.071466
87	217.170280
180	217.665682
542	219.626073
3614	220.037979
561	220.157389
222	220.636318
539	220.730932
89	220.773402
20	221.020782
1335	222.248132
50	222.715599
1331	223.166441
14	224.895628
57	226.055964
107	226.571172
49	226.777432
31	227.461247
55	227.683629
18	228.067286
27	230.456731
51	230.324597
229	230.444517
3091	230.599254
24	230.802586
44	231.085610
1819	231.575757
27	232.019470
46	233.123097
20	233.058696
120	233.823229
1800	233.873414
61	234.532426
1946	235.559483
48	235.408137
1620	235.378428
30	237.312437
1006	237.514393
735	238.296251
56	238.498008
23	238.479549
891	239.203440
2408	239.276578
2849	240.504000
17	240.514500
19	240.591750
33	240.484031
17	241.024035
65	241.117188
40	241.817940
39	242.068391
78	243.142227
2980	243.244569
26	243.976435
1269	244.283041
2985	244.288454
56	244.476167
30	244.590039
163	245.633951
710	245.703457
18	246.095864
1293	246.125308
29	247.897093
24	249.297260
15	249.496267
80	249.790344
197	250.038062
602	250.300773
1080	252.025777
29	252.369339
872	252.942859
31	253.007417
49	253.029280
7	253.584633
13	254.090468
188	254.369735
4005	255.232728
681	254.883429
1609	255.262751
12	255.087352
2047	256.780122
37	257.982207
78	258.677414
6770	259.558864
2109	260.536158
24	260.833254
13	261.700408
835	261.959195
19	262.162013
1119	262.205920
956	263.006193
21	263.282650
383	263.571603
14	263.756298
18	263.866200
45	264.328708
22	264.393365
2122	264.977743
13	266.155557
87	266.501722
41	266.535535
26	266.800641
13	267.007287
233	267.129207
21	267.273719
1331	268.530448
44	269.091430
36	269.314199
1071	270.570782
887	270.836783
27	271.066695
3044	271.294003
42	271.855068
8	272.896749
103	273.639934
134	274.685659
357	274.908002
2015	275.701474
30	275.880685
129	276.779869
325	276.993898
133	277.287992
708	277.623073
53	278.106304
5403	278.526619
1690	280.159599
2927	281.037688
27	281.553745
2247	281.518986
70	281.653106
1986	281.815056
977	283.302834
65	283.486879
69	284.059533
619	284.951964
352	285.366260
26	285.444506
327	286.120705
499	287.064533
4256	287.203893
40	287.691981
1718	288.266382
236	289.151393
17	289.345011
1206	289.585349
20	290.007654
45	290.224844
1262	290.569393
21	290.861330
21	290.865096
559	293.532362
33	294.175709
15	294.450377
107	294.508259
54	294.982923
410	295.056727
934	295.753287
41	295.977524
1235	296.051303
21	296.209213
4136	296.863020
1547	297.310577
17	298.488548
26	299.684033
2423	299.792707
71	299.812085
81	299.950509
556	300.198687
821	300.108502
280	300.344083
623	300.830574
2480	301.044610
1281	301.262394
51	301.814482
1023	301.903057
480	303.052830
60	302.981800
19	303.066505
12	303.238727
1339	303.206348
55	303.462430
445	303.780058
116	305.134472
17	305.501475
23	306.235631
20	306.055963
2915	306.513733
2344	307.060525
12	307.716364
31	307.738900
29	308.781105
2046	309.354995
400	309.508748
35	309.864936
13	310.267368
9	310.258992
1111	310.977954
36	310.887224
120	311.136502
364	311.040523
12	311.932985
101	311.808718
47	312.693135
27	312.967202
334	313.711690
314	313.987669
112	314.534591
31	314.594187
13	314.735785
2328	314.555296
22	314.808374
15	315.312463
5704	315.493144
1871	316.225312
1226	316.582490
19	317.017071
96	317.140962
20	317.532777
2548	317.862314
1027	316.201852
49	318.227501
48	318.630343
32	320.499210
8	321.600010
1035	321.469700
20	322.152139
66	323.199968
4218	324.403355
1861	325.276769
10	326.004346
1405	326.418199
16	327.139096
449	327.847072
385	328.366537
4849	328.751170
95	329.737366
208	330.463019
1608	330.659490
2780	330.724083
3817	331.033247
30	332.684585
635	332.909531
31	332.889010
736	334.196444
19	334.947342
36	335.128973
2282	335.220642
17	335.359512
12	336.149824
4093	336.276024
26	336.731167
42	336.638380
34	337.528277
29	337.809537
735	337.792890
22	339.217322
730	339.127725
6700	339.420682
12	339.723963
533	340.581359
169	340.532883
27	340.906435
16	342.353373
494	342.556355
10	342.752863
35	343.101652
13	342.981549
660	343.106726
10	343.666006
30	343.713369
33	343.947772
14	344.406970
54	344.647293
975	344.734447
34	345.526907
2212	346.030833
1912	345.804204
251	346.679707
20	346.718519
4814	348.171992
9	348.429588
17	348.325252
231	351.433969
90	351.637911
6312	352.477844
3336	352.383869
89	352.525366
3801	353.151223
57	353.450073
374	355.050647
32	356.463557
4038	357.299705
970	357.449373
127	359.050196
156	358.932915
1509	359.585561
18	361.576689
1394	362.413238
39	362.484371
63	362.947973
8	363.432442
1260	363.521780
3764	364.370804
125	364.817983
9	365.685999
425	359.501531
20	366.411187
956	367.113319
12	367.511492
19	367.785616
1013	368.925766
867	368.871693
59	368.880046
3182	369.282272
6042	369.343182
11	369.425514
1027	369.702889
1524	370.219987
19	370.410082
97	371.216991
1723	371.331672
186	371.641252
11	371.728528
6498	372.098364
18	372.114622
2292	372.736482
21	373.467519
1780	373.542856
80	373.787108
2762	374.495251
99	374.462922
43	374.535690
1144	375.230944
19	375.462331
56	375.339376
31	377.564886
495	377.627733
36	378.310056
17	379.504772
24	380.377830
61	388.397056
1010	390.326783
12	391.439005
765	393.971811
2140	395.642129
39	400.000865
20	401.176202
285	404.025814
1753	404.748815
968	405.833965
18	406.287118
10	408.868188
30	410.753997
22	411.136968
39	412.160527
8	413.328045
124	415.976768
14	420.592097
24	422.904542
360	423.309338
1005	426.650674
5473	426.753098
32	427.221594
15	432.040411
21	434.742112
42	434.611895
14	434.958202
25	435.742356
20	436.263775
118	436.613386
195	436.753420
20	436.955331
140	437.481667
75	438.324534
1942	438.477988
824	439.169543
702	442.583960
23	443.931422
2726	448.138512
1039	449.596356
305	451.146410
377	451.447741
793	451.714138
2117	453.522167
20	454.684870
530	455.012033
3016	457.639266
80	458.175652
1384	461.153904
125	462.136035
1023	463.922223
134	463.938862
1700	467.763405
152	471.247660
20	474.182861
18	475.950989
1294	476.175590
20	476.628311
4660	478.790813
5463	479.727432
19	481.367606
24	481.451138
1844	483.317739
23	484.605033
32	491.016110
1821	495.473762
3909	488.989493
20	496.045510
16	497.859730
336	498.927027
67	499.252302
6707	499.171350
1213	500.077473
16	502.782137
75	507.849564
20	508.830522
59	513.336958
503	513.849745
1791	517.368682
222	519.834642
48	521.758998
46	521.778345
7122	523.110874
718	523.791154
251	525.457687
3580	525.589115
30	528.018297
515	529.493847
1623	531.010884
28	532.310883
773	534.430710
16	538.938977
72	539.301540
55	540.823856
22	541.330823
13	543.913094
823	545.930272
35	546.384947
1293	548.435083
3791	549.649796
47	549.845598
48	552.875584
447	553.138103
8	553.259280
267	555.423539
25	558.107161
18	559.375081
2181	560.310755
15	565.696167
17	566.700088
75	566.917698
1342	567.454431
2897	569.254745
205	571.361137
2035	571.590522
769	571.734977
17	571.758888
1028	577.749149
902	578.707298
50	581.143793
1877	581.105736
436	582.535683
343	588.045106
100	588.291169
323	589.386849
23	589.978617
20	591.773158
27	592.856620
562	593.308425
19	593.520202
23	595.288467
4319	597.409690
12	597.527626
23	597.893807
32	600.634670
23	603.916983
7	604.128550
26	605.625161
23	605.951266
37	608.016849
3357	612.212271
1384	614.310306
997	614.575766
49	615.308652
19	616.778966
16	617.778019
248	618.608831
14	620.876463
2075	621.109997
24	622.588721
33	623.462331
418	623.971973
161	624.330359
2715	625.277501
237	627.372216
170	631.002994
2203	639.160816
44	640.122490
3556	644.147924
24	644.021857
25	645.871202
380	646.356846
12	647.261803
17	648.445464
15	648.868517
16	650.371731
93	654.144632
19	655.701266
51	660.974983
689	661.955964
41	662.085181
58	667.425929
16	667.957785
1421	669.084314
779	669.125198
17	672.188543
34	672.530817
23	676.741887
50	677.060211
1230	679.357561
16	679.655376
4901	679.896650
23	679.927748
1309	680.912652
122	683.642888
1106	683.730562
63	685.646482
59	685.821404
91	688.098670
14	689.797570
406	690.077319
262	690.388692
26	691.318409
70	691.498303
4896	692.597962
18	693.282417
21	695.645499
1366	696.541964
8	702.086774
808	702.705140
34	703.603990
892	703.712274
51	707.582198
1507	709.622508
16	709.511626
1323	709.681069
20	713.592078
4751	713.726934
1458	713.844903
1644	714.511018
2702	716.945740
1828	717.788045
558	719.079412
53	719.953064
23	722.650977
437	726.219419
13	727.149964
38	727.628180
1514	729.420086
1760	731.476241
3755	732.032981
1395	733.331477
47	733.573789
29	735.905622
1474	736.853816
17	738.741604
21	741.290192
1427	750.891533
66	750.779301
990	751.857542
796	756.524551
9	757.323957
59	761.996361
10	763.895161
56	764.229537
822	765.518570
812	766.045244
4314	768.460755
8	768.975405
14	772.345837
465	774.951921
183	782.186840
32	783.053335
39	784.393065
47	784.453572
19	790.894285
2527	790.978995
3510	792.075381
173	792.438314
38	793.050286
1119	793.039236
50	792.966578
17	794.518529
1050	795.218350
56	795.125090
1176	795.782413
23	797.534050
770	798.021464
59	800.196931
30	802.401027
218	805.654749
401	805.961964
789	806.092395
25	807.374118
13	805.660414
39	809.993608
700	811.897984
2671	812.223403
10	812.764535
679	813.151353
123	814.041682
1197	816.239463
29	816.918892
21	817.429787
28	818.958680
40	818.760692
64	819.145651
17	820.963763
19	821.123687
20	823.062500
3243	824.470747
12	825.642708
27	827.769743
11	827.941420
18	828.105999
53	831.102256
3276	831.109180
324	839.081229
3836	841.600176
17	844.437931
22	846.103239
271	848.364863
48	848.633091
17	849.391617
73	849.862119
2468	850.025533
19	850.616217
1664	855.428451
62	858.439866
6593	859.650826
33	861.513734
23	861.955445
2187	862.288458
38	864.249030
34	866.224385
182	869.411044
432	871.351392
33	873.376467
259	873.912925
275	877.562303
50	877.508196
11	878.790286
11	878.824768
75	881.139293
11	883.210010
30	885.152225
946	886.623540
715	889.689979
1583	890.903355
504	891.138338
2727	893.492992
27	893.813159
15	894.806154
35	896.313292
269	897.127935
20	899.632925
15	899.717758
4709	904.962348
1827	907.813564
64	908.696488
878	909.035297
1532	909.103902
14	910.436481
37	911.446655
1036	913.778110
976	917.455970
11	917.394721
92	919.794687
45	921.422417
53	923.885507
32	926.063855
69	926.240053
88	926.847924
1141	926.961493
880	927.855673
2084	927.937858
17	929.539383
825	932.273771
1276	932.826820
1001	933.632317
23	936.164189
14	936.670388
20	937.231852
57	938.057490
22	939.194685
38	939.173866
3008	941.285494
259	944.217369
2842	946.194128
9	946.484612
1480	947.159547
665	951.334652
1627	952.106344
36	953.044428
986	955.992561
52	958.674297
1403	959.293946
1855	964.026439
1151	964.010295
227	968.747091
20	970.440908
1594	970.936656
11	972.033729
1209	974.683080
2296	975.193740
2022	976.147462
1080	978.382243
20	979.182010
28	982.837229
1087	983.636793
17	986.172982
1082	987.279209
1251	988.346753
90	989.680478
45	990.403672
39	990.967615
997	992.825885
8	996.951607
29	996.823514
11	997.444018
962	998.197896
19	998.680534
46	1001.487560
3644	1002.844079
31	1004.655632
19	1005.616601
2517	1005.949717
19	1007.387905
935	1009.099788
685	1010.923231
470	1011.424211
134	1015.456047
18	1015.963505
60	1015.861719
47	1017.027945
24	1017.718800
1161	1020.586028
5107	1020.652785
3656	1020.977541
653	1022.110816
1048	1023.704352
429	1024.355581
22	1025.485711
4942	1025.952289
16	1026.466196
56	1027.896810
22	1028.639591
229	1029.052917
103	1029.855551
788	1030.632298
74	1030.876844
17	1031.619583
12	1033.830209
3287	1036.651374
2486	1038.414682
1535	1038.387754
106	1038.748321
1130	1040.922031
56	1042.536140
39	1043.133789
21	1046.933841
90	1047.259519
942	1049.524020
53	1049.971241
30	1050.065368
34	1050.942962
1389	1053.252425
6946	1055.942773
35	1056.623743
20	1058.128134
56	1058.970434
28	1059.076627
56	1066.530639
38	1068.279570
736	1069.161442
2187	1071.218452
96	1072.518400
31	1072.805246
2363	1074.825150
82	1076.367416
126	1076.595392
15	1077.314772
847	1078.872948
36	1080.255393
14	1080.624584
22	1082.162605
13	1082.813158
3880	1084.299944
24	1089.203700
858	1089.414598
185	1091.348261
672	1091.743033
34	1093.384438
838	1094.130457
891	1094.073877
2213	1096.597161
31	1099.024905
491	1101.583719
169	1101.424307
20	1102.030564
52	1102.263062
34	1104.022346
1198	1104.611164
33	1107.133016
46	1107.399995
1483	1110.365523
1022	1112.248309
36	1115.634912
52	1126.598637
319	1126.854684
1189	1126.984542
59	1127.151690
271	1127.312746
60	1127.867023
25	1131.705988
2044	1134.816147
19	1137.197710
47	1138.032848
16	1140.655111
140	1142.719304
666	1144.259633
6931	1144.698071
1642	1146.453025
58	1147.346109
23	1149.491018
93	1149.474918
22	1150.446190
16	1151.816081
1208	1151.948450
100	1153.826395
15	1153.913574
11	1154.725512
18	1155.994071
1868	1162.680497
455	1162.819439
34	1163.464099
60	1163.678165
116	1164.712072
5756	1168.336994
406	1168.524313
14	1168.948253
26	1170.082324
1166	1170.115857
332	1171.192165
10	1171.807790
62	1173.520217
57	1175.372919
2658	1176.301415
461	1176.511049
853	1177.324913
3572	1180.340488
25	1180.684160
955	1181.703300
48	1181.860495
517	1182.820333
14	1182.946308
32	1183.019871
876	1184.068555
7	1185.206220
1080	1188.293288
25	1188.541153
5058	1191.523708
7	1194.157274
88	1196.112616
541	1196.372997
18	1198.795242
865	1200.111926
40	1200.308149
21	1202.519753
24	1206.964721
25	1210.541462
1310	1212.038758
5181	1212.840910
34	1213.037629
25	1213.250677
19	1214.888129
42	1215.603436
349	1215.649069
32	1215.951003
193	1217.805551
10	1218.747221
26	1219.017593
2757	1219.660786
2138	1222.333414
404	1223.048397
48	1223.642774
81	1229.240068
30	1230.018211
44	1230.447680
1018	1233.933526
29	1235.854314
761	1236.476647
17	1237.535538
45	1238.753990
28	1239.939389
1002	1240.230740
906	1243.800600
38	1244.779408
212	1247.870676
44	1248.242014
84	1251.468120
10	1251.577509
40	1251.639991
22	1254.454374
1027	1255.244380
2073	1258.004584
2444	1258.039412
38	1258.379788
233	1258.861763
17	1259.741125
1163	1260.609762
10	1264.360554
15	1272.490981
46	1273.408674
34	1275.390861
14	1280.155812
122	1281.898591
104	1284.668172
12	1286.150949
21	1285.975274
445	1286.623187
643	1287.008566
56	1287.037528
607	1288.759844
24	1288.703289
1088	1289.481164
4864	1292.213343
55	1295.928528
3441	1296.741375
1050	1297.687153
37	1297.898065
35	1298.609132
131	1299.500861
20	1301.668907
21	1301.831885
1903	1303.443186
19	1311.168277
6429	1312.722196
1432	1313.005659
2797	1313.636237
292	1315.550918
116	1317.991114
89	1318.294895
440	1320.236849
24	1320.607888
481	1322.609729
37	1323.099582
1225	1323.393234
58	1325.205492
25	1325.930779
1038	1326.829514
2050	1326.756758
18	1326.765105
2642	1328.288338
27	1328.573590
58	1331.062492
1107	1331.479230
127	1331.659652
577	1333.190796
70	1335.496805
359	1337.221974
664	1338.994124
37	1339.200330
25	1339.773980
1420	1343.445306
217	1343.871242
2074	1344.709663
198	1346.584079
746	1346.807836
1012	1349.408920
26	1352.078493
542	1354.419057
21	1354.811954
11	1356.956955
4415	1357.905687
11	1358.216504
19	1360.426288
4589	1361.209397
1515	1362.720349
2439	1362.972895
336	1363.125153
25	1362.884697
4480	1365.391368
805	1367.636640
234	1370.369093
793	1372.129422
4439	1372.813137
21	1375.150531
17	1376.476662
176	1376.964987
4804	1379.376696
88	1381.082994
16	1383.221512
31	1383.481847
72	1383.938511
19	1388.165965
20	1390.283118
24	1390.136113
110	1391.845841
41	1393.312928
3589	1395.234073
45	1396.638998
1422	1396.991121
1403	1397.715734
70	1399.547553
486	1401.131223
11	1402.718503
64	1403.113869
1996	1403.853213
4078	1405.470887
5992	1405.370674
120	1407.598071
17	1407.492468
23	1408.707543
85	1413.299597
122	1413.575468
45	1414.199784
20	1415.445104
44	1415.325343
257	1415.810390
1996	1416.080039
1897	1417.620399
29	1418.109006
1586	1419.472222
16	1421.852099
1272	1422.514739
112	1424.088395
134	1425.187673
862	1425.834490
2057	1426.839595
49	1427.432156
17	1428.421411
1289	1429.582075
4184	1432.444872
30	1432.672203
14	1433.790398
620	1435.693124
2714	1437.141613
1176	1437.558538
9	1437.668036
937	1437.600654
1419	1438.144604
1182	1438.738249
1041	1440.408754
87	1443.942102
569	1445.205955
35	1448.947892
16	1449.545797
2663	1449.888963
1159	1456.277174
2549	1459.238336
25	1460.480397
28	1461.223991
2865	1461.630457
2269	1463.678331
338	1465.323723
25	1467.723616
91	1471.593681
14	1475.291717
20	1477.200617
324	1480.456163
713	1481.736331
37	1483.240260
1266	1483.681683
116	1484.064985
5272	1484.328403
48	1484.798114
1399	1485.622706
50	1487.460646
15	1489.659569
16	1490.049971
1277	1491.414112
2841	1491.479519
48	1491.830082
12	1492.436199
20	1494.312613
404	1496.535658
976	1498.732972
3418	1499.941202
55	1502.914364
2471	1503.208957
1273	1503.325858
25	1503.647483
13	1506.205858
57	1506.259099
42	1507.310682
48	1509.874690
82	1513.109565
1002	1514.942258
16	1516.221896
2059	1516.977988
1205	1518.210053
22	1518.571597
1863	1520.544234
664	1520.869908
23	1525.468991
45	1526.330552
3150	1528.163398
579	1528.390753
3481	1529.646369
13	1530.497790
2765	1531.113095
107	1534.347033
117	1534.372395
15	1534.414537
43	1534.652073
4188	1546.535384
3065	1546.701001
19	1554.223859
386	1554.976447
1972	1557.423662
2123	1558.063666
1554	1561.297788
31	1561.679148
19	1565.686558
694	1566.598163
42	1567.715967
309	1568.852615
56	1569.910863
1349	1570.273637
46	1570.259527
13	1570.974192
2444	1575.473516
23	1576.875548
35	1577.099714
14	1586.133452
21	1587.246312
1323	1588.256037
75	1591.170402
19	1591.252987
710	1595.418283
45	1600.652308
30	1600.657063
317	1601.449522
90	1604.263425
63	377.239935
43	1609.342265
1108	1609.412828
157	1613.113118
1219	1613.453635
391	1614.279955
30	1624.220320
567	1624.993948
38	1625.719124
11	1626.602980
1115	1627.015167
92	1627.500882
353	1627.831321
5481	1630.098498
735	1630.631544
435	1632.540971
95	1634.397557
34	1635.391222
76	1636.182248
69	1638.657943
565	1642.966682
6653	1643.287611
123	1645.347421
23	1645.681934
40	1646.417130
24	1646.840669
26	1648.406770
54	1650.104141
1061	1658.283605
18	1659.120115
2827	1660.540674
1179	1661.954334
10	1662.707535
554	1663.549385
1336	436.618898
22	1668.824036
1016	1670.141521
475	1671.470394
45	1672.532112
274	1672.127097
73	1674.857800
457	1676.547747
29	1676.508652
33	446.345099
29	1679.478756
80	1679.664796
45	1680.238722
27	1681.675801
20	1681.859599
460	1681.983522
23	1682.301569
2597	1682.412654
51	1684.093074
3332	1684.780851
1077	1685.057773
25	1685.415838
41	1686.723128
35	1687.979915
17	1688.668490
250	1691.445673
619	1691.175766
63	1692.803476
40	1693.182559
34	1694.867077
2004	1695.497161
959	1700.426842
2058	1702.265285
3551	1703.111144
16	1703.159125
32	1703.993968
30	1705.507347
13	1705.378047
16	1708.688388
35	1710.189143
15	1711.183739
40	1711.319258
21	1712.542649
42	1714.301681
6808	1714.512077
1034	1714.888855
19	1715.950100
1072	1716.507522
41	1718.954154
328	1719.129736
1435	1721.316061
2594	1721.719143
1363	1721.597784
23	1724.909975
1870	1726.128771
35	1727.272726
28	1732.311764
15	1733.766294
2915	1739.324163
1526	1739.465315
1055	1741.541776
25	1742.079412
83	1744.944483
19	1746.590222
27	1746.606468
83	1747.761112
57	1749.480383
324	1754.074948
77	1754.918241
5103	1758.147455
746	1758.007943
397	1760.518202
40	1761.330833
23	1761.924169
63	1762.281681
131	1763.759965
3327	1765.239622
10	1767.749237
189	1769.855600
55	1773.565698
80	1774.190241
140	1774.635962
18	1779.411861
42	1781.707518
16	1783.107341
26	1783.297132
4705	1783.583877
14	1784.972490
49	1786.875433
910	1787.087060
62	1788.386830
13	1790.615063
21	1793.433276
7	1794.060108
22	1794.370843
25	1794.633112
1423	1798.565093
21	0.013674
27	0.402800
7	0.823173
19	0.953818
126	1.366335
29	1.764734
68	1.914512
15	2.336499
57	2.385079
299	3.077975
3729	3.512144
86	4.787521
649	5.112692
1774	5.838116
1876	5.845282
1192	6.977805
430	7.084794
1168	7.468676
723	7.630718
27	7.664447
23	7.759528
15	7.925900
95	8.660467
1018	8.761769
5415	9.799417
9	9.913730
13	10.758694
28	10.984180
12	11.645651
4571	11.652865
1334	12.712963
25	13.501760
41	13.513957
2733	15.513796
31	16.194058
18	16.290950
2130	17.480527
20	17.712688
18	17.756573
19	17.860707
907	18.178582
2661	19.113533
1248	19.184329
28	19.347272
1030	19.937055
5039	20.294874
32	20.681826
28	20.863197
13	20.883656
75	21.553744
344	22.066135
750	22.254667
351	22.413726
27	22.436851
20	23.484191
35	23.516561
5528	23.911906
20	25.235894
1101	25.370685
2830	25.780724
4527	27.344632
17	28.357133
5731	28.839125
904	29.072549
20	30.674664
2673	32.188217
38	32.656871
17	32.932003
17	33.014444
1397	33.129550
1612	33.706590
14	34.961812
13	35.542716
11	36.107734
3449	36.265056
41	36.594172
26	37.038092
140	37.324938
46	37.338477
25	37.471282
8	38.163433
53	38.841029
73	38.929114
1293	39.251970
10	39.431940
110	41.285313
835	41.824253
32	41.994994
19	43.171875
10	43.519240
1629	43.714381
876	43.881722
2980	44.003584
1483	44.994327
1202	45.066777
36	45.302766
5199	45.555692
115	45.615408
60	45.811577
12	46.862823
28	47.019417
1588	48.627958
39	48.664269
54	48.947547
156	49.447922
138	49.551112
2817	51.474888
29	52.755052
2667	52.896594
81	53.130074
33	53.913845
24	54.207934
185	54.255163
2625	54.772547
1421	55.113509
1458	55.525422
6201	55.582726
100	55.642667
613	56.491534
285	56.777543
2488	56.908100
264	57.054041
771	57.426779
13	57.432581
67	57.569383
98	57.634872
80	58.389945
2633	58.442067
4006	59.461979
5093	59.488370
24	59.842427
2678	60.188330
78	60.255636
2147	61.820280
18	61.900261
1160	61.946999
99	62.651157
3148	62.907245
242	63.162256
1230	63.616021
39	63.623120
12	63.646000
26	63.676839
28	64.193960
29	64.313214
2634	65.638308
35	66.299932
5320	66.752838
5843	67.864648
26	68.018312
574	68.181925
2804	68.939220
31	69.952912
20	71.741723
6661	71.827074
24	71.950387
8	72.004037
279	72.264760
2687	73.297939
1110	73.825373
1049	74.540827
860	74.974090
1087	77.250476
113	77.689817
66	78.577853
28	78.705711
3146	79.945305
20	80.577082
4926	81.509498
1054	82.323554
83	82.564592
641	83.785102
2129	84.033307
30	85.325746
22	85.560340
99	85.651889
20	86.236184
48	86.443088
30	86.970228
50	87.335890
2369	87.488728
27	87.572976
62	87.579024
22	87.658748
479	88.144941
6527	88.730651
2661	89.109780
5335	89.252064
3226	89.434571
3016	90.136379
179	91.987620
1954	92.319185
18	92.666081
1511	92.859264
87	93.501939
2152	95.074768
10	96.476723
83	96.871954
4125	97.072859
1359	98.489147
8	98.621154
24	98.691880
442	98.947902
433	99.483271
2727	100.195181
10	100.240136
730	101.092448
4033	101.156788
100	101.318935
15	102.917308
65	104.492436
4723	104.908340
14	105.050335
13	105.860123
396	106.892582
155	107.153187
43	107.440165
2040	108.257090
1057	108.811491
99	109.618078
1038	110.607191
1178	111.708276
236	111.915683
35	112.107215
1379	112.922900
80	113.010578
1405	113.147404
66	113.444203
41	114.896158
1845	115.510809
9	115.819743
1149	116.025684
704	116.725439
5306	116.736521
6247	118.239223
17	118.593383
408	119.383558
30	119.485884
373	119.574324
2622	119.917196
284	120.049751
2046	120.144343
58	120.476496
71	121.091296
90	121.207235
9	121.603767
82	122.583741
11	122.773491
189	123.616446
20	124.324434
570	124.853322
38	124.971623
36	126.065451
83	127.890321
745	129.112405
29	129.452010
2255	129.465813
689	129.881512
1817	129.912157
760	130.569768
31	130.806696
55	131.069722
27	131.536543
987	131.567755
756	132.708179
1430	132.719042
210	132.971266
605	133.139536
14	133.693218
19	134.011929
85	134.373588
12	135.169922
57	135.591592
1836	136.037682
599	136.686610
2904	137.001166
1551	137.218914
417	137.253784
30	137.749529
17	138.278575
1689	138.503418
66	139.469645
739	139.953097
90	140.039118
17	140.443865
3538	140.690869
16	141.027651
43	143.426588
377	144.239397
3572	144.314196
28	144.678800
2848	145.791537
38	146.485608
940	146.544268
10	147.268294
5150	147.462660
24	148.238167
19	148.287883
62	148.636049
98	149.071183
36	149.787529
12	150.003562
86	151.104427
135	151.183251
76	151.377077
28	151.524871
14	152.314570
75	152.366290
1550	152.864171
456	152.890895
37	153.369143
353	153.919080
23	156.269784
2238	156.466471
2186	157.150091
83	157.561902
3242	159.570425
22	160.261906
63	160.585536
265	162.053635
22	162.251628
403	162.371398
3955	162.881548
1313	163.074031
4784	163.787998
82	164.482646
94	165.109849
1081	165.863912
15	166.187109
29	166.360684
16	166.521725
648	166.719667
25	167.313727
3790	167.372678
13	170.027322
349	170.215118
1918	170.425513
2533	170.773058
32	171.734259
3737	172.416259
22	173.910916
4096	174.209061
92	175.052735
1469	175.259099
2546	175.620603
637	175.668751
87	176.308310
24	176.466334
8	176.875783
6552	177.069198
137	177.628388
400	178.044300
4975	178.089159
11	178.212166
18	179.394848
27	179.424362
17	179.848991
1535	179.992238
15	180.678839
39	180.731984
20	181.170246
1115	181.555155
24	181.608118
229	182.026602
19	182.964582
35	183.099491
3977	184.364674
22	184.624756
34	186.443328
3612	186.507852
19	188.030767
2842	189.632273
230	190.026676
31	190.140002
20	190.243795
2195	190.738533
1265	191.203345
129	192.071695
156	192.696266
64	192.750284
447	193.241719
1221	194.020354
2693	194.255829
827	194.938121
1198	194.998141
49	195.288306
4442	196.139846
31	196.175970
21	196.360997
6223	200.524097
8	201.484585
3425	202.043353
74	202.719522
14	202.887637
77	202.949007
93	204.030922
474	204.047817
3966	204.097705
576	205.196869
1939	205.478119
77	205.694423
41	206.249800
419	206.384320
411	207.278712
4175	207.925294
47	208.226528
763	208.321885
2332	209.276378
39	209.480907
18	209.634991
27	209.649984
301	209.687583
20	209.879662
67	210.253426
825	210.938881
107	211.213326
326	212.110739
19	212.221277
34	212.853164
23	213.212763
4635	213.907815
70	214.036684
17	214.305678
194	214.435244
16	215.561995
6504	215.928745
108	216.468656
1178	216.627542
20	216.704129
89	217.050431
19	217.640495
100	217.790646
641	218.012996
237	218.247688
19	218.916263
23	218.956606
11	219.099051
2995	220.236328
7	220.396878
955	220.961724
38	221.778418
3619	222.117359
587	222.306481
1943	222.546611
11	223.105612
16	223.239128
42	223.631205
937	224.372098
87	224.566567
7021	225.062211
120	225.652224
2456	226.119834
15	227.007424
73	227.032587
8	227.046313
50	227.524521
462	228.626814
41	228.691390
650	228.959818
6972	229.297035
41	230.106717
1655	231.302799
18	231.978190
723	232.273193
16	232.852095
60	233.649148
16	235.622778
446	236.767946
86	237.094346
1667	237.540070
712	238.138780
21	238.198314
3966	238.724616
19	240.441154
113	240.538291
3116	240.628890
83	240.972132
966	240.945725
712	241.931228
692	242.160392
45	242.577713
3558	242.816826
93	243.220773
7	243.564416
35	243.716367
219	243.704813
62	244.005567
1644	244.314473
21	245.360660
37	245.477168
17	246.010366
22	246.025685
2156	247.360585
1411	247.976463
116	249.086998
375	249.124227
445	249.307528
128	249.438480
35	249.647339
41	249.793830
35	250.225178
24	250.268605
634	250.424650
50	250.480217
98	251.803116
17	252.294699
102	253.354329
853	253.324930
23	253.539705
28	254.753624
3529	254.688083
6502	255.360220
119	255.193481
4243	255.927309
6154	256.522152
1358	256.424007
9	257.439294
129	258.007655
5620	258.235179
78	259.575971
769	260.465213
33	260.563793
28	260.743458
354	261.323313
349	261.401543
26	261.823524
77	262.116220
1879	262.742752
35	263.693343
3039	264.145122
32	264.989279
16	265.907953
56	265.837734
74	266.226394
534	266.616929
1515	267.023366
25	268.036788
3758	269.327092
536	269.953521
532	270.395000
86	271.454142
747	271.831479
1620	271.688962
38	275.944257
768	277.208262
16	278.710004
30	278.939798
2804	279.862041
1767	280.781197
909	281.347431
79	283.059483
23	283.231633
65	283.823888
65	284.106178
22	284.208306
491	284.543886
21	285.028205
15	285.672269
27	285.807358
4279	285.799787
1553	286.067360
19	286.019274
21	286.439515
19	286.954838
6122	286.897642
28	287.926366
20	288.087520
23	288.107813
474	289.166890
1888	288.893008
13	290.527673
2223	291.278862
39	291.159327
2322	292.657128
74	292.798394
27	293.209125
1623	293.642576
76	293.501864
674	294.426709
11	294.354511
99	294.385212
1807	294.796886
76	295.206978
12	295.092803
55	296.354436
134	296.932012
36	297.321097
37	297.638470
71	297.550498
24	297.904425
45	297.875167
26	297.788418
1550	298.094208
827	298.289705
712	298.599113
1196	299.004350
2382	299.201608
78	299.324753
6118	299.459276
11	300.113088
1385	299.998579
43	301.504834
34	301.511576
476	301.528558
1244	301.802648
3350	302.387352
32	302.853933
22	302.934648
11	303.442858
289	303.468885
1663	303.622826
77	303.831358
23	304.843827
529	305.043296
103	305.603636
86	306.627145
1164	306.647651
29	307.079822
25	307.191592
23	308.235254
1126	309.505537
21	309.980504
1093	310.517805
2240	312.031899
19	312.035956
19	312.179914
9	312.557722
53	313.522686
240	313.482608
39	314.410737
1765	314.740850
13	315.079876
4156	316.657375
23	318.593424
23	319.492967
12	319.683864
2558	320.431531
12	320.562254
617	320.559326
20	321.045669
1553	321.171251
43	321.589497
2491	322.047893
49	323.273444
863	324.075292
20	324.554604
15	324.389890
1612	324.629691
467	324.988045
16	325.374599
3164	325.433204
1630	325.413688
53	326.394446
3024	326.363598
393	326.521117
4367	326.611247
1534	327.053174
860	328.248665
472	330.161042
21	330.192475
43	331.831344
837	331.706359
22	332.271184
47	332.482037
3764	332.654708
682	332.901875
324	334.314016
111	334.942178
837	335.089115
1404	337.096264
26	337.675046
162	337.543302
2457	337.669918
1481	337.912950
75	338.150099
1945	339.215147
2018	340.423037
11	340.791624
5036	340.979444
16	341.265954
12	341.693208
711	341.917886
100	342.185400
836	342.370896
1567	342.413100
16	343.701121
23	343.983940
25	344.371164
104	344.683080
96	344.709295
1163	345.099721
35	344.836766
276	345.753120
1230	346.390491
17	346.611280
504	346.786885
19	347.291848
19	347.352734
42	347.495947
13	347.911254
37	348.788672
15	349.091342
654	350.684061
2867	350.516239
486	351.099495
11	352.570274
119	352.509354
15	353.912264
670	354.428774
100	355.881154
18	356.150881
1580	356.455352
1290	356.581595
47	356.862531
8	357.795707
37	358.860521
2401	359.211667
24	359.580116
31	359.748492
2239	360.444538
1195	360.505704
123	361.520633
18	361.638928
42	362.319546
17	364.653517
4212	365.566685
972	369.002804
1065	369.416539
33	369.873077
2736	370.181866
6727	370.323307
44	370.953724
114	370.932575
774	370.975834
20	371.519797
9	371.825721
5278	373.292512
86	373.153754
14	373.460879
1235	374.205577
72	374.662317
1439	374.785880
54	375.224419
2649	375.755650
41	375.925555
521	376.955360
1344	377.478955
2900	378.600605
28	378.895612
1339	379.882685
2677	380.299291
389	381.047595
11	382.888120
27	386.732447
27	387.509617
74	389.405222
21	390.533221
78	391.047692
123	391.303747
249	391.885255
363	392.109838
1209	392.865164
430	394.910519
20	396.154980
31	396.678388
35	396.933716
19	399.063401
45	399.240086
22	399.412462
494	401.436614
16	402.197905
421	404.275689
4565	404.727197
36	409.820179
943	410.805522
947	411.324745
19	413.203775
1215	414.553063
48	414.564301
25	417.864340
32	418.360403
22	420.472418
68	420.560453
479	424.755379
1462	427.028933
26	428.228843
1715	428.761980
8	430.874387
1030	433.387719
1339	434.360147
30	434.662160
62	435.095811
21	437.164943
369	437.215451
448	438.758041
16	441.884632
1053	442.305768
1914	445.104202
463	449.132028
47	449.439625
479	450.847490
43	451.997085
2584	453.403870
12	455.711340
3747	459.164374
1167	465.469751
2049	466.835927
1181	467.097203
35	468.606730
47	468.676609
1828	472.336119
100	474.215589
18	477.598575
20	478.622542
1294	479.297393
34	479.217265
25	479.558330
1255	479.661398
101	480.094992
605	480.325794
26	481.106210
47	481.268080
741	487.265791
1389	487.799964
15	487.705100
525	487.984507
14	493.141452
15	493.195475
509	494.844062
557	496.048840
1267	497.746055
876	498.464357
45	502.393401
50	503.422861
62	503.239188
97	503.427533
27	503.701170
2020	508.207111
2580	509.135336
3747	510.197904
3152	510.320642
3825	510.445244
24	512.516309
99	513.931689
106	516.623718
20	516.815434
1041	522.056303
231	523.153047
1984	523.339994
2395	524.607775
24	524.796690
55	526.520532
1620	526.865656
2220	528.680466
12	529.131955
2573	529.206958
273	530.629139
30	530.734650
1881	531.964515
71	532.387022
13	533.233124
74	534.170160
1647	535.860017
15	537.582266
468	537.636622
15	537.728181
71	537.952683
26	538.583314
4717	539.821604
28	540.636949
23	544.442077
23	545.254333
2000	546.041994
4512	548.313378
363	548.317673
49	548.923836
20	551.089225
29	553.482257
2496	554.314879
96	556.316568
12	556.483189
11	556.823892
984	557.141521
34	557.174861
1669	557.411467
172	558.902246
79	559.210860
3517	562.997812
93	563.741032
70	564.401524
2324	564.643843
27	566.440033
21	567.438548
29	567.688534
66	569.120589
25	569.375442
55	571.720969
23	573.246698
19	576.072537
25	580.333865
40	583.274719
37	585.363478
54	587.375349
125	589.332184
42	591.548078
57	592.606452
968	592.516283
31	598.957085
583	601.227356
8	601.678044
49	602.372854
521	603.186332
36	607.306774
22	607.601356
20	613.239620
6071	613.440309
2784	613.721758
56	616.006795
23	627.122660
928	627.581196
46	628.078375
19	629.195464
90	631.779615
82	633.218950
18	634.380057
1075	639.315816
6198	640.854648
1407	642.492437
275	646.697501
4938	648.155137
7	649.352762
12	655.625749
18	656.839966
75	657.864823
26	658.316369
19	658.706681
510	658.745375
55	660.224108
1344	660.984671
791	661.513705
968	662.387406
969	665.140078
104	665.522935
178	669.246130
21	669.591375
1232	669.999424
13	671.762830
597	672.413774
30	672.363452
1496	673.231817
1786	677.094687
506	677.434586
12	678.148837
827	679.228147
22	679.643076
5318	679.989469
20	682.203592
21	682.187698
32	683.202762
9	684.454359
10	685.271822
135	687.044801
44	687.263942
203	687.679194
23	688.306306
3681	689.749596
1004	691.135600
203	693.725820
776	693.977730
115	696.097702
32	696.115970
1173	697.271352
2349	699.142247
29	700.772182
1050	700.923454
17	705.458756
428	707.696241
762	713.583334
4897	713.960838
606	714.983653
1218	719.432816
704	721.835345
2606	722.965322
158	722.595029
6917	726.561381
1111	726.734943
6226	727.961735
92	730.151544
21	730.284030
20	731.709578
27	733.940022
53	737.625115
23	738.141802
811	738.860451
19	739.845067
83	744.153723
59	744.489753
118	744.861276
136	746.219159
69	746.365978
13	747.631235
16	748.393607
16	748.775672
48	751.467551
3028	752.959024
5351	755.630584
988	758.525443
76	759.565141
13	759.580644
519	760.246179
75	765.182914
2354	767.337080
91	769.219963
2290	772.639768
31	773.963110
23	774.853512
534	776.082255
13	776.464684
66	779.593793
6916	781.150076
402	781.223521
32	784.938495
4565	785.131333
46	786.143611
22	789.493668
15	793.587032
2325	794.095204
343	794.895601
20	796.334959
2278	800.967819
786	801.290888
553	801.404202
1293	802.217279
18	804.008678
25	804.714154
13	805.577496
15	806.739193
117	807.508998
749	808.561502
14	813.710366
383	813.787527
21	816.724557
36	817.162259
20	817.398817
18	819.216496
463	819.933230
3000	821.290688
81	821.967148
40	822.022147
868	824.374807
49	825.980511
1032	830.252682
716	830.595946
2345	830.733771
88	832.580586
17	832.890351
1971	833.107062
210	833.435210
25	836.824917
830	838.485181
552	839.325556
78	839.174847
1196	840.428582
50	844.604970
25	846.935464
25	847.335198
197	848.216222
131	848.863357
41	849.174154
30	851.978130
238	853.714049
1776	855.841441
6884	857.654531
20	857.777084
43	859.588097
17	859.793883
19	861.995354
4207	864.431626
853	865.296477
27	865.939895
83	867.158269
68	868.042238
25	869.696792
48	870.538832
44	873.306585
61	874.291895
13	876.484468
2136	877.041935
746	879.368180
55	882.001969
64	883.667584
1450	884.848299
4816	884.890447
20	886.495923
10	886.599853
43	890.392094
20	891.335310
117	892.488711
6808	892.401993
21	893.779343
22	898.205364
900	898.332460
199	898.356838
727	900.237117
19	902.347411
116	902.320435
514	905.659581
1660	907.391641
125	907.840584
78	909.378960
22	912.004045
8	913.027886
20	913.144227
25	913.446074
51	917.033696
28	917.560694
15	918.146875
39	919.273324
12	919.760357
35	920.703827
723	925.127975
247	924.904491
3557	925.855452
111	928.769873
30	929.323532
2272	930.005264
989	931.308108
1540	932.457703
105	932.711300
1387	935.622823
60	935.866826
780	936.505149
264	941.628265
3981	944.382725
20	947.430834
4188	950.664050
841	954.433420
2714	956.116583
19	960.262977
18	960.317670
12	961.081171
1453	961.514252
744	962.009041
1522	962.842624
45	963.805411
659	964.362222
19	965.543754
404	966.771089
1220	966.952034
12	967.581031
655	973.870799
178	975.308607
864	975.841265
16	980.285079
286	980.445487
39	980.413438
86	981.006544
32	981.341646
36	981.924313
1190	982.758990
4604	985.522978
121	986.704434
1828	987.605841
29	988.893551
29	989.071290
3189	990.707213
56	992.298005
47	993.482742
32	994.833772
30	996.469488
1086	998.687692
4373	1000.593201
1463	1001.793373
46	1004.581094
773	1007.906316
1246	1008.660329
14	1010.347456
4154	1011.138408
1125	1011.503093
35	1011.395402
2555	1012.157127
15	1013.481580
274	1014.761282
56	1015.534409
107	1015.612292
21	1015.890895
28	1016.809148
1165	1018.726970
20	1019.133586
18	1020.788192
1603	1022.493380
19	1023.587779
16	1023.407647
362	1024.260167
18	1024.469871
32	1027.270870
46	1029.398261
50	1030.153912
903	1031.662710
18	1034.489839
1110	1034.410580
3495	1034.772940
3104	1039.063508
1266	1040.692203
1837	1040.633633
1902	1041.606617
1870	1042.732139
2426	1042.510124
660	1044.018859
14	1045.644443
2275	1047.042906
508	1049.685564
59	1051.100281
46	1056.497120
3933	1056.986899
1854	1058.043473
54	1058.364052
520	1063.721423
535	1064.308920
15	1064.534697
2550	1064.504324
1298	1064.746298
101	1065.681355
17	1066.105602
1309	1066.445176
1912	1069.434722
17	1073.687095
957	1073.926369
40	1075.021877
24	1078.512841
19	1085.605958
1631	1085.842975
27	1086.371718
35	1090.015724
52	1090.421221
10	1094.297483
22	1096.954204
29	1101.481354
298	1104.441684
171	1108.450429
31	1110.311090
158	1111.282873
37	1111.374691
107	1112.264004
545	1112.347857
10	1115.000906
4033	1115.383671
15	1115.424755
705	1116.885411
923	1117.610172
483	1117.688168
21	1118.654999
853	1119.568031
29	1120.507458
24	1121.518240
77	1122.223384
33	1123.696813
25	1127.376898
1285	1128.660164
854	1129.805590
1131	1131.326196
98	1134.788212
1740	1135.159453
993	1135.531348
28	1136.343979
4617	1137.339143
414	1143.366346
20	1146.673992
1913	1147.809409
234	1148.887064
1229	1149.348356
11	1149.789471
12	1150.879746
2485	1151.862053
978	1152.025105
13	1153.246738
807	1154.005133
45	1155.594177
2614	1155.621124
301	1156.035253
42	1156.852879
161	1161.920391
501	1162.860876
73	1163.977553
1203	1169.194816
3715	1171.731759
89	1171.709129
39	1173.395460
409	1173.402170
25	1175.160807
208	1181.006969
4745	1182.463501
680	1183.058961
260	1185.125649
166	1185.609117
14	1186.433995
104	1186.734599
590	1188.899516
42	1189.797116
6042	1190.783900
70	1193.617652
27	1195.234112
1228	1196.326714
18	1196.756676
59	1197.861134
1665	1199.009443
28	1200.557905
39	1203.443358
489	1205.290311
6572	1206.937658
3395	1209.477483
37	1214.297427
1892	1215.831477
7	1218.853181
1010	1222.048190
22	1222.880519
1028	1224.945114
1225	1225.619077
1147	1227.321770
790	1227.647822
23	1228.147635
231	1228.715029
20	1229.452659
20	1230.184120
19	1232.447146
15	1232.993430
14	1233.130063
1171	1233.380683
16	1233.688165
653	1235.300565
86	1236.275188
671	1238.725592
2394	1238.784981
2004	1240.227367
90	1242.911049
2839	1244.441011
22	1246.268541
1540	1250.105126
2844	1251.187896
1166	1254.003307
13	1255.788385
25	1255.972924
22	1256.134062
17	1257.645846
14	1257.713495
17	1257.927842
609	1258.939972
172	1259.564753
100	1261.914917
37	1262.056350
654	1262.394970
30	1263.644372
639	1263.862565
85	1265.194527
850	1265.319467
44	1266.097228
695	1266.732629
99	1269.463986
269	1271.113849
72	1273.507305
20	1275.604488
5534	1275.709697
53	1276.124505
20	1279.872129
3261	1281.658864
85	1283.000892
11	1283.872341
792	1284.587589
806	1285.735177
20	1289.461325
2861	1290.663686
3883	1292.001629
109	1293.119536
19	1293.174525
69	1294.028543
12	1296.416069
4232	1296.724627
18	1296.514108
85	1296.768653
3182	1297.020867
72	1297.406785
139	1298.619016
31	1298.905137
579	1299.153233
20	1301.863204
2242	1301.762901
273	1305.694271
181	1306.430043
20	1307.615774
49	1308.171447
273	1314.134160
614	1314.513127
964	1315.050901
561	1315.630699
55	1317.128265
55	1318.788433
25	1319.093397
2009	1320.446309
66	1321.042381
1783	1321.545097
5378	1323.416731
13	1323.980029
19	1326.180926
1547	1327.766159
3424	1328.843438
54	1328.938350
309	1329.315292
180	1330.714888
14	1331.406059
825	1333.982295
46	1334.579921
693	1334.784982
1325	1339.479163
4780	1340.227340
245	1342.266494
78	1342.872136
48	1344.002704
67	1346.237092
18	1346.483298
16	1348.789996
10	1353.408061
23	1353.645988
4995	1355.480969
49	1358.928676
489	1359.155736
885	1359.217532
24	1360.030589
687	1361.111737
1530	1361.911537
16	1364.530807
26	1365.684500
95	1368.728557
51	1368.909342
883	1368.833782
46	1369.472421
18	1369.956866
62	1371.109997
12	1375.551504
252	1376.310366
666	1376.197822
20	1376.737772
1316	1378.472412
268	1382.166723
25	1384.794177
4107	1386.188886
13	1386.773763
14	1387.426733
31	1390.446503
34	1394.352964
56	1394.065306
4973	1394.196820
1851	1395.175972
4657	1395.221943
248	1397.862963
25	1397.900167
35	1398.863453
10	1402.174820
45	1404.986143
28	1407.004494
64	1408.498781
27	1409.464258
2116	1409.426454
21	1410.659038
5197	1412.695537
27	1415.370064
22	1416.191760
90	1416.868605
49	1416.977789
884	1419.425457
18	1420.158062
422	1425.089685
37	1425.477652
22	1425.940139
744	1428.928289
47	1429.087970
19	1430.535109
13	1430.604146
15	1431.056139
23	1431.380191
2009	1434.739134
285	1435.227398
81	1435.778213
9	1437.990035
3649	1441.355587
2410	1441.856520
673	1442.124511
1263	1443.311541
19	1444.322115
1073	1445.596289
37	1445.746726
205	1446.443248
2791	1452.160636
785	1452.705359
26	1454.239231
2548	1457.524699
851	1457.529916
34	1458.869805
1237	1459.443681
30	1460.417461
88	1461.608014
39	1462.734609
90	1463.593908
1288	1464.976728
122	1466.488123
4959	1466.536813
17	1466.785772
651	1467.111591
28	1470.160270
1154	1471.656252
5634	1475.302578
15	1476.760323
499	1481.989853
130	1482.309556
17	1483.774381
1547	1483.598232
18	1483.958524
12	1484.868207
94	1485.953104
1330	1486.482211
277	1489.360302
82	1490.068323
8	1493.300341
118	1495.334700
1503	1499.166543
667	1500.480048
34	1502.239310
1365	1502.815146
293	1505.512336
31	1506.302418
35	1508.484221
2543	1512.047445
87	1512.903824
22	1513.346811
11	1514.218558
12	1514.520345
530	1514.750663
837	1517.223273
685	1518.656392
1418	1520.087607
38	1519.996259
50	1520.822805
912	1521.569933
17	1524.048765
1196	1525.623290
1019	1530.020783
739	1532.480053
1796	1534.093648
1332	1534.123674
17	1535.773027
27	1536.805151
5113	1537.175478
12	1537.686253
1676	1538.414948
93	1538.507929
47	1541.555624
460	1541.783559
20	1543.331444
319	1544.775192
1603	1544.987996
1402	1544.904691
23	1546.489126
3556	1548.375513
1686	1549.283261
1679	1549.534166
18	1549.948374
230	1550.233985
906	1555.459422
98	1557.749456
49	1559.099380
111	1561.518474
1169	1562.000219
45	1563.012052
59	1564.103457
15	1565.285870
72	1569.795287
20	1571.868357
44	1575.197086
1889	1575.508814
26	1576.587656
3443	1576.621371
85	1577.228094
911	1579.428644
1965	1581.355275
16	1582.509763
20	1589.961419
14	1592.621989
14	1593.492477
355	1593.558729
67	1596.354828
64	1598.670475
1136	1601.137322
15	1601.317477
22	1603.389947
8	1607.867881
24	1608.766880
114	1609.528805
164	1609.465945
844	1613.501877
558	1615.651860
126	1616.056146
688	1616.965238
132	1617.996549
199	1623.582511
31	1623.597961
5924	1625.121402
9	1633.822233
15	1634.951384
24	1635.337886
22	1639.685339
76	1640.611190
543	1645.301479
34	1645.616234
675	1650.773856
1815	1655.737788
37	1657.113543
905	1660.402323
50	1661.349806
20	1666.107302
96	1666.071352
29	1667.338469
1677	1669.242827
78	1675.264666
82	1679.780671
6101	1679.845608
45	1680.576882
35	1681.178175
99	1682.258101
39	1682.942956
203	1683.477282
28	1684.162505
1848	1686.266911
81	1689.453128
164	1690.502673
17	1691.489559
9	1692.611271
118	1694.751357
12	1695.853370
56	1696.635727
25	1696.759160
28	1697.587891
25	1697.919922
45	1702.806939
50	1708.145465
40	1708.204891
32	1707.978874
202	1713.475617
1790	1720.143011
19	1723.529473
1443	1727.082749
1195	1727.297721
19	1729.586364
1098	1729.939920
615	1732.516569
29	1733.712437
22	1734.398602
42	1734.492807
5569	1734.583305
207	1735.390993
13	1735.554841
79	1735.611361
847	1738.731254
7	1742.591793
13	1744.713434
32	1751.248787
29	1752.551166
2709	1753.149721
101	1753.874204
18	1754.879201
1194	1755.275836
735	1755.588932
128	1755.932523
16	1756.586040
3779	1757.019024
159	1757.702212
781	1757.948153
9	1761.997295
18	1762.123589
1448	1762.157447
299	1763.338374
12	1763.797000
1328	1764.291021
18	537.892625
30	1764.878555
36	1767.287489
14	1768.240957
47	1769.767162
37	1773.246754
337	1776.876013
62	1777.607259
5792	1778.531355
24	1780.752164
196	1781.985105
34	1783.226167
5995	1783.471540
22	1783.930931
4956	1784.029523
33	1787.731122
2424	1787.681131
6467	1788.346453
116	1790.232490
3999	1790.541155
18	1790.890679
140	1792.379486
108	1793.049198
45	1793.326909
523	1796.025189
110	1796.781691
1382	0.000155
2948	0.090829
55	0.335919
118	0.396072
33	0.494755
1930	1.496613
971	1.880982
67	1.934423
12	2.207310
3784	2.588272
23	2.836282
5054	3.278485
17	3.968035
1981	4.069886
79	5.121700
30	5.985418
24	7.374435
58	7.540743
22	7.806187
111	8.003347
37	8.271149
14	8.825664
2058	9.371324
15	10.239068
805	10.235594
828	10.574196
21	11.040398
68	11.153501
2642	11.188274
12	11.382559
19	11.481124
19	12.241035
22	12.615017
7	13.096934
66	13.269344
58	13.482838
27	13.793989
130	14.046467
54	14.254370
3788	16.470258
950	16.819929
22	17.101424
1499	17.440198
29	17.444837
4169	17.561954
25	17.854967
24	18.140633
82	18.258953
2998	19.693146
3956	20.215780
120	20.721487
73	21.073167
133	21.134745
44	22.465960
47	22.557139
1067	22.873225
19	23.184169
32	23.378730
304	23.393964
693	24.502154
2916	24.712704
19	25.102061
45	25.257371
2617	25.533257
100	26.014272
1039	26.764199
341	26.909491
4142	28.174037
2639	28.241431
588	29.890785
35	31.332834
107	31.566248
11	31.944072
27	32.052583
47	33.654255
48	33.763320
1684	33.967099
28	34.200747
37	34.476586
5734	34.504841
1130	34.559666
47	34.893523
73	34.926749
30	35.034893
38	35.145748
14	35.678354
1538	36.513954
26	37.223096
4459	38.572233
64	38.667698
38	38.714071
1796	39.439537
13	39.449625
29	39.543395
5559	40.225993
75	40.391951
19	41.023554
23	41.400588
41	41.763126
76	42.268485
19	43.391288
260	43.773956
13	44.140117
32	45.058619
8	45.137089
101	45.636702
5253	46.094350
3971	46.355496
103	46.855569
23	47.382141
41	47.708442
15	47.940298
17	48.158434
70	48.942559
10	49.378360
177	51.009753
31	51.369003
126	51.439828
15	51.718048
31	51.783052
21	52.038773
14	52.427024
1169	52.778995
26	52.921601
24	53.556596
16	55.752435
22	56.365933
13	56.496489
53	57.764266
88	59.402216
21	59.559559
7	59.828053
17	60.444946
20	60.574676
1861	62.183966
2827	62.599566
5929	62.713878
6573	63.432020
1212	63.925550
2973	64.273151
13	64.945758
20	65.461523
5935	65.524883
25	65.981104
376	66.588783
326	67.345841
23	67.499597
29	68.313416
20	69.214850
3256	69.833737
1140	71.734333
2520	71.912745
7	72.321715
24	73.474718
27	73.876192
3144	74.513516
737	75.129291
1818	75.208211
1891	75.982072
44	76.030575
2074	76.101194
18	76.313285
26	76.378325
7	76.679936
18	77.207478
1265	77.877610
36	79.280858
32	79.436421
1573	81.299681
38	82.733855
15	83.274489
118	83.271809
62	83.663737
29	84.707792
19	85.023323
20	85.635184
45	87.282292
5195	87.321303
221	87.386229
3628	87.550911
140	87.891730
21	88.226749
10	88.446916
1680	88.454684
6302	88.852945
3559	89.222264
53	89.262090
18	89.494531
15	89.879673
2218	89.970960
3179	90.310092
775	91.117968
3737	91.154708
39	91.494300
82	91.712231
328	92.183980
5135	92.537576
16	93.085793
1835	94.122780
14	94.255682
62	94.484936
394	95.006222
2420	95.353578
1383	95.605918
30	95.929221
10	96.118369
38	96.132609
15	96.414737
1478	96.652619
64	97.025362
2618	98.133009
2736	98.685355
26	98.915291
686	100.802635
35	100.859206
25	101.402941
468	101.921751
204	102.165559
67	102.860116
13	103.117562
94	103.347897
4971	104.830090
131	105.154258
24	105.238816
56	105.518325
16	105.876909
49	106.603817
222	107.500822
20	107.711428
16	107.798185
602	108.252294
483	108.696155
1011	109.959300
27	111.559110
45	111.698558
41	111.870472
1927	110.472965
41	113.128736
339	113.511657
44	114.096145
361	114.270646
15	114.298763
592	114.590937
489	114.652361
2834	114.858479
828	114.958377
22	115.447593
4227	115.528589
78	115.838913
1204	116.305200
2524	116.371991
49	116.700769
913	116.921317
12	118.072667
2255	118.886620
2740	119.332574
78	120.001087
12	120.439589
913	120.588024
58	120.635764
16	121.353031
5498	122.783733
313	122.867467
2944	123.231445
19	123.529864
19	123.558415
17	123.592040
12	124.473804
30	124.692194
22	125.002119
86	125.124354
1053	125.450419
710	126.645603
32	127.027930
1161	127.308825
1309	127.798502
9	128.407596
15	128.943714
3182	129.220454
2215	129.278777
80	129.852934
205	129.885188
34	129.924542
38	130.099066
67	130.451390
45	131.158189
50	131.527811
186	131.827283
1687	131.998841
140	132.105587
52	132.274737
125	132.313123
72	132.968612
20	133.023021
904	133.795166
1756	133.853962
376	134.481937
86	135.122425
436	135.709332
199	136.514297
99	136.694068
1184	136.703386
1350	137.370886
14	137.743382
267	138.066717
12	138.225092
18	138.269358
2320	138.763335
23	139.194452
27	139.361688
1040	139.610215
18	139.657264
40	139.867419
1079	140.348955
36	140.827165
59	142.253313
3017	142.431353
10	142.670855
1184	144.319235
735	144.733507
50	144.754499
30	145.566424
867	145.871094
22	145.924408
3148	146.048071
2340	146.245680
69	146.765076
212	147.226966
61	147.395074
27	148.304584
49	148.371220
1231	149.034746
127	149.310966
1655	150.529104
5400	150.599680
20	150.700007
56	150.933576
129	151.115560
21	151.665507
715	151.784971
36	152.780490
90	153.365788
372	153.566002
51	153.657673
24	154.467880
50	154.500662
45	154.740904
33	155.060626
37	155.448994
31	156.400083
1799	156.433945
2462	156.440539
4227	157.242260
3589	157.437375
16	157.464217
509	158.571388
4082	158.604544
132	158.672285
65	160.149718
12	160.163019
11	160.553490
51	161.516944
550	161.558334
1106	161.840912
766	162.299583
160	162.324350
1367	163.207103
26	163.963945
19	165.287306
47	165.388982
40	165.556938
34	165.765125
14	165.879700
40	166.170539
79	166.942791
368	167.126187
24	168.649157
20	168.697572
70	168.894108
36	169.537381
11	169.788986
26	169.807453
1379	169.874607
83	169.894761
12	170.462630
372	170.757643
21	172.096354
93	172.328555
43	173.314170
18	174.174002
23	174.399802
24	174.466310
837	174.696576
20	175.023508
4800	175.006422
525	176.344639
1480	177.352824
44	177.493808
76	179.117495
2264	179.133030
2228	179.235898
60	179.374632
90	179.591383
135	179.822099
45	180.690168
104	181.805146
328	182.251057
2531	182.824613
62	182.935677
339	183.408328
21	184.196488
22	185.547296
3408	185.814541
18	185.837398
738	186.534273
389	187.376921
27	187.671606
28	188.258120
5817	189.407406
4366	190.392765
15	190.413471
71	190.438008
441	190.736596
27	191.976754
12	192.052126
1715	192.107036
1003	192.396701
68	192.613960
1164	192.753764
272	193.204188
24	193.404806
20	193.541434
24	193.589357
135	193.753399
1565	194.881862
485	194.943088
26	194.965798
35	195.932758
282	197.232349
22	197.669497
684	197.674418
89	198.030036
73	198.059573
819	198.983489
23	199.431348
20	200.255206
14	200.420028
688	201.087394
16	201.404519
47	201.607974
33	201.671562
23	201.875987
402	202.395568
68	203.092514
5219	203.230258
1315	203.305588
2892	204.054415
3843	205.094872
4416	205.133831
373	206.051171
14	206.667897
38	207.189237
18	207.581710
17	209.250198
318	209.425128
19	210.313282
23	210.601432
1375	211.755007
620	212.055413
1342	212.496041
128	212.923845
1594	213.535806
32	214.238144
20	215.388993
3750	216.114754
20	218.004834
1685	218.026868
17	218.055993
22	219.169642
24	219.459213
589	220.021358
88	220.481241
1274	221.035423
48	221.794647
706	221.964949
33	222.042284
35	222.324801
919	222.522895
41	223.175910
19	223.703983
1120	225.220690
972	225.480412
1048	225.860382
20	226.919828
1241	227.171463
164	227.433098
1321	227.598539
36	228.122059
3998	228.114029
15	228.741949
43	228.818188
55	228.824212
118	229.239513
15	229.415417
297	229.536266
36	231.727357
22	232.316180
27	233.026614
19	233.759771
45	233.997822
1084	234.005585
7059	234.103818
1473	234.610630
1319	235.972408
3904	236.191519
33	236.997371
6237	238.205766
2280	238.600947
63	238.679866
23	239.067369
17	239.237648
513	239.304461
123	240.196306
168	241.112999
151	241.054238
16	242.082476
824	242.277683
225	242.836979
75	242.930410
85	242.828775
97	243.376356
31	243.567253
23	243.965136
3424	243.992289
17	245.128141
28	245.213484
840	245.814701
31	246.135899
13	246.402339
1676	246.513519
66	247.055916
40	246.989974
4838	247.493279
333	247.716563
25	248.181148
222	248.312363
30	249.241320
4003	252.049074
55	253.589901
6199	254.184604
17	254.538161
191	255.293708
1056	255.528187
1681	256.067937
802	256.435731
219	256.752006
105	256.999458
3654	257.895036
1233	257.904859
23	257.876711
2197	258.265275
1540	258.449955
1794	260.657174
19	261.883758
3223	262.221568
1180	262.707026
116	263.361883
20	264.168352
8	264.888617
19	265.190669
1911	265.385564
1707	266.430837
134	266.376247
3485	267.044874
9	268.644868
515	268.778448
893	269.057956
13	269.140308
22	269.681516
34	269.742862
9	270.279262
957	270.925163
17	271.203085
322	272.974363
6968	273.137912
11	274.588620
32	274.494424
22	275.473522
35	276.586965
1310	277.006651
122	277.236271
18	277.105887
600	277.146046
19	277.316280
629	277.884117
81	279.130252
10	279.489569
5073	281.655213
18	282.312887
4816	282.477290
1284	283.165130
85	284.073173
539	284.222174
200	284.526332
108	284.380435
40	286.161671
110	287.409296
33	287.574359
35	287.605262
208	288.112756
3917	288.098912
14	288.525114
1963	288.980320
2274	289.227596
27	289.685431
3969	289.783116
53	289.675820
53	290.664924
712	291.308093
4554	291.296746
17	291.980489
17	291.723183
36	291.813288
1918	292.190629
3082	292.799590
27	292.796496
1899	292.964641
107	293.408229
1664	293.691738
532	294.510832
97	294.812487
290	295.392141
1268	295.409471
21	296.248575
702	296.165076
38	296.975149
1167	297.079449
1389	297.158668
688	297.553354
65	298.971009
1410	299.169855
9	299.866418
14	301.360445
24	302.726839
91	303.677532
16	303.821414
16	306.183515
7095	306.739524
247	306.517285
2201	307.099622
2494	307.336493
18	308.150949
26	308.736667
300	308.789869
134	309.004789
5813	309.759045
117	310.493155
34	310.989092
1321	311.605743
40	311.807108
1479	312.917869
19	313.296783
18	313.373128
28	313.549866
19	313.471571
2628	313.975250
11	314.510435
57	314.529525
1306	314.708060
681	315.201841
1920	315.309528
259	315.503406
26	315.860906
46	317.053174
11	317.167260
650	317.421474
53	317.777471
2769	317.788624
9	318.292616
582	318.104687
110	319.625934
27	320.281178
670	320.674420
29	321.525610
2173	322.093747
1052	322.731923
1828	323.093342
5079	323.268598
37	323.525829
52	324.826943
3587	325.718973
944	325.834937
42	327.515442
41	327.762793
38	327.736194
59	328.943949
12	329.673173
32	329.487407
67	330.227265
10	330.931044
22	331.338139
29	331.951273
1453	332.512881
1733	332.532269
221	333.484578
73	333.208277
782	333.561994
84	334.748984
1218	335.038531
18	335.897069
36	336.157091
12	337.119045
725	338.051458
45	338.567809
5309	338.839561
17	339.200273
1181	339.921193
659	340.002867
4949	340.216553
23	341.087758
2155	341.846156
15	342.734298
22	342.663378
23	343.234259
1038	344.103760
5908	344.014005
20	344.957137
25	345.324715
342	346.645895
940	347.737164
40	347.977309
1255	348.135100
40	348.431843
775	350.709565
550	350.589422
595	350.805456
27	351.306114
67	351.437518
68	351.712033
38	351.909673
19	353.273433
7	353.948704
29	354.751652
27	354.764817
32	354.997867
39	355.626780
460	356.250389
56	356.348929
1580	356.821123
18	357.026125
1252	357.897296
44	358.068259
55	358.215680
639	358.727023
375	359.054319
628	359.390257
22	359.757150
17	360.201973
22	360.690063
10	360.775567
33	361.218696
34	361.061879
27	361.720890
66	361.747162
4528	361.827794
79	362.146940
555	363.302950
1132	363.535974
789	363.558496
17	363.828103
4921	364.455387
230	364.772987
960	366.005013
2046	365.267595
16	366.375363
25	367.718260
1392	368.150957
15	368.539637
20	368.923243
86	371.533451
20	371.870599
847	372.757695
2708	373.745124
32	374.378248
116	375.623963
20	376.042668
18	376.073848
25	376.006085
1237	377.336355
2572	377.552039
2802	377.878862
76	378.121474
18	379.497171
