47436	82.0778	3132.6179	32139800	9.235103	100.0000
59876	95.4196	1006.0320	11999400	47.039088	100.0000
38596	95.3199	845.8756	10078600	1068.150393	100.0000
40686	92.2223	2202.0542	25384800	1515.264993	100.0000
55612	95.2852	1144.2699	13629000	1537.629820	100.0000
49214	89.1225	2017.5012	22475600	151.357773	100.0000
34084	95.6247	847.0443	10124800	597.148107	100.0000
34184	95.5103	1738.6853	20757800	600.477172	100.0000
59392	94.4132	1216.2881	14354200	725.058724	100.0000
56194	91.7593	1677.3282	19238800	848.043334	100.0000
53634	94.5965	1777.8587	21022400	879.363372	100.0000
55620	91.1637	1924.9058	21935200	972.632262	100.0000
43254	94.1125	995.0132	11705400	1065.538821	100.0000
39708	84.4687	2721.3496	28733600	1217.048695	100.0000
34446	88.7558	1313.6267	14574000	1227.779836	100.0000
45508	93.9749	1347.1003	15824200	1257.041816	100.0000
43928	91.5683	933.9828	10690400	1289.320291	100.0000
50652	95.6251	991.9240	11856600	1497.967783	100.0000
48182	50.8267	3475.2452	22079400	1510.257390	100.0000
58418	95.6118	938.8804	11221000	129.006079	100.0000
48384	91.4106	2198.3275	25118800	668.614238	100.0000
46286	80.7771	2504.4931	25288200	822.886268	100.0000
33910	84.7514	1082.5832	11468800	1345.651833	100.0000
55908	85.6126	1647.0466	17626000	1757.831903	100.0000
41586	95.5829	952.0533	11375000	240.989916	100.0000
38856	65.5344	2400.1555	19661600	290.093379	100.0000
40514	95.6223	1235.5773	14768600	516.383506	100.0000
39260	95.5947	846.0220	10109400	524.906730	100.0000
43798	94.7608	1167.9761	13834800	591.271708	100.0000
53684	94.7008	2370.6666	28063000	633.520626	100.0000
44608	88.8125	2126.5656	23608200	697.080538	100.0000
40070	73.3597	1595.8839	14634200	917.179888	100.0000
46406	67.1008	2873.0742	24098200	1006.215994	100.0000
51192	65.2392	2167.5815	17676400	1382.888640	100.0000
39102	57.6596	1681.7600	12121200	1788.448413	100.0000
57666	71.6607	3396.6963	30426200	294.926248	100.0000
59040	95.0484	1002.7729	11914000	1003.409641	100.0000
37360	95.0747	1779.5182	21148400	1331.005173	100.0000
49834	90.8461	2779.3463	31561600	1591.077944	100.0000
45682	91.4871	1626.0043	18594800	27.686393	100.0000
34520	79.2898	1313.5214	13018600	59.601138	100.0000
59506	81.3082	1605.8608	16321200	177.571821	100.0000
32822	95.3886	966.6735	11526200	386.802196	100.0000
38286	67.4985	1716.7071	14484400	823.236220	100.0000
40222	61.2639	1853.7512	14196000	997.719196	100.0000
43648	82.4702	2246.9212	23163000	1061.659470	100.0000
36404	79.5094	3261.0001	32410000	1346.090804	100.0000
55688	95.4144	1133.0951	13514200	1662.917966	100.0000
47960	69.5429	1322.2341	11494000	12.725635	100.0000
38926	95.0861	1438.8987	17102400	189.528030	100.0000
41866	74.5660	1887.7444	17595200	453.001144	100.0000
38384	76.1550	1605.1047	15279600	537.698981	100.0000
50326	95.3597	2183.6303	26028800	649.296220	100.0000
55292	53.6076	2271.2318	15219400	667.559420	100.0000
39544	53.2198	4361.1115	29012200	668.155741	100.0000
44238	77.0557	2101.6059	20242600	841.665345	100.0000
42244	55.5914	3866.6123	26868800	957.753536	100.0000
60492	88.8417	1279.0751	14204400	1147.305216	100.0000
59354	85.3350	965.0629	10294200	1583.548273	100.0000
45288	95.2986	1281.8490	15269800	1672.413796	100.0000
54380	70.5016	2081.7223	18345600	602.755415	100.0000
36724	74.0774	1615.0454	14954800	659.510420	100.0000
42594	94.8134	1501.2731	17792600	760.043196	100.0000
60404	44.8711	2617.0941	14679000	1027.819484	100.0000
46866	87.0262	1277.3172	13895000	169.769946	100.0000
42636	56.9562	3336.6267	23755200	194.504517	100.0000
55914	68.1944	1833.2069	15626800	741.472289	100.0000
54306	95.3257	1065.5343	12696600	873.113783	100.0000
46888	95.2662	1365.8743	16265200	1448.208223	100.0000
33994	44.5085	1997.9983	11116000	1625.286719	100.0000
45134	93.4530	1680.2463	19628000	1688.546400	100.0000
59206	70.7868	1905.4634	16860200	237.517352	100.0000
55854	95.6153	1372.7179	16406600	1100.964317	100.0000
53406	82.6340	1494.1640	15433600	1468.161457	100.0000
55860	92.2191	1779.4832	20512800	1620.852641	100.0000
46348	95.4655	2172.8818	25929400	1679.405402	100.0000
60006	93.9128	2257.3449	26499200	136.270399	100.0000
46838	94.9955	1932.8581	22951600	170.969215	100.0000
48668	92.1187	2205.3800	25394600	186.614194	100.0000
48740	95.3062	1774.1388	21135800	195.736524	100.0000
45462	90.1603	1178.1321	13277600	226.134340	100.0000
42080	94.2858	1291.5791	15222200	250.427427	100.0000
49136	93.0807	1855.9026	21593600	505.140981	100.0000
59566	61.4226	1367.7572	10501400	678.988679	100.0000
49388	87.3185	1550.0949	16919000	691.798439	100.0000
60686	86.1826	1838.1058	19801600	905.215606	100.0000
52984	87.0152	1564.3787	17015600	987.331491	100.0000
53070	93.9572	1624.6202	19080600	1075.105289	100.0000
35986	87.0925	2454.5675	26721800	223.087212	100.0000
53778	90.6125	986.8487	11177600	396.254883	100.0000
35648	46.2470	1739.3215	10054800	453.573570	100.0000
52760	70.1078	2298.2212	20140400	614.716747	100.0000
43282	50.9121	2664.7016	16958200	668.584231	100.0000
58410	94.0581	1948.4291	22908200	804.298544	100.0000
40108	82.5515	1632.0100	16840600	851.162221	100.0000
50018	95.1944	921.7014	10967600	920.476710	100.0000
38602	79.9583	1399.1901	13984600	953.440492	100.0000
43378	90.8441	922.8119	10479000	1493.286520	100.0000
54380	83.0008	1736.1190	18012400	1555.567688	100.0000
59256	93.6000	945.6584	11064200	1599.166685	100.0000
41234	87.4849	1632.9223	17857000	220.123339	100.0000
45246	94.8720	1079.0117	12796000	483.262585	100.0000
44612	92.7233	1709.4132	19812800	659.584571	100.0000
54256	71.2964	1337.6273	11921000	666.851621	100.0000
55564	95.2982	1629.1432	19406800	1450.406755	100.0000
55080	92.8269	2069.2275	24010000	1469.436026	100.0000
40302	88.5054	987.4377	10924200	485.488300	100.0000
58874	84.3587	1162.7675	12261200	495.165090	100.0000
44188	53.0778	1796.9685	11922400	658.660956	100.0000
40556	93.5483	930.0176	10875200	1386.509429	100.0000
45278	93.0641	1163.8777	13539400	1399.135378	100.0000
57266	78.9635	1224.6262	12087600	1414.204728	100.0000
52256	89.1644	1591.6120	17739400	1434.955585	100.0000
57438	73.8567	1229.3857	11349800	1512.049184	100.0000
54114	95.1977	874.4913	10406200	77.920049	100.0000
54430	84.1533	2799.1581	29444800	465.908996	100.0000
43418	95.6254	1341.5346	16035600	512.519765	100.0000
60566	90.8987	988.4235	11230800	759.948410	100.0000
37142	95.4428	1909.1319	22776600	770.828658	100.0000
56058	65.3860	1261.8966	10313800	830.032798	100.0000
36318	59.3202	1934.6934	14345800	830.215641	100.0000
34796	95.1071	856.6007	10183600	888.415981	100.0000
44670	95.6221	1190.1343	14225400	1014.514279	100.0000
46604	95.4864	1064.5615	12706400	1593.131040	100.0000
53410	95.2634	2571.4652	30620800	1627.674365	100.0000
42708	94.7618	1896.0206	22458800	1644.041470	100.0000
34368	80.3281	1757.9114	17651200	1685.069961	100.0000
45358	94.2616	1102.6332	12992000	45.185593	100.0000
44808	93.8539	966.9667	11344200	302.773515	100.0000
48034	95.1927	1057.4927	12583200	471.381541	100.0000
41088	45.5062	3119.8188	17746400	569.715582	100.0000
42930	72.1268	2527.5252	22787800	621.741849	100.0000
55988	92.1347	2563.9690	29528800	787.370105	100.0000
46030	95.4324	1026.7874	12248600	1160.466565	100.0000
59212	74.1943	1907.0152	17686200	1206.420054	100.0000
59536	53.9697	1525.7166	10292800	1418.538017	100.0000
35346	66.9718	3598.0503	30121000	1479.155597	100.0000
33952	95.6052	1059.4905	12661600	1597.861318	100.0000
45358	88.1122	961.5918	10591000	351.931127	100.0000
48002	60.9150	4246.6806	32335800	440.161378	100.0000
58394	94.9170	940.6786	11160800	713.715323	100.0000
37190	95.5516	1109.5495	13252400	765.521735	100.0000
39184	51.1642	1881.9105	12035800	842.505913	100.0000
35122	90.9210	2698.2197	30665600	1055.190914	100.0000
44074	95.0348	1612.0908	19150600	1271.725553	100.0000
50994	77.9365	1631.7891	15897000	1356.531422	100.0000
51282	94.3520	2247.0744	26502000	1514.986295	100.0000
42614	80.9690	1816.4778	18384800	1787.877764	100.0000
35188	94.2279	991.0606	11673200	135.427563	100.0000
60130	95.5707	960.7296	11477200	342.850213	100.0000
46754	94.5550	907.5608	10726800	776.434167	100.0000
33604	95.6473	970.0308	11597600	902.998923	100.0000
48092	95.1964	2635.3944	31360000	1174.855281	100.0000
59428	51.7727	2820.5139	18253200	1562.788550	100.0000
43394	95.1260	1048.8157	12471200	1724.546693	100.0000
41090	92.0287	2022.9158	23270800	300.184297	100.0000
50138	95.1082	972.9380	11566800	738.489393	100.0000
55496	88.4731	2738.4414	30284800	1081.709005	100.0000
32902	94.0028	954.2357	11212600	1096.531652	100.0000
46908	90.4596	2204.8475	24931200	1243.484075	100.0000
34394	78.9256	2116.5256	20881000	1312.676206	100.0000
56924	83.7918	1748.7353	18316200	1651.918897	100.0000
36272	95.6470	1083.1494	12950000	1764.678263	100.0000
54700	88.0323	1498.7223	16492000	182.205995	100.0000
35956	66.0404	3352.5163	27675200	404.630269	100.0000
50312	91.8269	1955.7666	22449000	427.873704	100.0000
46636	93.7920	1259.5706	14767200	464.720784	100.0000
48368	95.0053	1341.6850	15933400	535.403664	100.0000
34942	94.5586	1155.5503	13658400	1275.910676	100.0000
45062	83.0750	2463.9326	25586400	1508.376041	100.0000
53072	72.9266	2295.0848	20921600	1564.561341	100.0000
50812	95.2922	1159.2298	13808200	1634.273298	100.0000
35282	93.3647	2080.9398	24285800	1742.137459	100.0000
35400	83.0126	2098.9386	21779800	21.905450	100.0000
39062	73.3375	1755.8063	16095800	391.021626	100.0000
43946	63.5071	4099.8015	32545800	421.856177	100.0000
36806	95.1368	1050.1092	12488000	445.435398	100.0000
53800	62.9873	3765.5589	29647800	683.905039	100.0000
55712	78.3698	2885.8274	28270200	956.986631	100.0000
50774	94.9412	874.8485	10382400	1032.088516	100.0000
46792	87.4971	1819.9634	19905200	1073.341013	100.0000
36912	90.5141	1165.8560	13190800	1245.200695	100.0000
48640	93.6134	1168.1747	13669600	1357.906624	100.0000
41816	95.3408	1030.1235	12276600	1366.260483	100.0000
47604	35.9510	2934.6584	13188000	1517.088002	100.0000
53684	92.1803	972.9797	11211200	1692.769238	100.0000
53350	95.6020	1125.7173	13452600	1698.108776	100.0000
34198	92.5554	1098.6372	12710600	1743.311462	100.0000
42212	58.8346	2784.4552	20477800	90.478843	100.0000
60322	94.5676	2161.8901	25555600	260.648000	100.0000
44862	95.6322	2048.9326	24493000	277.403539	100.0000
33122	95.4742	1228.3449	14659400	427.641441	100.0000
58576	66.0076	2702.9619	22302000	821.129910	100.0000
36518	95.6099	1004.9668	12010600	834.129267	100.0000
42376	94.5710	1147.3455	13563200	1050.329285	100.0000
58756	64.7322	2009.2869	16258200	1301.317521	100.0000
40224	90.2836	1569.7728	17715600	1753.183531	100.0000
45338	85.0464	2021.7483	21492800	273.151705	100.0000
33032	95.4060	1367.5113	16308600	459.097419	100.0000
48912	86.4350	2197.7584	23745400	607.711139	100.0000
36786	89.0350	923.4478	10277400	697.890589	100.0000
45714	84.9527	2601.6930	27627600	879.730619	100.0000
38582	61.1273	3253.6945	24861200	924.908297	100.0000
49386	87.9556	2251.7006	24756200	933.575480	100.0000
39534	77.3914	1307.5357	12649000	37.526833	100.0000
40488	95.4063	1744.2204	20801200	157.114363	100.0000
35742	94.9137	1065.7940	12644800	159.617818	100.0000
55998	86.6003	1816.1788	19660200	229.136811	100.0000
35488	81.4205	2879.3521	29304800	257.273901	100.0000
43854	89.6108	1428.8285	16004800	540.252035	100.0000
60108	67.7690	1254.2130	10624600	593.584418	100.0000
42954	92.9428	930.4129	10809400	691.930947	100.0000
60384	94.2738	1519.9648	17911600	868.342113	100.0000
48726	57.3349	1635.6097	11722200	1133.838545	100.0000
44376	92.4901	2190.2277	25321800	1161.476854	100.0000
47078	95.0673	2249.3710	26730200	1266.951853	100.0000
55566	88.3243	1931.1195	21320600	1308.721533	100.0000
54544	95.3831	1432.0685	17074400	1563.961611	100.0000
60614	88.2961	1859.9420	20528200	40.759130	100.0000
52782	95.4093	1159.2166	13825000	142.384395	100.0000
40666	57.2041	4100.4349	29320200	569.158246	100.0000
43342	77.4750	2961.0787	28676200	677.846516	100.0000
57200	89.6367	2212.8435	24794000	701.635412	100.0000
38274	95.2616	1592.1465	18958800	717.607696	100.0000
47942	95.4905	1338.7384	15979600	746.097349	100.0000
33632	95.6274	2050.4409	24509800	891.571118	100.0000
59932	31.0656	2710.8091	10526600	918.102100	100.0000
34428	92.1529	1239.0715	14273000	1057.581970	100.0000
51276	95.5023	2037.7656	24326400	1172.784574	100.0000
46420	94.9968	879.1703	10439800	1213.302455	100.0000
36450	95.5694	2310.6821	27603800	1326.328287	100.0000
46396	83.6098	2023.6682	21149800	410.514645	100.0000
57626	55.1245	3454.0005	23800000	421.092153	100.0000
50380	95.5890	1056.7410	12626600	435.534247	100.0000
56490	82.0222	2603.0206	26688200	451.372370	100.0000
49702	95.5491	1407.7794	16814000	494.178698	100.0000
51922	86.1995	1520.1942	16380000	602.082552	100.0000
39420	84.6208	1747.2211	18481400	620.028912	100.0000
53656	93.0296	2712.9072	31547600	638.425867	100.0000
55682	95.5984	2131.3152	25468800	936.343971	100.0000
48094	94.8336	1189.9915	14106400	1174.247882	100.0000
57292	76.4205	2326.1603	22220800	1177.402401	100.0000
41974	83.2405	1993.0876	20738200	1529.181897	100.0000
45780	92.3347	2519.9618	29085000	1604.714430	100.0000
50404	94.0040	2000.3054	23504600	1748.440428	100.0000
50122	70.3156	3180.6999	27956600	70.198066	100.0000
37670	72.4037	1874.3569	16963800	90.096828	100.0000
33042	60.5395	1751.4241	13253800	523.900756	100.0000
59720	75.4131	1108.8153	10452400	602.423789	100.0000
55178	93.5614	899.4819	10519600	906.783947	100.0000
43690	60.3647	3380.5182	25508000	1027.792766	100.0000
34634	59.7900	2299.3814	17185000	1076.605870	100.0000
60968	93.3740	1218.4296	14221200	1112.120487	100.0000
44608	60.8815	3771.4473	28701400	1175.764470	100.0000
38118	52.4807	3130.3241	20535200	1354.587437	100.0000
43252	83.9256	1583.5350	16612400	1699.638346	100.0000
35360	93.4944	909.9496	10634400	1702.767454	100.0000
56590	81.3284	2571.9331	26146400	43.446988	100.0000
54450	94.9859	1525.1953	18109000	219.301344	100.0000
41028	95.4942	901.3326	10759000	244.524401	100.0000
47350	70.8892	1311.5006	11621400	412.395284	100.0000
43558	78.4721	2434.0473	23875600	544.897668	100.0000
55018	92.2176	1335.9707	15400000	759.826691	100.0000
41814	87.9846	2527.0608	27792800	1124.089401	100.0000
36738	94.1180	1003.4043	11804800	1207.729094	100.0000
46378	88.1294	2165.4148	23854600	1304.849328	100.0000
36914	78.8719	1842.7649	18167800	1387.255401	100.0000
50200	94.4044	2045.9224	24143000	1507.218129	100.0000
55786	82.2638	1509.8737	15526000	269.989469	100.0000
37440	92.2141	2070.3477	23864400	353.624435	100.0000
38912	88.1145	1185.4032	13056400	351.122114	100.0000
56104	95.5904	1082.5023	12934600	569.073332	100.0000
37008	95.6127	1010.7950	12080600	654.432038	100.0000
40730	93.2646	1297.5562	15127000	730.736180	100.0000
42060	91.5947	1441.9007	16508800	993.949762	100.0000
40822	49.1530	3326.9853	20441400	1254.811488	100.0000
49182	94.9537	1426.1602	16927400	1270.405352	100.0000
33688	95.1324	1021.5488	12147800	1516.094193	100.0000
42722	95.0701	1411.8086	16777600	1695.802739	100.0000
34654	94.5624	1546.4746	18279800	1738.073225	100.0000
52508	81.1307	2299.7548	23322600	1761.304147	100.0000
56950	94.1100	948.7454	11160800	68.884453	100.0000
46846	95.6281	1827.6644	21847000	397.712349	100.0000
33354	94.9253	947.9121	11247600	503.068087	100.0000
43738	90.1901	1198.3583	13510000	674.906420	100.0000
50520	95.3751	1035.1552	12341000	766.904497	100.0000
54394	95.2693	1127.8853	13431600	859.405520	100.0000
56566	90.5774	1254.5645	14204400	1013.549517	100.0000
39436	53.8406	1543.5187	10388000	1091.591597	100.0000
58292	46.9064	3731.7880	21880600	1549.916482	100.0000
36700	87.6077	2717.5512	29759800	1580.272663	100.0000
48500	94.8315	1509.2534	17890600	1726.561488	100.0000
54648	93.8696	1635.6817	19192600	1743.419186	100.0000
56240	86.9630	1235.1000	13426000	10.302010	100.0000
52228	94.6832	2399.9706	28404600	35.010883	100.0000
39780	94.7002	1942.9069	22999200	507.473905	100.0000
33690	88.7131	2095.3656	23235800	548.979078	100.0000
46468	85.1441	2784.7371	29638000	796.117863	100.0000
53958	86.7902	2176.3745	23611000	821.113530	100.0000
48200	95.1521	1472.1519	17509800	872.719736	100.0000
60320	95.5629	886.0346	10584000	925.145377	100.0000
55678	88.7052	1910.2017	21180600	943.431790	100.0000
58578	65.0212	3948.5243	32092200	1083.958068	100.0000
55578	58.7321	2285.3040	16777600	1133.993715	100.0000
37858	74.8486	2018.5813	18886000	1220.743795	100.0000
45646	66.5342	1336.2383	11113200	1288.202934	100.0000
46536	94.6025	2350.6343	27797000	1304.653571	100.0000
48928	71.3364	2138.2178	19066600	1638.155921	100.0000
58340	82.4796	1870.9299	19289200	1644.256572	100.0000
46070	94.6056	956.4421	11310600	67.535354	100.0000
39314	80.3561	1441.6027	14480200	80.651792	100.0000
60310	79.0197	1358.2643	13416200	315.551981	100.0000
53802	86.2497	1844.7282	19888400	413.286389	100.0000
35780	95.4533	1597.8657	19065200	516.497119	100.0000
38310	95.4098	1301.6021	15523200	666.009140	100.0000
34386	25.8728	3973.0373	12849200	727.725563	100.0000
49582	66.0591	2631.8488	21732200	939.295326	100.0000
50368	37.5385	2988.9725	14025200	958.548069	100.0000
54392	72.0163	2224.5622	20025600	1259.980417	100.0000
54852	87.0638	1767.6605	19237400	1337.407599	100.0000
38938	92.2039	1921.7757	22149400	1435.908795	100.0000
33010	87.0531	2065.2037	22472800	30.133958	100.0000
60606	85.7994	1034.2449	11092200	180.723856	100.0000
58146	88.1573	1143.9195	12605600	461.452139	100.0000
38526	95.3725	1169.6458	13944000	567.644133	100.0000
60748	93.3486	2457.7972	28679000	854.075899	100.0000
57000	84.9120	1419.7844	15069600	871.338000	100.0000
53940	94.4426	943.1505	11134200	1194.261290	100.0000
34458	82.9127	1269.3635	13155800	1273.545240	100.0000
47578	95.4104	1735.1070	20693400	1322.352226	100.0000
56926	30.8634	3268.1823	12608400	1439.859439	100.0000
45508	85.0017	1182.0378	12559400	1566.186516	100.0000
60234	95.0961	1153.9650	13717200	1720.747300	100.0000
50152	87.0182	2160.6329	23501800	1797.552455	100.0000
41382	55.4129	2280.3051	15794800	52.071033	100.0000
45538	65.6932	2513.0154	20636000	52.890499	100.0000
52022	73.7050	1636.5786	15078000	85.105143	100.0000
45226	52.0351	1908.0977	12411000	106.497054	100.0000
58438	91.2791	1569.9536	17913000	154.819414	100.0000
55414	85.4618	2223.0469	23748200	382.260007	100.0000
54300	95.1743	1522.5280	18113200	541.199750	100.0000
43230	95.6131	1013.6019	12114200	563.203287	100.0000
48530	95.5562	1378.8413	16469600	589.371946	100.0000
58162	90.7544	1179.7989	13384000	1057.314805	100.0000
51814	95.2098	1255.0469	14936600	1137.585830	100.0000
33934	70.5956	2292.4948	20230000	1281.615319	100.0000
59422	95.6302	919.2581	10988600	1314.950229	100.0000
56762	94.5610	1061.8328	12551000	1369.619490	100.0000
47442	82.5410	1446.5927	14925400	1388.785352	100.0000
59420	75.8613	1078.1993	10224200	1394.104417	100.0000
33508	92.2184	1132.4079	13053600	1465.466528	100.0000
55738	94.1870	1210.7662	14254800	1622.825484	100.0000
50744	87.5355	1008.2310	11032000	42.891941	100.0000
60700	95.1408	1977.4641	23517200	61.100228	100.0000
59538	93.0709	939.9634	10935400	158.632889	100.0000
32922	58.1037	2171.0413	15768200	561.005761	100.0000
51196	95.6328	1469.4365	17565800	719.379088	100.0000
35082	68.0128	2060.9049	17521000	728.754446	100.0000
36652	85.4107	1688.3125	18025000	1081.561100	100.0000
59390	90.0986	2174.1510	24486000	1284.452495	100.0000
52830	51.0134	3163.9399	20175400	1440.909138	100.0000
54158	95.5954	1418.9304	16955400	1464.669225	100.0000
38148	90.1012	1800.4293	20277600	1639.998365	100.0000
55654	94.0963	2199.7368	25873400	1703.305875	100.0000
40922	79.5950	1419.3661	14121800	1734.152326	100.0000
53394	89.6094	1860.4291	20839000	1758.374211	100.0000
50780	94.5454	1329.4949	15712200	6.731174	100.0000
56556	83.3279	1144.4899	11921000	30.995966	100.0000
38756	94.0686	1122.6358	13200600	69.900033	100.0000
33972	72.5466	1160.8090	10526600	312.750284	100.0000
54070	95.3164	2040.0939	24306800	383.366775	100.0000
55982	95.1438	1220.1325	14511000	571.805628	100.0000
56668	90.9260	1051.8089	11954600	625.209825	100.0000
56164	54.8697	1595.8111	10945200	831.023766	100.0000
55202	93.2327	1290.5511	15040200	1020.733367	100.0000
54236	84.3365	1112.3443	11726400	1218.084653	100.0000
58584	95.4183	1380.1294	16461200	1270.615834	100.0000
50178	89.6960	2114.6083	23709000	1650.766211	100.0000
36510	95.3393	1591.9062	18971400	1729.505811	100.0000
34232	95.4462	976.6504	11652200	165.084460	100.0000
34994	93.4967	958.2026	11198600	498.667148	100.0000
36846	86.8059	2645.8841	28709800	662.375741	100.0000
41206	94.9690	1003.2583	11909800	808.121493	100.0000
40892	83.3966	1286.1720	13407800	839.905338	100.0000
46616	87.1928	1239.1665	13505800	873.785960	100.0000
53084	92.1523	921.9871	10620400	984.946864	100.0000
44682	95.2880	1801.5110	21457800	1038.255890	100.0000
57556	94.6656	1691.7314	20018600	1068.136880	100.0000
51550	78.3791	1042.8488	10217200	1072.415581	100.0000
51464	77.5299	1084.4644	10509800	1267.351021	100.0000
48078	86.7968	1277.3376	13858600	1277.892667	100.0000
43698	86.7756	2284.6423	24781400	1398.889696	100.0000
45368	76.8626	2607.1255	25048800	1415.091704	100.0000
50808	89.9478	1553.4706	17466400	1588.444102	100.0000
55426	88.0643	2059.2951	22668800	42.329795	100.0000
57930	91.6807	2099.1293	24056200	100.089715	100.0000
37670	76.5401	2791.2156	26705000	104.442148	100.0000
35726	95.1706	1441.8563	17152800	216.546072	100.0000
60346	85.8172	1814.2198	19461400	475.807866	100.0000
57334	72.9117	2575.8943	23476600	933.472047	100.0000
32870	95.6195	1483.5808	17732400	1046.972171	100.0000
57148	57.9963	3054.8967	22146600	1170.352498	100.0000
46928	54.0985	2877.5093	19458600	1178.471811	100.0000
44206	91.1860	1361.4018	15517600	1233.454934	100.0000
48206	92.0208	1428.8942	16436000	1492.318840	100.0000
35628	89.1560	1276.9524	14231000	1701.104694	100.0000
39936	92.6521	1167.6027	13522600	13.226536	100.0000
59476	95.0786	1633.2584	19411000	230.226972	100.0000
34878	57.2010	3940.4900	28175000	347.826611	100.0000
53048	93.0925	2096.4094	24395000	380.662510	100.0000
46488	60.2403	1437.7355	10826200	405.847778	100.0000
53990	73.2816	2306.5864	21128800	663.467912	100.0000
38550	80.0889	1141.4112	11426800	678.294981	100.0000
35530	85.6057	1283.2049	13731200	758.844644	100.0000
42366	81.4024	1505.0753	15314600	820.317308	100.0000
38680	84.0276	1940.5613	20382600	850.318912	100.0000
56430	93.7745	1314.7458	15411200	1137.446232	100.0000
58446	92.6742	2074.8122	24035200	1265.543570	100.0000
36188	95.0420	1500.1374	17822000	1279.787155	100.0000
53812	95.0194	1471.8515	17481800	1399.315045	100.0000
41432	75.1175	1927.2639	18096400	1476.392015	100.0000
33560	90.4110	1244.8575	14068600	46.504243	100.0000
57670	72.3417	2976.5853	26916400	226.096779	100.0000
41180	93.6469	1186.1744	13885200	229.888994	100.0000
43914	93.5449	2627.8025	30727200	304.988380	100.0000
55762	83.2002	1247.3438	12972400	323.718717	100.0000
52366	71.5354	3028.4550	27080200	388.264007	100.0000
35100	94.6334	904.7968	10703000	522.932905	100.0000
44180	95.0428	1096.3984	13025600	586.356215	100.0000
33068	95.4491	1333.5688	15911000	785.703773	100.0000
48074	94.5319	2655.2220	31375400	1050.163254	100.0000
54408	95.3959	1626.4185	19394200	1286.565701	100.0000
40380	88.9916	1241.3043	13808200	1439.152088	100.0000
55912	95.4667	1848.5865	22059800	1443.954733	100.0000
45664	91.9746	1097.6596	12619600	1590.945917	100.0000
38090	95.2199	1008.8477	12007800	285.934939	100.0000
38316	95.6307	1281.2626	15316000	454.453394	100.0000
35206	87.8349	980.4398	10764600	556.115012	100.0000
33104	95.6307	1350.1275	16139200	565.268731	100.0000
56236	95.6117	1015.0227	12131000	809.673539	100.0000
57978	95.5000	1803.6103	21530600	947.368128	100.0000
47942	81.2764	2426.5443	24652600	1497.060259	100.0000
46272	94.1864	1892.6216	22282400	152.977425	100.0000
50758	83.6595	2615.6700	27353200	164.029976	100.0000
33048	92.2674	2166.1386	24983000	578.700377	100.0000
43766	95.0657	872.7608	10371200	1072.312211	100.0000
42474	53.3480	1701.3732	11345600	1340.229762	100.0000
41108	76.7429	1057.9328	10148600	1523.028829	100.0000
44934	81.5981	1028.1998	10487400	153.773552	100.0000
39090	80.5808	1796.3195	18093600	190.911305	100.0000
42496	90.3680	1865.8824	21077000	385.191431	100.0000
37608	90.7393	1458.0856	16538200	416.796408	100.0000
38180	95.2120	946.5865	11265800	420.095018	100.0000
41662	92.9707	971.8156	11293800	518.511760	100.0000
43618	95.0351	2462.3836	29251600	552.376514	100.0000
58218	82.1585	2481.0568	25480000	1025.387974	100.0000
32884	89.3423	1631.5683	18221000	1275.999137	100.0000
38016	95.4045	922.3718	10999800	1348.416457	100.0000
45894	92.3625	2379.2686	27469400	1496.972374	100.0000
43222	42.1361	1977.8559	10417400	1551.802046	100.0000
40922	95.4136	1314.1106	15673000	1698.612942	100.0000
32850	68.5476	2774.8550	23776200	1777.272635	100.0000
59552	80.9978	2208.9490	22365000	65.513529	100.0000
37758	94.2571	1384.1797	16308600	321.463820	100.0000
38774	95.1484	1761.6600	20952400	390.662814	100.0000
47624	95.6106	872.5898	10428600	484.278508	100.0000
39158	94.8337	960.4017	11384800	680.215504	100.0000
59938	82.6271	3030.1914	31297000	763.038439	100.0000
47912	82.3445	1216.0999	12517400	831.531207	100.0000
57950	89.3018	1633.1860	18230800	1146.578269	100.0000
55258	89.4395	1203.4062	13454000	1204.250581	100.0000
38296	65.8885	1285.7601	10589600	1554.859419	100.0000
40222	95.3931	2325.2827	27727000	1595.567659	100.0000
35316	66.3911	3581.1074	29719200	1623.634094	100.0000
46996	80.7749	1416.9351	14306600	178.207758	100.0000
60374	83.2647	981.7944	10218600	238.866117	100.0000
53018	59.6516	2479.7055	18489800	354.797474	100.0000
52170	69.5506	2764.3085	24032400	441.559210	100.0000
42750	95.2958	1711.4540	20386800	452.623461	100.0000
51850	91.8619	2780.5560	31928400	576.999175	100.0000
39358	86.4661	1617.9661	17487400	617.848339	100.0000
35982	94.5991	2216.8156	26213600	649.342893	100.0000
37100	94.1377	1009.6190	11880400	749.721989	100.0000
44020	40.4687	3182.4318	16098600	1129.704705	100.0000
41552	92.7844	1484.6124	17218600	1476.355734	100.0000
48242	77.1329	1639.4981	15807400	1562.553295	100.0000
47864	94.3175	2373.1750	27979000	95.777496	100.0000
54330	80.8775	1445.7419	14616000	225.852656	100.0000
44228	59.4931	3744.9977	27850200	297.564277	100.0000
60236	76.2599	1600.2533	15254400	638.911911	100.0000
46612	95.0212	907.9408	10784200	691.332823	100.0000
46816	95.4007	858.3084	10235400	768.264335	100.0000
32862	94.4750	1856.0173	21918400	959.165925	100.0000
39742	85.9890	979.7341	10530800	974.841773	100.0000
35350	92.2940	1783.3797	20574400	1043.035973	100.0000
55850	94.4628	1304.8105	15407000	1084.732419	100.0000
42180	49.2136	1638.1155	10077200	1134.463663	100.0000
38648	94.4568	1207.4260	14256200	1599.619255	100.0000
34970	87.5440	1554.0342	17005800	1702.919124	100.0000
34814	38.6353	2592.7788	12521600	1707.009211	100.0000
58512	93.5323	1478.2493	17283000	0.817689	100.0000
58604	94.8460	1727.9547	20486200	124.255067	100.0000
56064	82.3906	2494.1863	25687200	159.530789	100.0000
52682	89.6374	1140.6493	12780600	362.481316	100.0000
43770	95.2435	1428.7588	17010000	367.013072	100.0000
55432	95.5138	2655.1318	31700200	413.928014	100.0000
55418	94.5758	2160.4008	25540200	572.919187	100.0000
54802	94.7569	1545.6647	18307800	662.769055	100.0000
44004	95.2923	1605.0322	19118400	1029.849910	100.0000
33632	94.2076	1693.0600	19937400	1115.829238	100.0000
35294	93.2969	1675.8543	19544000	1143.428071	100.0000
56678	95.1351	1658.4250	19721800	1402.271508	100.0000
39038	93.8511	2290.9301	26875800	1470.538509	100.0000
53544	92.2557	1191.6787	13742400	1566.173589	100.0000
57312	95.4922	1038.4595	12395600	1573.151478	100.0000
54224	92.2873	2368.5851	27323800	1689.454530	100.0000
39378	66.5205	2148.3917	17864000	1699.623949	100.0000
34902	92.3900	929.3132	10732400	186.729965	100.0000
54780	63.7627	1442.2723	11495400	191.977751	100.0000
53934	94.2910	1888.1465	22254400	240.152377	100.0000
38184	95.5732	1029.6104	12300400	325.967224	100.0000
46904	94.0579	2682.1771	31535000	456.182907	100.0000
59198	94.7204	999.7421	11837000	518.576789	100.0000
43812	79.4954	2923.8614	29054200	675.229251	100.0000
34096	76.6439	1638.8514	15701000	692.554240	100.0000
57500	94.3509	1782.9619	21028000	783.058456	100.0000
58086	95.3700	2164.1365	25799200	922.189187	100.0000
41142	93.5632	2540.7430	29715000	1036.039387	100.0000
59198	95.2812	1772.4881	21110600	1288.806357	100.0000
43138	91.4135	2797.3814	31964800	1298.813908	100.0000
41138	91.4615	1427.4683	16319800	1374.686626	100.0000
53186	93.7451	1820.4097	21331800	1645.037610	100.0000
54994	95.6257	995.7826	11902800	1682.268071	100.0000
47596	94.1121	1833.7800	21572600	223.487458	100.0000
38098	92.8753	2223.5920	25814600	287.372187	100.0000
52062	95.5156	933.8450	11149600	450.837068	100.0000
52134	85.4963	1437.7227	15365000	695.429001	100.0000
36886	89.0957	1318.1685	14680400	755.393524	100.0000
47990	71.3734	1715.7775	15307600	770.940411	100.0000
36268	93.5099	1311.6383	15331400	857.278753	100.0000
57624	93.0435	1970.1576	22913800	859.244378	100.0000
55468	79.4425	2490.1740	24728200	1019.758844	100.0000
36630	87.8635	2732.3298	30009000	1031.380090	100.0000
57152	94.5459	1033.9270	12219200	1203.798957	100.0000
51054	83.3827	1072.5485	11179000	1439.048587	100.0000
56718	92.5572	1228.2128	14210000	1522.011573	100.0000
58912	47.8536	4397.5161	26304600	1739.493573	100.0000
39356	95.2111	1091.4018	12989200	1781.347490	100.0000
41236	93.5082	1705.1250	19930400	1796.422740	100.0000
35140	56.1400	1572.2695	11033400	119.347721	100.0000
46302	95.4983	2254.1125	26908000	335.842373	100.0000
58110	87.4587	1639.1731	17920000	341.018170	100.0000
55442	95.5381	1376.0538	16433200	373.976500	100.0000
47832	60.3850	2386.3399	18012400	404.281156	100.0000
41506	94.2851	2603.6106	30685200	593.965104	100.0000
57558	80.5104	2155.5476	21693000	785.271450	100.0000
36282	87.1226	2389.5701	26023200	954.975191	100.0000
58658	56.5254	1442.8618	10194800	1005.815825	100.0000
43966	75.8702	1719.7791	16310000	1219.329445	100.0000
51314	95.5557	1560.7571	18642400	1547.720619	100.0000
48338	95.5923	875.2173	10458000	1752.875782	100.0000
43324	95.1388	982.9853	11690000	36.414603	100.0000
35636	92.9495	1515.4726	17607800	37.520798	100.0000
54560	61.2112	2776.0689	21240800	119.474928	100.0000
40738	95.6336	1165.8659	13937000	500.659589	100.0000
33394	94.8560	1440.9712	17085600	668.227481	100.0000
47568	92.7768	867.2517	10057600	761.235901	100.0000
34910	90.6076	2254.5219	25534600	981.338687	100.0000
60972	95.1125	2314.4803	27517000	1484.201323	100.0000
58466	94.5810	931.7054	11015200	1501.854302	100.0000
36480	74.8649	2661.2832	24904600	1576.107708	100.0000
50466	86.4897	1408.6494	15229200	1601.278842	100.0000
44060	54.8018	4413.8386	30235800	1739.896179	100.0000
54092	91.4560	2743.6683	31365600	1780.056351	100.0000
52740	95.5680	1840.8840	21991200	27.645955	100.0000
51438	72.2497	3204.8413	28943600	187.841411	100.0000
57398	92.3507	1930.1210	22281000	233.245572	100.0000
39450	95.2584	1039.8325	12381600	341.284443	100.0000
55862	36.4487	2837.4373	12927600	404.261332	100.0000
35352	78.8873	1830.3372	18048800	416.030286	100.0000
46994	95.6007	904.6632	10810800	466.817827	100.0000
54732	95.0457	2352.0474	27944000	1233.676175	100.0000
54166	94.7714	1638.5537	19411000	1245.705308	100.0000
57816	95.6277	856.9732	10243800	1257.745471	100.0000
38836	95.5851	1061.9401	12688200	1390.684334	100.0000
56176	95.5950	1796.8972	21471800	1527.926836	100.0000
34652	89.0085	2596.8934	28893200	1531.061248	100.0000
44208	95.5859	1027.3651	12275200	1635.888415	100.0000
60848	83.4847	1223.6399	12769400	229.306667	100.0000
40292	95.3271	1074.4484	12803000	989.061427	100.0000
60246	36.6809	3025.5762	13872600	1131.217719	100.0000
33588	94.9120	918.0714	10892000	1410.268388	100.0000
36546	78.8745	1398.1098	13784400	1610.332125	100.0000
56426	95.2031	1141.8454	13588400	8.605648	100.0000
48202	90.0547	1333.4830	15010800	38.007273	100.0000
54588	57.8860	2108.3936	15255800	178.057855	100.0000
58806	93.2567	1094.0979	12754000	223.024256	100.0000
50660	51.0483	3642.2598	23241400	258.783237	100.0000
34466	94.8627	2695.6674	31964800	597.755105	100.0000
58958	45.5492	4362.2960	24837400	598.670182	100.0000
34282	86.2156	1585.5131	17087000	631.908433	100.0000
36146	44.2646	5815.5017	32177600	709.758889	100.0000
38978	93.2694	1322.4661	15418200	720.683309	100.0000
36312	95.3499	1024.9740	12216400	1354.142782	100.0000
46240	55.0215	4438.9669	30529800	1379.937524	100.0000
41170	95.4080	1558.3606	18585000	1591.557275	100.0000
36690	95.1429	1428.0323	16983400	1606.102108	100.0000
40656	54.4464	3360.2227	22869000	1725.859753	100.0000
51328	76.7601	1203.0206	11543000	64.637797	100.0000
40398	94.9093	2165.6720	25692800	251.264642	100.0000
43458	43.8969	2310.5761	12678400	259.418893	100.0000
37798	94.3188	2619.3028	30881200	292.107675	100.0000
57282	66.3777	2404.9278	19954200	495.465512	100.0000
42024	72.2239	1459.7047	13178200	695.816747	100.0000
33370	91.7329	1579.7684	18114600	730.013426	100.0000
34514	95.4543	948.1731	11313400	852.996190	100.0000
50954	93.8914	1052.1088	12348000	1124.898939	100.0000
48730	54.7346	1622.6650	11102000	1486.921096	100.0000
55950	71.6728	1602.9725	14361200	6.260896	100.0000
47264	93.8613	2046.3046	24008600	171.150155	100.0000
45138	93.9279	1000.1886	11743200	795.413858	100.0000
33178	93.2218	2346.1645	27339200	1094.185239	100.0000
52762	85.3182	2076.8747	22149400	1148.009306	100.0000
50942	58.6515	1634.6041	11984000	1177.281968	100.0000
56850	94.4158	2697.8697	31840200	1536.541987	100.0000
38030	94.9767	1023.6952	12153400	1562.308732	100.0000
57600	95.5097	1616.8575	19303200	1570.750354	100.0000
50870	76.2925	1598.9825	15248800	1726.144729	100.0000
57346	73.5593	1842.7808	16944200	150.182762	100.0000
47462	66.4528	2780.4136	23095800	351.456606	100.0000
40834	91.0710	1097.9737	12499200	727.915570	100.0000
54250	95.2714	2623.9153	31248000	744.589687	100.0000
56114	93.9054	1323.1700	15531600	804.000636	100.0000
46242	95.4760	1271.3728	15173200	1000.437828	100.0000
49716	94.4295	1099.4866	12978000	1216.510726	100.0000
58930	95.0261	1270.5560	15092000	1316.488285	100.0000
33472	82.0302	1405.6294	14413000	1605.322018	100.0000
59674	95.3729	1230.2366	14666400	1620.740709	100.0000
43414	95.5968	1438.0058	17183600	1717.705657	100.0000
39936	93.6847	1629.5859	19083400	1722.799253	100.0000
39582	71.5527	1253.6334	11212600	1732.575383	100.0000
44220	48.0293	2986.2457	17928400	1732.694703	100.0000
41240	90.8905	1839.2588	20896400	4.862399	100.0000
42494	94.8585	1216.0086	14418600	121.107014	100.0000
37674	95.1031	1684.3020	20022800	384.497792	100.0000
60440	62.3972	3227.3264	25172000	605.556914	100.0000
57800	93.3398	1386.1443	16172800	657.773085	100.0000
47296	95.0960	854.8162	10161200	1124.650607	100.0000
47632	64.7567	3391.4756	27452600	1314.669611	100.0000
58158	93.9267	1109.1885	13022800	1350.578982	100.0000
39426	82.6947	1053.4360	10889200	1440.880109	100.0000
50026	95.3744	2422.0345	28875000	1576.204216	100.0000
42904	95.4127	1161.9920	13858600	1674.634074	100.0000
47064	93.1299	2155.6996	25095000	1692.531635	100.0000
56134	95.4044	867.0798	10340400	1703.437539	100.0000
40290	93.8882	1925.1157	22593200	169.881468	100.0000
52424	92.9399	1317.5137	15306200	204.576660	100.0000
43494	87.8835	2114.7629	23231600	225.706106	100.0000
59848	93.0463	2548.5981	29642200	273.406992	100.0000
48622	92.9729	2151.9905	25009600	297.781911	100.0000
46912	87.5635	2328.2934	25484200	327.513092	100.0000
35756	41.0384	5080.5896	26062400	710.110086	100.0000
39306	95.1981	1423.7933	16942800	813.868895	100.0000
53542	93.6914	1098.7051	12867400	993.881197	100.0000
49082	94.4834	1514.8144	17890600	1125.945408	100.0000
38388	94.4927	1046.2432	12357800	1194.999313	100.0000
45510	88.3117	1476.9864	16304400	1208.671669	100.0000
39380	87.7527	2853.8389	31304000	148.558279	100.0000
48834	78.3199	1224.6806	11989600	386.981157	100.0000
33652	71.3637	1225.0930	10928400	667.563161	100.0000
52024	73.7472	1788.2714	16485000	666.896182	100.0000
49366	92.6033	1152.9778	13346200	856.228409	100.0000
42028	88.8978	2556.9128	28413000	880.849770	100.0000
48678	68.9360	3337.9381	28763000	882.664807	100.0000
55726	80.2247	1021.0922	10239600	1023.377498	100.0000
51360	93.9917	864.0248	10151400	1152.952752	100.0000
48584	95.0130	1193.4029	14173600	1286.932667	100.0000
54402	72.3540	2961.8367	26787600	1311.790110	100.0000
54990	95.1834	885.6835	10537800	1367.593967	100.0000
52348	46.0300	3813.5495	21942200	1387.520635	100.0000
37208	91.0041	1920.4048	21845600	1560.603566	100.0000
46680	78.9878	2670.2644	26364800	1562.424981	100.0000
35980	92.2967	1952.7293	22528800	1582.499078	100.0000
37948	52.2857	3856.1645	25202800	98.901413	100.0000
59310	93.3811	2761.4671	32233600	144.811239	100.0000
48478	72.4890	1702.6590	15428000	201.774236	100.0000
50264	92.2588	907.9333	10470600	226.261991	100.0000
35498	93.5981	910.8562	10656800	236.807867	100.0000
38632	65.2331	1425.7298	11625600	706.395457	100.0000
54274	83.2588	1002.5795	10434200	708.986213	100.0000
42138	94.3468	886.2965	10452400	716.493668	100.0000
52894	88.5458	2650.5591	29337000	821.475043	100.0000
33878	95.0404	2370.7987	28165200	883.688502	100.0000
41968	95.6079	1020.4510	12195400	1041.907578	100.0000
41564	85.0879	1051.3177	11181800	1158.485248	100.0000
40118	85.4775	2449.5800	26173000	1319.738824	100.0000
35892	61.2503	1458.6451	11167800	1321.399948	100.0000
45954	95.6220	923.0845	11033400	62.602074	100.0000
55074	40.4291	4087.5534	20657000	223.286228	100.0000
59248	34.0458	3951.8947	16818200	224.705578	100.0000
56352	92.4565	1712.7702	19794600	283.308763	100.0000
34636	95.2656	1627.7025	19383000	312.598825	100.0000
48476	95.2698	987.5112	11760000	328.944702	100.0000
39716	95.6265	1970.2311	23550800	343.895488	100.0000
45818	94.6764	993.4639	11757200	339.940691	100.0000
36192	66.4874	3119.7501	25928000	485.762117	100.0000
45500	40.7405	2595.9822	13220200	729.501913	100.0000
55698	76.4332	2642.1402	25243400	1086.728226	100.0000
45724	83.0444	1548.5502	16074800	1417.737893	100.0000
47834	91.2165	1299.7996	14820400	1476.637662	100.0000
46678	94.9218	919.1570	10906000	1559.563991	100.0000
56612	94.7997	1748.4111	20718600	178.707029	100.0000
40030	94.3593	2082.6274	24564400	234.824546	100.0000
44788	86.7092	950.8008	10305400	593.197386	100.0000
50958	85.0028	1278.4702	13584200	613.061290	100.0000
59158	38.2100	2792.2313	13336400	684.646525	100.0000
41904	95.4978	1583.0483	18897200	700.717052	100.0000
58354	84.3307	2882.9155	30389800	757.007790	100.0000
50580	87.1294	1795.2510	19552400	854.607730	100.0000
55744	94.7527	950.5837	11258800	1187.471724	100.0000
33468	92.6319	1848.6941	21406000	1259.095672	100.0000
59928	91.0718	2066.6766	23527000	1376.575621	100.0000
55716	95.5918	1098.1858	13122200	1429.765542	100.0000
41076	71.2959	2255.2084	20098400	1492.073061	100.0000
46840	89.1671	1052.3347	11729200	1534.953468	100.0000
40104	94.0174	1791.7874	21057400	1550.538204	100.0000
59172	94.6556	895.0000	10589600	1647.228945	100.0000
36000	93.1763	1326.6724	15451800	1761.485398	100.0000
55188	87.8334	1585.6391	17409000	1787.947569	100.0000
52490	66.9384	2014.3417	16854600	443.824186	100.0000
57742	39.2821	2339.6684	11488400	485.741447	100.0000
37336	95.5490	1299.3545	15519000	503.612368	100.0000
48756	83.5922	3009.1424	31442600	602.560284	100.0000
55226	95.2415	1441.8418	17165400	744.466704	100.0000
42078	95.3093	1359.1457	16192400	1175.708398	100.0000
51774	94.6465	1118.8579	13237000	1304.938376	100.0000
56396	44.2387	2311.9689	12784800	1315.993824	100.0000
39994	92.8839	2455.7453	28512400	0.000109	100.0000
48762	92.7012	920.7565	10669400	473.948689	100.0000
45986	88.2617	1437.8510	15863400	489.257588	100.0000
55126	95.3657	1627.9905	19406800	528.878914	100.0000
43698	94.0987	2177.7821	25615800	1023.922081	100.0000
37662	81.2462	1578.8257	16034200	1064.533117	100.0000
34822	92.3426	994.7994	11482800	1213.757128	100.0000
42248	94.8564	2522.9872	29915200	1215.062255	100.0000
58444	93.3442	1158.4655	13517000	1320.068910	100.0000
45602	92.9968	1168.2125	13580000	1348.561499	100.0000
42354	94.2426	944.7954	11130000	1371.427698	100.0000
36106	95.2425	934.5244	11125800	1423.418848	100.0000
55304	75.4331	1121.8845	10578400	29.697817	100.0000
49304	78.9518	1808.9811	17852800	105.797946	100.0000
41536	94.8042	2182.0135	25858000	112.114660	100.0000
47026	77.1550	1932.4011	18636800	876.657068	100.0000
43700	63.2062	1947.9340	15390200	929.200125	100.0000
40492	95.1661	1470.5232	17493000	1018.556809	100.0000
46910	58.0730	2927.4327	21250600	226.091478	100.0000
52430	89.5046	2168.4329	24260600	613.621028	100.0000
39080	95.6218	2019.5238	24138800	681.880431	100.0000
49728	72.4880	2219.8213	20113800	726.817221	100.0000
37108	83.5351	2626.2686	27423200	1088.463127	100.0000
58660	67.7726	1303.7245	11044600	1096.346162	100.0000
39344	43.2785	2814.3322	15225000	1262.279027	100.0000
58714	64.8260	1576.3552	12773600	1708.528173	100.0000
46836	95.1916	2269.6131	27006000	72.032406	100.0000
46554	95.6220	982.5858	11744600	76.699977	100.0000
60662	63.7549	3292.6363	26240200	100.408672	100.0000
34444	81.1086	1085.9125	11009600	163.265074	100.0000
49740	87.8293	2776.1109	30478000	193.386833	100.0000
38764	94.8314	1731.4089	20524000	394.230467	100.0000
40054	92.3202	1615.9412	18648000	513.093743	100.0000
34424	95.4897	1249.8436	14918400	1008.191001	100.0000
43992	88.4529	1299.0049	14362600	1116.270848	100.0000
32948	58.0682	1550.7271	11256000	1218.655729	100.0000
60680	52.0986	4419.2832	28779800	1215.968894	100.0000
44852	95.5397	1055.9962	12611200	1234.803259	100.0000
42132	94.8017	1022.3954	12115600	1472.403143	100.0000
44502	95.6434	838.6823	10026800	1520.844341	100.0000
47186	76.0232	1892.3688	17983000	43.294945	100.0000
60528	95.4169	1409.1423	16807000	134.700682	100.0000
44002	82.5201	1291.9613	13326600	505.441209	100.0000
45856	30.4500	2946.5720	11215400	643.529852	100.0000
56042	82.4542	2677.2676	27594000	768.719646	100.0000
33830	92.0182	1997.4649	22975400	836.452529	100.0000
39924	94.7218	969.6946	11481400	952.888644	100.0000
38998	88.6573	2076.8505	23016000	1031.792349	100.0000
43426	94.8647	1488.7727	17654000	1146.562391	100.0000
33446	95.3583	2092.2859	24939600	1192.461838	100.0000
34020	69.4204	3733.4724	32397400	1352.608739	100.0000
44216	29.0169	3501.2408	12699400	1353.324125	100.0000
39606	93.2438	2751.4802	32069800	1472.633406	100.0000
47212	90.6134	1589.3981	18002600	1495.074042	100.0000
34870	95.4305	1421.3815	16955400	1529.467402	100.0000
47578	64.2978	1625.3618	13063400	98.335574	100.0000
58062	88.1000	1419.3864	15631000	165.497794	100.0000
43240	95.3277	1747.0689	20818000	525.933379	100.0000
44912	59.9385	2050.2068	15360800	669.552266	100.0000
58654	94.7267	945.8792	11200000	834.738326	100.0000
39318	92.7017	1724.0679	19978000	1138.281866	100.0000
59334	93.7141	862.5213	10103800	1241.905651	100.0000
41772	85.9586	1474.1606	15839600	1454.158264	100.0000
52174	93.4049	893.4352	10431400	1568.903728	100.0000
56594	94.4274	1230.4563	14523600	1629.689696	100.0000
54044	88.5513	2395.6641	26517400	109.977175	100.0000
45254	77.1601	1958.1100	18886000	520.910131	100.0000
35330	56.0343	3250.4090	22766800	643.176685	100.0000
44584	61.5277	3275.2989	25190200	721.777459	100.0000
59980	93.8834	1940.6031	22773800	1097.745784	100.0000
44784	52.4145	4060.8017	26605600	1237.317522	100.0000
42076	86.4112	2320.5882	25065600	1277.049883	100.0000
42116	94.6229	1332.6669	15762600	1287.395767	100.0000
60184	91.1800	1395.3941	15904000	1488.679336	100.0000
42770	61.3450	2846.6947	21828800	1516.914955	100.0000
51726	94.8985	900.8532	10686200	1640.360146	100.0000
57654	77.8955	1092.6029	10638600	1725.843981	100.0000
54172	84.3992	1841.3815	19426400	106.472825	100.0000
47626	94.7311	1792.3569	21224000	205.921229	100.0000
50842	69.4048	1571.2803	13631800	584.623501	100.0000
54178	81.3726	2694.2723	27405000	606.563268	100.0000
56744	93.7827	1998.5785	23429000	636.322312	100.0000
59972	95.6066	954.6288	11408600	652.946375	100.0000
50120	92.2584	1405.4269	16207800	663.413843	100.0000
48372	95.1850	1168.0665	13897800	889.827631	100.0000
59686	95.4763	1524.7509	18197200	1011.466558	100.0000
55216	88.6285	992.6375	10997000	1071.710607	100.0000
38960	90.2164	2749.2111	31003000	1232.861702	100.0000
55394	59.8963	1970.4991	14753200	1288.564565	100.0000
35166	81.8609	1918.0446	19626600	1363.003680	100.0000
55356	94.1451	1056.2934	12430600	1494.187410	100.0000
53678	91.5965	1005.2259	11509400	1526.656633	100.0000
46218	95.1850	1349.0357	16051000	1541.032072	100.0000
49718	95.1651	856.3143	10186400	1714.031232	100.0000
38004	95.3747	1542.8160	18393200	1719.502511	100.0000
44786	94.8005	1105.6987	13102600	551.170302	100.0000
53456	91.5718	1646.7600	18849600	821.384459	100.0000
44600	95.3044	912.1762	10866800	1147.891477	100.0000
59650	87.6489	1679.1913	18397400	1384.310873	100.0000
36396	74.5997	1560.4989	14551600	1519.638033	100.0000
35852	56.1160	4499.4762	31561600	1549.835554	100.0000
46964	59.7005	2762.6416	20616400	1554.926462	100.0000
42916	66.4907	2765.0190	22981000	1561.321238	100.0000
35266	61.3842	1416.9638	10872400	222.977869	100.0000
42660	94.7264	907.9286	10750600	255.669929	100.0000
50050	86.3174	2560.8197	27630400	304.857890	100.0000
56604	94.2312	2590.3598	30511600	516.900754	100.0000
34990	94.5651	1108.2144	13099800	803.819317	100.0000
42414	95.4905	2082.7032	24859800	1095.119791	100.0000
38924	80.5243	1452.5011	14620200	1168.937971	100.0000
42330	77.3868	1803.1607	17442600	1236.825251	100.0000
47410	94.5513	952.4902	11257400	1277.827788	100.0000
39382	54.9959	4075.6799	28018200	1348.525176	100.0000
46332	68.5711	2483.9843	21291200	1444.382926	100.0000
34266	75.9832	2102.2331	19966800	1459.928746	100.0000
48072	94.8899	1471.6168	17455200	1461.094308	100.0000
53248	77.9063	2336.2830	22751400	1644.693303	100.0000
56812	78.8742	1197.4717	11806200	1766.843162	100.0000
33036	82.8468	2397.7185	24830400	15.455623	100.0000
44266	95.5888	842.7936	10070200	161.520907	100.0000
46638	50.2146	2478.0060	15554000	398.569490	100.0000
50082	94.7642	1464.5865	17348800	611.861246	100.0000
37468	66.0834	2380.5548	19664400	793.899245	100.0000
36148	94.2342	931.0933	10967600	920.830015	100.0000
35870	91.8873	1761.5315	20232800	1103.800840	100.0000
40136	95.1268	1872.0279	22260000	1141.860745	100.0000
52098	95.4826	1504.1231	17952200	1282.288187	100.0000
56680	94.5434	1088.8036	12867400	1393.138664	100.0000
59116	95.0709	916.8902	10896200	1479.840157	100.0000
51812	81.1602	1675.8553	17001600	1583.527731	100.0000
52730	94.1169	860.4957	10123400	14.933218	100.0000
44854	77.8402	1957.9814	19051200	23.509993	100.0000
51618	95.4293	1383.8438	16507400	80.009924	100.0000
45462	47.1895	2156.4780	12720400	405.646037	100.0000
39770	95.4203	985.9535	11760000	491.572330	100.0000
59486	93.9115	986.4096	11579400	827.929307	100.0000
49100	92.6689	1453.3467	16835000	856.627287	100.0000
56906	89.2130	1204.0752	13427400	1274.296375	100.0000
48174	83.0703	1386.8150	14400400	1329.501733	100.0000
48896	71.7700	3553.1964	31876600	1374.258314	100.0000
37856	28.8684	3132.4500	11303600	1381.053019	100.0000
38626	83.9859	1477.3140	15509200	1483.029225	100.0000
37762	94.5688	1534.8827	18144000	1532.905511	100.0000
60656	95.4144	1477.6128	17623200	1556.883204	100.0000
60220	95.4281	2316.4504	27631800	107.391868	100.0000
51556	92.4902	1333.3649	15415400	308.409955	100.0000
46916	94.6610	2351.9051	27829200	335.218203	100.0000
41190	95.6357	1029.8748	12311600	586.331416	100.0000
40388	83.4568	1367.5097	14266000	621.381761	100.0000
39150	77.2968	1371.2965	13249600	1032.385824	100.0000
40362	93.5604	2476.8948	28967400	1081.005580	100.0000
46182	64.3377	1771.6263	14247800	1133.825834	100.0000
46526	95.6135	1094.6576	13083000	1146.350617	100.0000
38094	95.6217	896.2651	10712800	1193.053202	100.0000
36480	95.3562	971.7002	11582200	1283.751891	100.0000
56486	93.0709	1302.3017	15150800	1679.303201	100.0000
48088	78.1343	1190.1763	11624200	1781.521084	100.0000
49678	95.3964	1665.6228	19861800	269.669687	100.0000
52072	94.1677	978.3735	11516400	272.628639	100.0000
51076	84.6094	1297.7844	13725600	344.388675	100.0000
59984	89.0603	2263.3843	25197200	371.455223	100.0000
51412	51.6348	3521.7181	22730400	669.324968	100.0000
56218	89.7676	1501.5656	16849000	678.937601	100.0000
57882	81.8690	2133.3198	21831600	722.998265	100.0000
42674	88.8041	1160.0548	12877200	748.523394	100.0000
33652	95.2841	1458.7120	17374000	780.692188	100.0000
41206	76.3164	1112.5675	10613400	794.461549	100.0000
58532	85.7851	1405.5963	15072400	897.827776	100.0000
33344	58.9424	1715.4633	12639200	983.975833	100.0000
49316	94.1867	1796.6520	21152600	1115.808354	100.0000
40720	95.3763	2385.9334	28445200	1395.928576	100.0000
56282	82.2181	2555.0006	26258400	1466.940485	100.0000
48890	65.4980	2238.3586	18326000	1510.172948	100.0000
60858	93.3909	1337.8945	15618400	1565.025598	100.0000
59584	93.6545	1803.0348	21107800	27.462257	100.0000
42668	80.0760	1714.7704	17164000	196.388344	100.0000
42968	78.9411	1793.0531	17693200	248.266313	100.0000
59988	95.5525	1014.8301	12121200	332.656176	100.0000
52014	93.3856	1134.0853	13238400	631.639431	100.0000
53852	89.7305	1333.0585	14952000	924.679524	100.0000
56894	91.1058	1762.8732	20076000	967.668213	100.0000
38002	94.7449	2264.9448	26824000	1071.698231	100.0000
39506	39.2121	3893.0823	19082000	1219.210534	100.0000
53410	86.4796	2625.9512	28386400	1301.450399	100.0000
42780	86.2294	1299.7696	14009800	1369.656513	100.0000
41932	92.3766	2394.0607	27644400	1744.511787	100.0000
33080	87.1995	1906.0656	20776000	718.595945	100.0000
56936	92.9645	2571.2000	29878800	1088.199443	100.0000
49154	51.4262	2320.5305	14917000	1440.126539	100.0000
34366	94.7081	1880.8955	22267000	1521.811902	100.0000
