39983	0.316675
35472	0.659364
61603	3.106038
33225	3.782911
31307	8.945020
26777	12.710071
62472	12.982879
58171	16.002457
69689	17.264740
26023	16.672102
61308	19.459922
27834	24.472695
60271	23.522329
34929	25.613677
27730	30.780280
28206	32.090151
36566	34.391711
24322	34.603077
38377	34.884281
46114	38.307987
70046	38.959163
24077	40.575796
61119	42.013123
27758	43.199786
57837	44.125903
66453	48.967543
34766	49.596375
50858	51.143262
69240	54.696764
60820	56.508529
31934	66.703460
30192	66.654423
47458	67.727243
34058	68.006150
23738	69.856496
35151	74.855784
61328	75.050315
27126	79.475042
29447	81.906443
32897	82.647665
64114	85.732705
29010	88.951580
59799	90.498857
46222	90.536063
45579	93.163578
47199	94.619126
28944	95.666259
54739	97.116543
43528	102.393286
36403	104.125248
49753	104.312531
28924	107.318898
22265	107.502375
22811	112.440723
59200	113.759658
24868	113.907488
27173	114.209375
53264	118.430306
26302	118.840061
23870	119.774689
27152	125.526165
63532	128.458917
60727	129.265783
25239	131.259850
43182	131.941498
27279	140.625784
22284	140.984974
64424	146.466863
39089	146.735426
29511	148.113221
24866	150.151573
38417	149.327551
57256	152.488662
29525	154.902408
34937	157.058787
40275	157.103537
49266	158.310308
68616	160.871939
37760	159.907011
33636	165.258981
30974	166.750103
53201	162.184237
36820	169.460624
41041	169.474852
23953	170.577757
40999	171.905690
25750	173.185911
37147	174.149920
25030	174.333614
23402	174.902291
41912	174.969164
38529	175.344053
67288	181.897464
24853	190.282203
39446	192.346667
29485	192.503687
59529	196.950831
33560	200.705390
24408	201.721951
55928	202.115150
23850	204.012916
65165	205.651727
61832	207.290525
51542	211.837231
24220	213.253073
36647	213.474786
46434	214.885314
24929	222.209277
51322	224.283668
23167	224.518613
24304	224.118964
66358	225.789020
27840	228.242669
33896	229.872787
23714	229.752621
28148	229.616366
34292	233.605154
32813	234.064357
57468	239.763741
36428	240.164208
69271	242.810340
67941	241.906952
40610	245.629418
48418	248.471264
43360	255.093770
31251	257.363127
35828	260.226840
32513	264.238223
36036	269.448901
22988	271.595120
53395	274.864179
28937	280.744213
23164	275.122494
22389	279.134253
39173	283.470554
22506	284.087646
56522	288.267267
63583	291.863053
23223	293.617701
47853	295.297396
61935	300.040129
22803	298.361018
34065	303.455358
23932	305.431937
30021	309.104812
38025	310.554329
25000	312.690765
31073	314.147791
25022	314.265185
43313	315.054222
23271	316.599845
58890	317.316164
40117	320.449231
65813	320.980068
25690	325.588865
36140	325.600739
67250	327.565603
39208	344.230106
40423	346.070219
28683	346.227865
22363	347.989113
32019	348.098252
53959	350.419193
38354	350.304819
22780	354.455018
67430	354.889040
64706	357.121612
34446	362.807021
53919	363.034036
52273	364.904572
30652	365.862067
32220	367.619806
57224	370.213195
34094	368.970646
23251	371.477966
33632	376.913512
22877	378.753921
27652	379.597293
28586	379.743638
56598	382.646380
68173	385.868858
46925	387.904940
45888	387.611506
30202	388.855486
27027	395.726789
25351	398.532871
42803	398.012441
32297	401.123301
32488	398.595260
33302	402.964196
25778	397.335352
49682	405.124825
30947	408.209019
26326	410.145871
56670	414.220170
25283	416.982887
54630	417.232127
43992	417.261467
22903	417.299207
67942	422.183404
62510	423.704089
41613	423.499894
57473	427.488135
26408	427.750894
31795	429.235860
22813	433.951081
26773	438.148493
23235	441.902328
46611	443.301638
52292	443.848597
62664	446.095765
58639	448.224517
68229	450.140711
28395	451.527371
44553	451.866901
42116	454.272676
61501	454.266586
57504	455.765013
68902	458.549979
42111	463.694742
69825	464.811131
33940	467.991936
58417	467.910533
33184	475.825073
45484	477.394194
37788	478.024364
38523	484.105190
33048	484.872579
61217	484.223256
29925	485.543047
67820	487.302759
58958	488.687321
40927	488.704879
24323	489.097605
36627	491.060667
42914	491.418005
50512	490.447437
58832	493.747618
26982	494.621185
43715	498.271498
52924	497.639460
27133	498.752970
29640	507.288855
51893	511.446201
27869	509.757213
42321	511.254883
63902	510.851641
37209	518.177821
22123	520.422017
33734	520.413154
22685	525.604073
25792	529.181613
39997	531.719797
63735	536.395670
65704	538.456831
69583	547.663667
34517	550.788844
25375	552.436388
41463	553.366741
24046	555.889369
24601	556.716392
25572	558.253605
22440	558.998929
47107	561.420945
22181	566.507903
38241	565.528232
47838	569.724862
22612	573.903739
53719	572.666819
59887	575.189630
38035	575.448196
49354	575.802251
34496	578.473875
63550	578.777995
34023	580.271152
23051	579.151257
24403	582.336192
37343	581.998067
28252	587.823975
62387	582.009175
57459	588.980369
62707	592.716968
25561	596.499166
25204	607.783774
56389	612.820326
23603	617.096121
44514	617.326304
63436	616.396958
22532	621.360462
43654	623.471640
62007	626.499761
26174	626.272974
34730	632.690440
43900	633.468140
29829	636.041472
54826	637.617687
31549	636.852984
39427	638.739238
39050	643.361096
67377	643.736586
61290	644.738038
62604	643.580000
52292	646.573395
26969	650.813668
41237	652.135952
22979	657.249926
51790	661.664164
69570	661.589689
35767	663.455123
32977	663.498283
39495	666.947215
33093	666.643857
25256	672.577884
29623	673.606292
36536	675.317222
63717	675.626689
24988	676.265304
28267	676.571360
44562	677.067117
25002	677.407842
48050	679.290221
52158	679.941942
34769	683.427820
35016	687.640239
25449	687.914144
47989	694.872252
24265	697.615425
34177	698.359116
34110	707.525548
43695	710.058680
27150	712.535375
42248	713.093343
22937	716.288870
62171	719.694593
26885	724.055059
22777	727.811643
23284	723.255406
32871	731.266291
24301	731.861888
32917	733.909535
47329	737.793917
65162	739.275588
52077	740.196039
29198	741.290466
56502	743.467121
27246	748.806292
55429	750.107475
69993	749.317235
25761	750.429063
38972	751.811801
22508	754.383958
24394	751.592286
45261	759.031136
22988	760.151890
22055	761.009476
52321	762.205902
23718	762.333904
62544	766.663675
22537	767.117557
27407	772.331095
22791	771.706092
26306	771.680761
34458	782.350919
24433	782.460729
48341	783.877325
24579	785.030063
50875	788.346185
42333	795.075481
23650	798.029539
22510	798.809976
59939	801.883188
69700	803.098498
48300	805.692710
42159	805.786560
42053	812.954831
25672	812.433542
63351	816.257931
49608	816.732890
48175	816.910129
41871	819.204289
50377	820.413169
22575	822.848741
26302	824.497736
27930	827.397956
61373	828.365601
24634	830.876917
62782	829.268763
32327	831.509399
36904	833.521383
46500	835.478620
23555	835.899871
23328	836.135637
29018	847.190478
40745	848.347825
35750	847.414057
56099	850.977051
62168	853.502264
62155	854.260299
26959	856.299528
55976	858.213356
22087	868.394065
62551	868.743312
30171	870.197989
49629	871.152468
28188	874.095849
24897	873.275709
30616	875.746803
22162	887.555815
28555	887.026899
33711	888.539625
67682	891.920081
66331	892.911970
61257	894.835222
49597	894.487560
28456	897.085241
63667	891.051597
51093	900.102086
42614	903.830881
25785	906.220375
27313	905.519038
27894	907.613872
28107	909.315329
28612	909.936238
44705	913.302392
49619	914.743538
38381	918.052489
49191	915.422112
22323	922.004330
28834	923.210618
66681	924.434167
52329	930.058602
51649	928.952175
44402	934.625048
63995	937.250900
65256	939.067338
37477	940.333485
27737	938.629969
22020	941.032313
36057	941.578448
35787	944.919270
55870	946.007793
57867	944.053769
36196	948.042471
59955	952.904913
58920	954.292647
48515	958.230317
40859	962.302602
43945	966.734293
58926	966.806389
23010	974.880088
40355	977.132217
60631	976.425872
39751	974.943957
30935	979.105207
47559	981.425365
25275	980.405555
49323	982.399023
23799	984.366918
47584	985.844198
24853	989.177729
28617	992.346726
30153	993.213687
44521	995.415285
23242	995.361755
39004	1001.682308
60151	1003.193120
24597	1005.997975
26861	1007.132648
40763	1006.412429
39737	1008.522256
54220	1011.935727
37442	1013.109645
42504	1021.210325
27756	1021.808592
40947	1022.096778
43229	1023.510065
50174	1032.297889
30659	1034.123771
38840	1038.920408
32098	1040.019881
26820	1046.510198
29626	1038.873125
59693	1048.165615
51431	1049.992045
23768	1050.909707
29868	1061.005402
25204	1062.792090
27140	1063.231528
48210	1063.056288
28723	1063.873428
54561	1070.077021
51868	1074.378097
28168	1074.785398
27111	1076.060747
33945	1074.242207
35303	1076.942868
46997	1079.014039
43093	1080.224950
37871	1082.387986
29711	1084.623810
23463	1085.296211
46161	1084.571520
70317	1095.142868
23266	1097.849489
51354	1102.930195
27416	1109.561397
24943	1112.153209
26413	1112.185932
57515	1112.630193
34443	1110.101255
44898	1115.474468
33890	1115.408331
25215	1112.845494
68324	1118.771915
61476	1125.794451
30024	1128.795013
29100	1133.790155
31314	1131.800892
27079	1136.913685
43581	1142.726600
39568	1144.191817
27626	1146.115354
26773	1145.499530
23266	1146.941521
32171	1154.710002
27053	1165.211382
33029	1167.010666
55619	1166.202523
36580	1169.415526
40928	1169.895032
22458	1172.402194
29321	1174.438523
34876	1175.601707
32603	1176.528006
61724	1176.492379
32274	1175.174012
24454	1180.500863
22052	1182.085942
26516	1184.943112
38486	1186.846471
27056	1192.674289
33167	1201.909322
58861	1201.742091
68500	1204.789687
70136	1208.313721
33937	1209.365497
30521	1209.888280
54288	1210.080334
23024	1217.231817
52115	1218.085891
22779	1218.433781
56147	1220.571568
28879	1221.508752
47311	1227.482466
28863	1227.378729
26841	1229.848831
44519	1231.954386
65758	1232.984002
59359	1233.281706
28761	1235.836463
55623	1235.127508
33572	1240.627543
51405	1242.213381
32128	1245.078912
52450	1244.782365
37510	1244.146031
53965	1247.586716
25384	1250.013148
37608	1249.945954
23795	1255.563117
51437	1258.921346
28119	1261.922384
52685	1262.404466
37840	1266.562338
31334	1267.327856
48261	1267.979779
33932	1269.859631
49669	1271.048500
33485	1272.145886
27007	1274.317098
62067	1276.811664
29392	1276.896191
32026	1277.415094
35954	1284.211669
50686	1293.516962
55740	1293.833583
58744	1298.369280
67728	1299.909129
47603	1301.099593
51915	1311.268692
69471	1313.132273
54063	1313.687678
44531	1315.153935
27219	1316.870195
27959	1318.775463
27021	1320.350675
23716	1324.066138
32176	1326.606706
41170	1331.080948
33807	1331.540641
45534	1335.937749
34010	1337.319014
53810	1341.083924
40772	1340.781981
32829	1342.585658
25932	1348.331773
59138	1346.027998
25736	1352.345459
57954	1355.013156
37616	1359.099532
69949	1359.118929
45159	1358.526794
47291	1365.575067
24996	1368.805931
70272	1370.618614
48268	1373.394586
22704	1374.130439
57916	1377.162308
62286	1379.538491
34978	1382.147955
50857	1382.336276
46143	1385.486200
49781	1386.237601
22705	1387.838470
66001	1394.912828
22371	1398.114506
40060	1400.246882
56670	1393.168852
57857	1403.521348
50009	1411.623620
54188	1411.949746
45951	1412.613269
58736	1415.807267
57321	1416.095900
27210	1417.458495
54847	1419.077356
21987	1421.219474
26803	1428.425818
27182	1428.578032
26829	1428.347900
41113	1431.890487
43652	1434.009504
59161	1435.379159
70347	1438.657950
64512	1441.261807
50066	1442.145170
24992	1443.672572
39912	1436.212740
47636	1450.770007
23402	1452.032400
24768	1453.858645
24678	1455.115769
41243	1456.199920
27390	1459.818531
51893	1460.664982
54252	1464.701955
24244	1466.309371
46653	1467.763070
24692	1473.543860
46154	1474.247059
27071	1485.582824
57420	1488.350425
23215	1488.426409
23002	1489.559585
60085	1489.957053
45663	1494.003596
54335	1494.359636
56036	1493.428204
70347	1494.900347
26121	1496.044871
48347	1497.234897
28582	1499.123515
61114	1500.428512
43100	1502.697167
59065	1505.816866
67706	1505.920075
60276	1507.929783
32292	1508.883424
34094	1508.279660
50965	1521.475565
28054	1527.981463
22380	1530.746620
43368	1537.611582
54047	1539.532304
35165	1539.271851
26549	1543.625176
41659	1544.657579
34457	1546.346909
30239	1551.617455
22714	1553.868215
49786	1555.756526
33197	1557.339206
27914	1561.213688
64815	1570.760006
33301	1573.990617
30673	1582.181285
35556	1584.642088
66275	1584.591839
40431	1590.110166
50921	1591.826637
23722	1591.971658
45973	1594.936144
41283	1595.736154
36485	1599.185463
53564	1608.661385
64485	1609.439470
44075	1609.511544
31243	1610.726344
59470	1614.798208
52042	1615.990019
23916	1617.367359
67181	1617.119728
52289	1620.044459
34805	1621.634840
30759	1623.040796
38401	1631.028898
67187	1633.391613
39563	1634.386041
66843	1635.101544
25530	1637.045691
37056	1639.638048
22303	1641.228398
23652	1643.667852
50063	1645.067886
68381	1650.391883
59768	1653.169434
23498	1654.201268
35080	1658.446297
58486	1660.689332
30179	1666.364649
48857	1667.902215
31228	1675.118419
62859	1675.855283
36944	1676.173557
26271	1678.481150
39791	1680.671471
42092	1684.657215
53520	1685.421448
38165	1685.783186
44055	1686.444160
26824	1687.250676
44773	1687.943380
30071	1690.826501
67511	1691.735603
27336	1692.446913
38779	1693.118682
55351	1696.025092
33877	1697.581007
26089	1698.186124
23182	1695.987007
25266	1702.616163
49139	1705.041812
42656	1705.573067
44512	1705.272940
27509	1706.812611
39440	1718.491675
40447	1721.843129
37150	1723.905487
60815	1724.638570
28570	1725.133882
43478	6.781722
37360	7.226123
48011	8.241103
35837	14.162788
33843	15.868004
27920	16.175725
24692	16.717552
36462	19.972997
30592	21.463171
23476	23.061450
54310	23.179039
43193	28.572125
25090	28.872405
38844	36.486322
70081	37.244029
54712	38.195449
49813	39.839890
36074	42.699217
23882	45.740833
49316	47.805393
57006	48.204091
32454	48.447794
31921	49.140713
64019	49.580657
30065	52.639581
36289	58.391799
46709	58.850222
22559	63.215865
25059	63.790886
51772	64.572410
49934	64.579561
35908	66.952003
27674	69.702414
62626	70.965494
29685	73.824135
24010	75.249463
45397	73.814372
55216	79.600214
28850	79.516159
54211	81.912442
55407	82.857488
51269	83.377322
42465	83.537660
31268	98.632856
54951	98.782559
35475	102.646921
41201	103.757473
30900	104.733620
64145	106.053131
32785	107.531742
48930	108.878960
24609	102.901133
44145	114.312031
34037	117.064532
23800	118.702748
28671	124.024431
22246	125.224506
50359	127.772787
35627	128.782589
24530	128.817035
64332	134.604860
57903	139.520921
66958	141.192057
27119	143.883009
33202	144.954792
34814	146.850845
51594	147.365117
33626	148.264392
40548	148.317526
22365	148.797839
23448	150.845218
27260	151.620907
24907	150.606772
28609	156.624973
22103	152.549182
22336	161.969071
45726	162.932119
50523	166.037185
33105	166.589558
36104	167.286096
43782	167.201137
22272	169.406709
39706	171.529422
62390	176.150279
68356	176.202027
42982	173.085278
28211	178.948111
55872	176.092373
34466	185.886809
51562	189.043117
44719	189.954969
54348	191.514500
58171	192.109173
37230	196.857876
60640	199.229791
43645	200.173486
25868	201.023670
25067	198.419988
32762	202.062762
49808	204.115167
23891	204.534635
35264	207.170471
24895	206.538984
32817	208.899189
34846	202.847944
24059	213.923676
35080	216.898178
26259	217.917433
50514	219.617415
39007	220.727698
23464	221.209691
61565	229.480354
23165	230.364310
50853	231.751561
22087	231.956555
43197	232.558852
44698	233.739538
50526	234.284568
30374	241.380183
63298	242.627489
27075	244.787321
26067	248.134580
24565	248.624075
34925	249.096581
28590	252.290210
66870	253.345997
25648	252.935917
33692	256.229983
55701	258.491922
44619	258.952824
57211	262.073220
27247	262.999079
34851	263.277510
25515	263.636948
33491	266.170560
63564	266.211547
22109	268.668193
51348	272.371840
39889	274.133526
33244	277.240450
40600	280.233665
49023	283.820778
25408	285.741547
29433	289.660465
45585	298.501419
37072	299.399048
25366	299.646081
49978	299.912037
44319	306.070586
43257	309.085003
25107	309.384298
48240	310.098045
23577	318.498054
37309	320.871514
22926	322.222671
68986	321.239792
60814	326.477524
22673	331.470477
51685	337.213707
38704	337.551942
24373	339.136865
62709	344.256782
28283	345.340984
56348	345.446842
39747	343.771882
28282	352.894759
61747	354.667847
30458	358.174234
29691	357.995563
47953	360.475996
48022	363.814588
41708	364.174453
42681	365.178450
31769	370.292310
31007	371.250235
22322	364.370359
30110	374.940237
54220	374.867408
25118	377.216277
35244	378.859561
35230	379.070563
60814	380.713410
34077	380.381501
34349	384.644892
48447	383.870855
60082	388.973493
27094	389.979526
34839	391.151900
40272	393.902219
40818	394.776142
29116	397.582214
30693	398.258189
24082	400.138787
36857	400.345196
39921	405.779891
69152	407.247979
26827	410.702469
51142	413.735657
44754	414.975050
27968	415.753732
51478	417.303254
30056	419.429212
39360	419.944454
47939	424.148492
30070	426.754485
66164	428.306150
50458	433.658881
22461	437.196352
41006	442.757510
30954	448.490434
30375	448.731318
52836	451.581195
32107	454.251672
50782	455.371181
47898	457.396675
23122	459.353832
27776	460.340957
26755	462.566697
37858	463.088694
49567	467.226724
49702	465.463685
34944	467.369569
58923	469.221739
45280	470.275212
56160	471.104913
21981	473.334887
41525	476.874718
27907	480.863629
25468	486.533413
32326	494.593954
23803	490.003819
52718	499.171999
41302	502.960427
26912	506.087288
47346	506.153518
30691	507.325970
32680	508.744503
51849	510.692047
25712	514.796074
23987	516.131540
46195	518.393236
49717	525.084413
44438	528.873826
31441	530.573143
50585	537.403058
22400	540.343253
27031	540.373979
33883	539.970744
28900	544.869867
29941	545.447210
46996	547.153455
26116	547.531411
56205	549.225948
35346	551.053419
23702	556.038220
24223	564.429627
69163	566.022442
40172	569.227276
31848	571.115440
37793	575.909485
45747	579.278155
66086	585.187709
63964	591.295215
64276	591.298815
69894	581.386852
25885	599.452635
53956	598.738083
60822	610.327610
46790	614.567191
27570	617.835652
57962	619.321003
22679	620.534357
34881	623.056685
69818	624.208465
39200	625.789049
45447	634.190234
38266	635.740876
24148	637.870714
57972	641.495911
31578	639.576691
44619	646.661870
69935	651.583709
45815	624.565609
44303	654.987921
53863	657.640414
42168	659.715301
57199	662.728632
28639	665.551171
46913	666.517115
50447	666.577888
59859	666.979614
60640	666.531326
36617	668.879375
49106	675.653447
28451	674.074071
24823	679.616439
30880	678.916554
23149	682.518289
31326	690.428839
49542	690.179753
52923	692.471133
42039	694.637511
24219	695.810194
36993	696.531016
50949	700.462668
66183	701.847214
45037	702.540707
47352	703.085496
38798	702.903903
38132	705.734163
26051	706.434614
52266	708.362791
57060	710.384191
36594	714.326458
58874	716.315945
55794	717.842152
58931	716.853455
60878	720.789697
39444	721.086307
36400	723.216517
45874	723.499286
63750	723.680623
39742	726.189179
31080	729.927774
49041	741.670444
32109	742.707639
28518	744.176415
64017	746.890380
52609	748.565434
24551	749.949147
25969	751.889904
23890	752.624509
37263	752.861525
68853	754.392509
59480	755.318410
24503	755.795844
70586	758.986858
25058	763.418748
33917	766.368011
64762	766.129077
43854	768.404295
26776	764.758226
43428	771.398130
27475	771.126928
65827	772.259818
59829	775.187586
36187	778.891586
39390	779.672439
46906	779.857319
34070	770.353920
52384	780.322161
33850	782.162804
27112	782.304116
40423	783.916955
55186	784.994470
49192	785.209794
35986	787.288054
25924	788.410700
22510	791.341132
47381	791.855472
43000	793.112182
29417	793.688367
64292	798.633875
41691	799.985676
24388	802.168947
45400	802.686164
42769	810.077230
66705	811.022529
44273	811.130065
69736	813.376794
58257	816.314139
33375	823.372762
31260	825.150967
43757	825.786352
44161	826.640962
42778	828.169787
26873	828.371784
33090	830.888862
61674	830.613835
36110	831.650157
29001	831.733641
26024	834.891844
59455	837.811635
37721	838.586325
24534	845.427086
25777	852.398364
68368	861.581458
27917	864.008627
25882	865.839638
67773	871.068921
30812	871.969233
65771	877.645959
33115	879.274743
30142	882.425813
44497	883.098621
25513	883.791331
41493	885.269065
60082	886.987239
51813	886.914517
36281	888.642027
37911	886.649088
22805	889.173405
39687	891.751663
31887	896.729446
51735	897.015063
25228	898.162448
26657	897.656950
45504	899.224793
35595	902.123134
46188	901.705462
44508	902.608901
70526	903.806297
34359	904.604026
39743	922.500980
31141	930.520147
33068	932.892574
29078	933.272565
45472	934.570472
63214	936.830646
53676	940.758161
64427	941.238190
57190	948.740029
25800	953.177270
29672	953.589379
55374	955.126756
25616	953.891546
22104	961.880683
55538	961.787301
50166	967.629232
66759	971.094051
30809	972.159380
45337	974.251884
49706	974.421128
27556	973.536922
32092	974.870532
43470	975.020093
32904	975.280343
39320	975.123654
61406	978.556176
47353	978.479133
49453	980.480036
39057	982.011887
54554	982.566613
23501	987.140646
45300	986.234451
26361	990.689476
35583	992.802704
23968	992.289292
65943	995.235821
30376	997.438904
51278	998.872923
32937	1002.416954
22653	1000.961236
35099	988.453407
52428	1003.333352
55434	1005.058216
25254	1007.386309
55543	1008.602834
28086	1008.842696
59874	1009.703371
36835	1013.043461
22793	1013.565149
27682	1018.161569
26788	1020.208106
57067	1022.298512
33676	1024.922542
31529	1025.534220
47535	1030.313233
31143	1026.064994
28953	1032.338016
43197	1033.174816
60713	1037.073554
28028	1038.556272
44502	1043.151733
63293	1048.317301
27553	1048.414720
58172	1053.755192
23691	1054.416663
69447	1055.587004
51797	1055.268478
61142	1058.070028
25158	1061.533269
23904	1062.998279
23779	1062.351393
26664	1063.367689
27744	1066.038931
39689	1064.153673
56655	1072.916073
22577	1074.504401
60680	1076.379744
27607	1076.983998
57680	1081.665386
26424	1086.534263
35921	1087.270885
37306	1087.877705
63527	1087.204633
52894	1091.620996
23639	1091.931832
37943	1098.823138
25101	1100.269640
29349	1105.427331
69692	1105.539705
64593	1110.887649
63670	1112.758261
39693	1116.909995
38107	1115.260479
23474	1119.456546
34356	1120.893610
36793	1121.325746
24882	1122.129913
28497	1122.826544
24473	1123.256589
55155	1126.435105
32603	1126.972019
24024	1127.352420
29356	1129.009807
41131	1127.616769
26101	1129.698895
48581	1129.963571
30199	1131.624376
70011	1132.662160
24868	1133.320269
29138	1132.813774
24912	1136.008405
25725	1141.700988
23560	1142.475497
41264	1142.319963
39256	1143.568178
38359	1148.448912
67392	1160.511477
33474	1160.903394
46237	1160.342870
22435	1164.621415
69015	1169.094629
43981	1170.372772
32726	1176.769409
28310	1186.499280
25989	1188.522047
39134	1188.706187
60919	1190.386900
40513	1189.998747
25337	1192.324968
31717	1195.973343
59064	1201.017511
51185	1202.519461
68487	1204.987704
49524	1212.206015
38168	1211.462519
31735	1211.594873
33198	1216.290104
44390	1217.200959
28571	1219.594061
43030	1221.864417
42729	1226.619559
53724	1233.969397
36943	1239.242278
37246	1241.643007
35435	1243.975243
59217	1245.324376
52605	1241.420791
48524	1247.506858
26429	1249.206257
58857	1250.697409
47568	1254.485317
42040	1256.486448
44245	1260.936181
51858	1230.899858
56290	1264.791086
27019	1266.641420
46299	1267.260656
29174	1274.309510
29369	1275.033268
41605	1280.378525
27261	1283.637101
45366	1284.067775
50732	1288.944266
40818	1289.146565
35572	1292.686118
51793	1293.607545
62289	1291.658748
56764	1296.161716
51825	1297.677194
37878	1299.638059
50948	1301.240517
70635	1302.411602
23742	1303.592319
70225	1304.696696
47874	1308.546117
53647	1311.945026
66571	1315.181715
44907	1316.396451
27275	1319.271710
47357	1321.550116
25379	1321.309957
42379	1323.983371
49734	1325.027467
45188	1324.013782
48383	1326.197609
24605	1327.472857
58149	1327.266295
24892	1335.029951
30360	1332.327218
67495	1334.568965
31843	1337.282789
30854	1337.947943
69303	1340.113429
37324	1340.615289
24872	1342.277944
67222	1343.910314
28877	1347.804368
63379	1347.557932
61939	1350.381601
61493	1352.114085
24093	1354.129788
37278	1355.663346
26359	1359.747386
63561	1359.772627
35270	1363.690944
55368	1364.744077
26882	1365.373880
39912	1364.723921
44508	1369.236509
60652	1376.846247
41192	1380.931890
31957	1382.626643
39180	1383.786568
38826	1385.707153
43833	1388.804294
25448	1389.609046
24563	1392.133164
40538	1395.198402
51669	1396.443621
27753	1394.820425
24960	1396.995038
33788	1397.707128
70295	1398.348262
40990	1400.527025
28709	1404.701447
38379	1406.073981
24602	1406.256159
35036	1407.042530
49546	1412.204806
33219	1411.668828
40833	1413.717453
49325	1415.949086
54388	1416.244373
27929	1421.766136
41112	1420.249582
48273	1423.588111
39767	1425.042008
25850	1428.078881
28447	1428.102440
26042	1428.842621
46749	1433.260945
26585	1434.262309
27195	1437.097491
25352	1437.240817
41668	1438.245704
27353	1441.034449
24767	1444.321307
52099	1450.466721
42155	1453.452817
26869	1454.397993
39045	1454.819036
68472	1456.984580
28338	1458.008398
40488	1458.300083
60926	1458.895216
59241	1462.223044
69858	1461.582993
27966	1462.974458
26532	1463.929927
23149	1467.528696
30727	1471.704477
30834	1472.732310
68458	1473.981570
56808	1477.159454
31479	1475.666414
22214	1476.214068
48528	1478.521167
22474	1479.890918
31227	1484.989184
26986	1488.907118
37773	1489.112307
23863	1490.432327
70125	1490.774341
43910	1489.835445
69363	1496.763054
64350	1499.342688
23336	1499.261264
37540	1502.625494
67499	1502.702651
33667	1503.264738
24010	1505.589455
32962	1506.585593
41128	1507.940146
48894	1509.572878
42331	1509.726052
24186	1512.303679
40919	1514.630082
39041	1516.173299
59424	1514.495144
49139	1515.107117
35569	1524.288336
23333	1524.307633
49454	1524.975402
24707	1525.154800
33155	1531.560943
44620	1533.652983
48225	1532.951940
23410	1537.892387
25289	1540.209427
54211	1540.940706
58002	1542.570720
45356	1545.003967
25321	1545.162966
61155	1545.712703
41467	1545.728845
41528	1548.020461
57642	1549.692866
25520	1550.054282
35643	1551.728668
42634	1552.767703
29546	1552.053441
34807	1552.070161
25111	1553.108914
53536	1554.930680
59883	1563.561258
49385	1564.424820
25685	1569.311933
28303	1568.698234
27021	1573.474519
49858	1576.815442
67406	1582.082212
28963	1582.957397
60354	1582.979442
34557	1587.385060
32663	1592.185919
39213	1592.099351
61359	1595.655879
22264	1597.251979
62418	1598.264007
47142	1598.534588
67288	1600.131910
24422	1600.845007
41606	1602.274253
58931	1601.139261
37863	1607.190052
53272	1607.487108
25674	1611.078202
58293	1611.706387
40171	1607.759164
43942	1619.754843
64592	1622.313005
63501	1623.560657
47213	1625.952656
22610	1627.509081
31148	1630.168297
47987	1634.948878
42611	1637.802493
32913	1640.414584
51239	1639.542537
54569	1642.040047
22837	1653.892822
32883	1654.678092
31835	1656.467727
38304	1657.771230
32835	1659.917240
50027	1652.032305
61148	1661.145532
22056	1660.623242
41851	1663.988308
64783	1665.609555
28807	1667.055284
29893	1669.477256
50888	1670.329174
52693	1672.183980
47792	1677.500786
45404	1676.117722
23711	1678.302902
54053	1681.668341
24145	1686.728674
28164	1686.965097
22834	1691.144992
41828	1689.457562
64953	1693.339145
26559	1694.227971
24156	1696.571987
39343	1696.448272
61077	1701.284169
61628	1702.245897
27754	1702.533699
34159	1704.996440
41606	1705.202443
59938	1713.273922
53450	1716.243554
25513	1713.481617
43308	1718.326614
45873	1719.200110
44004	1726.566166
24419	2.225734
25449	2.665418
51988	8.059302
57165	8.783889
24886	9.182847
38227	11.156190
37347	11.225432
22500	12.964071
46568	13.055109
26855	14.193023
29066	15.028777
51080	16.273346
25596	18.081351
31496	18.490398
42934	18.779406
36382	19.144988
31856	27.167705
31193	28.113617
70723	30.656808
70183	34.257935
45611	34.589864
42192	35.548029
30160	38.437052
49564	40.866850
22022	42.180069
46793	45.195753
41086	46.639885
25207	49.976726
33834	53.321423
38995	54.823951
23438	56.139462
34467	56.817917
48413	57.999629
45761	58.966312
28616	61.405007
40301	63.950236
47195	68.503202
45797	69.811525
42217	69.789777
50961	71.499660
27540	71.343125
37256	73.332718
38971	74.224514
53498	79.421918
52985	80.085471
69401	81.519765
30691	94.773383
58906	94.758682
33886	95.062858
43396	95.937646
43344	97.763151
50994	105.130882
37911	106.854467
24501	110.287008
34749	110.332527
55881	111.539205
70217	113.657811
54222	115.601351
32590	120.541928
52525	121.188140
24381	126.707877
45179	128.091755
46728	127.720812
34929	129.232185
25502	133.479219
33423	135.667543
42705	136.844239
64385	138.194884
64392	143.522697
60720	145.382147
23518	146.595259
41188	148.018120
29981	150.840785
32043	151.593024
38833	153.020881
60146	154.241614
49907	160.836209
43557	163.070553
63565	163.221653
25085	165.537894
22756	169.896989
28281	170.151395
25529	173.820727
32908	175.254014
42283	183.466594
58528	183.809166
58215	186.850220
64633	188.084459
38853	189.537120
36962	192.820541
25379	193.821854
51356	194.382366
57261	195.059644
51429	196.843791
50740	199.801669
54309	206.579142
69680	206.899359
46842	209.544865
28992	215.848955
26902	216.439157
33568	217.781794
47673	217.860962
56597	229.322303
22952	235.575017
37773	236.757729
41036	237.498209
34634	237.817398
30786	238.874391
46935	239.055455
47496	239.719011
31872	239.939953
23249	239.873200
42179	241.844938
55462	244.502754
51900	244.802661
30952	245.176111
48290	245.645645
31755	249.300938
33287	250.154093
43573	249.326866
47949	251.958549
50488	254.778416
23458	259.282590
27128	260.066313
40361	260.401208
41904	262.002741
51941	263.638381
44447	263.718768
26761	264.299239
70569	265.725444
43510	265.813332
37236	266.197024
45405	268.006503
30025	270.165011
22575	273.194222
30961	273.928441
31324	274.884054
49838	278.150016
35699	278.302381
61284	280.419771
63864	280.808992
60756	282.384964
53395	284.473153
26469	285.852631
54594	289.061681
30726	290.131742
66512	289.420433
66247	290.887922
56424	291.706491
48470	292.533120
45910	293.348263
45083	298.385414
25081	299.070435
43043	301.868234
36674	302.583225
28417	307.970269
25135	308.534675
36917	302.333136
70351	309.393094
23989	313.911571
33247	317.168128
47327	320.136307
56272	322.726430
49631	323.231758
70022	324.176276
33828	324.577405
63292	327.992650
51267	331.441641
35065	331.750451
42132	333.295176
25681	338.244563
45825	341.288989
25322	342.081094
59035	343.007458
31600	343.222890
61753	346.214223
30715	350.957852
32889	354.419369
30804	354.717868
60988	355.247421
30670	357.003696
33487	359.914352
23649	360.842366
24462	362.702689
30261	364.083487
49393	364.168486
30487	365.429675
39779	367.380226
35052	370.893979
24934	371.969657
32233	372.573044
35137	375.106205
23512	376.067695
35813	376.171389
29080	385.859292
32279	379.897889
44383	387.450540
32075	387.544252
29537	388.847258
29593	387.165475
37451	399.875141
35156	400.517636
55519	401.757846
22332	403.788928
69522	410.970924
23513	411.364392
30758	413.469608
25566	413.548734
30441	414.856633
55611	416.047155
31686	419.993713
50905	421.402141
45391	425.449531
40234	428.873531
56211	429.758854
29096	429.287459
41508	433.955751
23814	435.730641
39853	436.669416
23292	437.160819
41085	439.157843
54885	441.692330
31141	411.055054
60026	443.521925
54404	444.061107
47163	443.877917
46761	445.382848
53345	442.322700
33772	451.682948
41770	459.941302
59539	460.942298
24119	454.415571
37584	461.427024
45628	473.324796
66238	479.391186
25780	479.763166
24194	482.233036
68026	484.564771
54464	485.989722
37813	487.169177
34073	487.526246
30193	489.648976
25907	492.898322
64337	492.819438
22176	493.013148
50203	493.330058
38842	485.792035
61146	494.463851
35261	495.382177
44336	497.139299
63851	505.280109
44234	508.544802
41012	510.421326
43191	510.269879
37354	511.752531
24333	510.897421
45255	510.256366
28503	514.589621
23831	517.224812
41322	518.047714
38295	518.998830
37190	523.199939
43227	523.744925
22577	522.806784
32275	526.903806
67403	528.790166
22006	529.803429
50335	531.238736
43321	530.027862
67024	537.172177
43134	538.548647
32510	538.830548
56337	538.916357
24808	540.295547
60981	544.561887
24278	543.273739
34506	551.794720
64911	554.571927
31162	557.484810
30835	561.940812
30990	563.834174
52106	565.669492
33765	567.600924
67639	563.673861
25829	570.883065
68735	572.918878
23065	573.235399
34997	577.326618
54251	577.434982
23053	577.605954
36783	578.064526
38652	579.829200
22440	581.872055
22911	583.358251
46770	585.218677
50479	589.757733
46572	583.637212
24377	593.714930
23998	587.477079
55559	595.788926
45121	596.414361
24999	597.967832
22211	598.656814
45609	600.407343
59598	601.172467
25236	602.478335
22932	602.578353
45704	602.767993
22028	602.142318
26573	604.741506
48899	612.610847
23939	613.633073
32666	615.424603
23119	619.892844
39659	620.395162
28242	624.059504
37911	625.935787
34554	627.077372
31623	629.154340
32797	629.995427
23169	632.408927
46794	633.249188
34039	635.213643
36323	639.169607
41920	641.650931
38526	642.823142
39614	581.318551
61870	650.745295
40729	653.227862
37349	656.503615
60439	649.502367
64670	658.125034
28506	657.449710
54986	662.104487
48364	665.108076
26343	666.460229
60127	665.688948
24523	667.316005
25532	669.132074
53949	670.304915
38442	670.278635
40665	670.593036
30136	672.451844
24740	672.652253
25120	674.202299
48095	677.721986
51836	676.924202
28100	680.065257
67138	681.057271
29077	684.112188
24041	682.357772
26069	687.958253
39973	690.977804
44202	692.934203
38523	695.744863
30490	697.500574
22019	703.410460
55677	703.518702
33713	703.828012
28118	706.007721
25458	708.015985
48897	708.818657
27518	711.125600
22945	712.139783
23352	712.348141
44659	715.649990
58369	721.143854
26410	725.660984
27283	726.242657
56474	727.419963
35750	728.357548
40753	720.573243
26147	732.188589
47433	736.232082
68332	736.218714
23169	743.031353
62748	745.721852
37654	746.607091
23382	749.531248
30357	750.004789
44885	753.145050
62420	754.203674
64680	754.435139
26460	754.923749
50616	765.710615
43468	766.843758
64346	771.040200
37306	775.319181
33189	775.357891
38932	775.968074
39303	778.075833
24676	782.598129
38099	783.208713
28377	784.892019
64115	786.806688
57267	790.004161
40990	791.100544
26384	789.098423
69581	795.129948
36657	796.820126
22445	800.750506
63587	802.309204
37257	804.316323
57584	805.306690
65768	807.033038
44626	804.769217
43317	809.680513
28562	809.882924
36473	811.444021
67430	811.203329
26212	818.437676
24282	823.569533
24658	824.850813
57526	828.989762
35670	828.991474
35352	830.241401
51920	834.042356
52268	834.437719
39752	836.326152
45874	840.257378
44138	841.485517
37186	840.899007
63425	841.669397
41151	847.010723
59042	845.047391
44606	848.793996
33193	850.147224
23052	851.114411
31979	851.111314
46594	851.593791
50908	853.523029
41713	855.605113
66021	856.975620
41351	860.164897
31405	861.509970
69757	861.884703
22431	862.671405
32675	864.233902
43443	864.737936
41879	869.597877
35292	870.823095
38827	870.935574
49788	873.991422
60995	877.172248
47622	878.073841
45622	880.530677
38773	882.485303
67868	883.271641
23770	890.035064
24100	890.086780
24354	890.787218
63255	889.145292
51887	892.537216
40679	895.890855
28858	897.925081
40178	910.295343
24305	911.280602
28256	912.535750
61557	911.794391
28585	916.967105
35569	918.946716
26729	919.438339
50906	922.137762
56764	923.088049
34558	924.036595
41168	924.520575
61919	924.799951
23881	925.997346
22470	934.920689
24535	937.397639
36119	936.729179
36305	949.904244
29970	952.932088
30990	953.247874
36012	953.561599
26629	953.530050
23599	954.673312
41668	958.683595
47781	960.417008
29913	966.397051
38565	969.190019
31880	970.562989
53607	969.384173
37725	974.398737
32573	975.055436
56940	980.505516
46747	980.713394
31150	984.924847
24120	987.623545
39402	988.142180
46964	996.632573
60919	998.321147
27458	998.475109
25009	999.078567
33479	1000.490753
60698	1003.582519
26041	1007.909439
27063	978.512012
41555	1011.783934
33458	1010.844010
47574	1017.036006
25785	1019.571961
26144	1022.348631
62145	1022.665673
58377	1024.006934
51524	1028.142643
50934	1029.591274
65667	1031.322624
34939	1032.819655
47386	1034.149004
28497	1034.178455
34538	1036.810220
32007	1043.372437
51259	1045.120252
37607	1044.929075
33730	1047.352153
48034	1047.332845
41644	1048.771777
28301	1049.652104
39315	1049.593761
49300	1050.983389
33950	1052.588259
45955	1060.272296
29445	1061.583330
58775	1064.993556
26275	1065.632727
35555	1063.170242
30137	1066.620906
39862	1070.348771
47035	1073.856465
26075	1067.740538
23465	1080.316376
29614	1086.415706
31533	1090.333265
49893	1090.764365
30714	1093.420654
24185	1093.593709
25959	1095.880973
25403	1096.670037
47739	1094.716172
63214	1099.345858
41366	1100.270935
23432	1100.772013
27205	1101.265437
35109	1101.401671
26234	1103.641258
67273	1107.652253
25597	1111.496386
28230	1111.568246
23683	1112.925353
25172	1113.140436
64621	1111.509943
23695	1113.563124
43402	1114.015704
30943	1120.393123
30642	1123.882939
68814	1125.830979
56216	1124.944111
25107	1125.199569
27142	1128.770732
24973	1129.053796
51245	1137.781313
48914	1138.935731
24940	1139.459444
38580	1141.007885
27226	1141.832639
46093	1143.487361
64372	1144.600237
66325	1149.210020
46253	1149.808229
48642	1150.181103
34098	1155.780990
31254	1155.236324
26172	1159.930000
33654	1160.677600
39299	1163.171736
49572	1158.565689
52714	1165.573039
61705	1165.280411
48484	1166.095666
38101	1166.417462
28150	1168.026173
43947	1169.466608
25723	1170.142449
35537	1173.276306
29749	1179.792936
29257	1180.034113
27000	1181.161803
35551	1189.698180
37758	1198.227779
23077	1201.352311
26726	1201.106267
30460	1202.395209
32844	1205.558043
35977	1213.885254
47368	1214.791256
45074	1215.746721
33507	1200.899661
47688	1218.149168
59227	1220.797696
47997	1222.503841
32597	1223.546555
46102	1223.828605
51492	1225.789934
56514	1227.035870
32991	1227.355612
43007	1227.394273
26747	1229.159528
24701	1231.441059
44991	1233.389669
43035	1236.906620
46317	1237.483064
22802	1238.402942
26149	1240.705386
29993	1240.469466
58013	1240.647962
57070	1242.486599
32405	1242.737948
28459	1244.368633
62924	1243.677659
25651	1245.994805
24540	1246.195631
25494	1246.486211
56260	1254.267051
27816	1254.935267
38525	1255.735203
29517	1256.150824
33560	1257.804024
27704	1261.307687
31822	1264.676981
38015	1266.389948
29228	1266.117001
48826	1268.760836
28981	1271.547594
28705	1273.856652
23993	1274.843636
50308	1280.342962
25788	1288.432684
69713	1289.189047
51932	1291.202437
55214	1291.486577
28003	1297.432455
62937	1299.750552
26519	1301.538012
37232	1303.391036
68888	1305.091757
39527	1306.269115
22053	1309.122476
24729	1310.502841
65391	1324.392992
25450	1325.529690
26875	1326.308311
43423	1327.790331
33568	1337.436530
23158	1317.156010
38216	1340.172064
32551	1341.050409
31122	1341.928085
28914	1344.100156
42989	1344.960291
70756	1344.764828
56422	1347.070367
34330	1346.904575
37168	1347.589979
45745	1349.753571
59119	1353.698962
35586	1359.634639
33629	1364.729695
31775	1367.123397
27419	1370.777149
25725	1371.835311
44095	1373.731539
28504	1374.728156
61267	1375.540480
45612	1377.812026
32314	1378.433073
39309	1382.648835
49265	1388.211229
50025	1388.636610
31584	1390.914627
54117	1391.670238
34344	1392.829193
62870	1394.269234
36930	1392.502123
56379	1395.174142
31368	1397.464919
37371	1401.269088
39615	1404.820611
24598	1408.453482
63752	1408.042335
36289	1410.589660
46043	1414.538547
27192	1414.954680
31780	1416.526272
46286	1427.310243
66230	1427.468483
58892	1428.940189
56189	1429.179625
41750	1433.092035
67075	1433.524875
47805	1433.642327
25389	1434.975428
40608	1435.916153
24675	1436.551619
26890	1439.865934
56834	1441.353453
25148	1443.223531
25443	1445.561683
35592	1446.203499
28446	1446.525034
43272	1446.630604
70696	1450.644912
28442	1450.907701
35057	1451.671307
27814	1454.321309
30934	1454.427060
32819	1458.677270
60331	1466.624548
30089	1466.784040
50958	1470.552918
64319	1475.302385
33517	1476.936432
30918	1477.058508
37600	1479.069631
54748	1486.213843
41914	1487.879053
22205	1489.296150
40307	1490.503626
56575	1491.904918
33753	1491.726641
36624	1491.689843
26785	1495.734203
32988	1496.293793
59363	1499.066686
35419	1500.237783
58553	1501.626328
27078	1501.464520
34610	1503.580574
52938	1505.938784
66876	1508.460968
39622	1509.820220
23610	1510.590341
31445	1512.051376
25217	1519.698286
30658	1520.793478
59989	1523.822968
64631	1525.801484
27645	1528.135238
55459	1528.370407
49162	1529.527082
25946	1529.485493
51942	1533.443775
24692	1537.547641
57340	1539.644394
35822	1540.481827
22230	1544.424309
56441	1544.653004
40149	1547.971858
65774	1554.433666
30067	1555.892196
32879	1556.138326
39244	1557.310068
33562	1559.991528
28999	1561.217703
48862	1560.227895
23143	1563.533905
33067	1563.816646
41998	1565.823208
25108	1568.657424
58534	1570.974366
24449	1573.052203
43413	1574.320032
40642	1575.276688
47370	1574.731662
48434	1576.643028
29753	1577.920764
44511	1577.887200
30460	1582.174813
66014	1582.684518
25245	1585.002889
60307	1586.594761
40727	1589.045265
43322	1590.670881
66528	1592.699985
27270	1595.053418
25783	1597.411954
29997	1598.493294
45466	1600.708937
33650	1603.282988
50219	1604.692420
39630	1601.878219
30714	1605.316908
33369	1605.345870
58351	1609.111485
60929	1607.862881
42421	1611.566144
31875	1612.266342
26147	1615.884417
52512	1613.900332
41644	1622.780743
24353	1626.115301
38663	1626.343273
56501	1629.616122
54739	1633.181486
25889	1634.459644
34572	1635.855028
66819	1636.604166
65308	1652.070067
26927	1651.907061
51123	1653.110084
43652	1659.907860
35455	1664.933813
47479	1672.181319
44602	1675.057072
23166	1677.906092
38461	1677.248718
25799	1681.967315
40669	1685.167541
66810	1685.022856
34918	1693.363479
28519	1697.871611
23446	1699.739712
52528	1700.739105
25566	1708.668854
34951	1709.423301
59038	1710.684624
50885	1710.609954
52601	1718.342051
24767	1724.435912
67323	1726.308760
29461	0.111108
27378	4.663522
26229	5.299631
28118	5.980164
36858	11.995332
27204	13.473507
38187	14.003659
23507	15.554981
22491	17.860178
36234	18.060919
31628	18.020090
47886	19.201194
50530	24.865148
62823	30.853617
40792	31.765909
67503	31.864678
27196	32.772138
23680	36.036728
23491	39.536806
38135	39.917490
39513	45.570551
56463	49.070429
32980	50.443609
23881	51.769567
34804	51.873349
38389	53.844659
50003	54.441770
64317	56.197546
41167	57.198440
62495	57.555329
64837	57.954853
39131	58.700195
47747	58.983647
63201	57.136717
70359	63.504983
41491	64.814428
49218	67.695080
33254	68.425175
69532	68.451343
31813	72.928049
46258	73.465917
55715	79.023189
68113	80.958370
46712	81.806768
24851	82.760333
26572	92.389572
28494	95.114360
35448	96.730116
26179	98.416223
34718	98.086989
49387	99.284886
45212	99.502526
22714	100.533649
37223	101.209199
37265	101.245451
52374	101.420160
37529	101.404506
52451	101.866288
53130	103.036600
33375	103.662194
22758	110.361683
29926	112.847359
28850	116.811401
26503	118.388451
28998	120.917287
54408	121.348959
30815	122.201202
51230	122.583208
45725	123.876289
54694	125.925723
23711	128.624732
62205	134.105720
36056	134.984243
58062	138.312696
23531	141.521695
70419	144.693120
43010	144.898757
66223	147.797728
41152	148.539046
24435	152.876441
23495	155.265296
49560	158.616963
52822	159.088951
24288	159.247887
28708	159.332395
58453	162.418345
33578	167.966288
33079	176.776992
22519	176.395861
50271	177.888910
28257	179.768306
67077	181.182997
25071	181.163183
42567	181.900996
25193	184.486789
55099	186.299169
43763	185.785715
47613	188.345894
30394	189.268545
43858	189.883035
38315	190.982840
30472	196.682325
22581	199.860820
55188	200.957318
24497	204.903134
24441	207.213937
28323	205.562753
26982	209.554277
24393	210.709751
58317	211.723782
53472	213.787378
22576	214.695853
23402	215.301928
44850	217.002340
40417	219.952270
39178	221.077679
50121	221.590518
45513	222.133708
36777	226.365966
67985	226.936150
28482	227.964022
65097	228.287854
53655	233.034019
29819	234.273020
33206	235.764569
66672	236.060963
28151	241.297837
39218	243.391979
59634	250.458248
22204	249.422591
30132	252.575443
53358	253.397115
33992	256.703985
34652	250.873728
26488	263.656358
29680	267.016854
44512	267.449979
38651	267.467250
24427	268.787089
64967	274.783756
33868	277.115902
24893	281.515729
49138	284.904323
66916	287.721225
52309	290.145233
47497	293.317963
36897	295.668402
24165	297.819904
29794	299.132751
54476	299.725982
44998	300.656856
38641	300.819001
66215	303.597308
52558	304.702241
35348	308.933918
46757	312.274027
60015	312.417625
24871	313.702302
42387	314.014858
43154	320.058468
24144	320.978150
25779	321.868815
44423	321.945468
70307	326.232863
37454	325.535283
52063	328.614234
40396	329.954010
26617	339.544777
48741	340.175456
64369	341.677343
41669	347.937665
22071	339.881060
27107	341.120425
23975	349.342849
35285	350.497630
28863	352.711851
68000	356.135407
26546	356.197689
26234	358.833724
55234	359.534347
37258	352.963076
63192	361.058168
24191	365.038867
25995	360.818434
47636	373.288063
23207	374.844025
27994	374.065213
27119	376.280412
37711	376.769286
39531	377.120087
32521	378.413903
23606	379.072928
62925	378.331216
68032	389.483004
60768	390.598160
38040	390.795662
61548	392.451948
44375	399.787814
47565	400.390965
31071	399.834341
68852	403.723459
32279	406.154725
22903	406.668314
58342	407.695519
43798	409.292763
22361	408.906559
24004	411.228090
32941	418.837861
23996	426.333752
36702	428.451186
56374	430.600726
45754	432.903024
31751	434.289621
30727	436.401410
44468	438.186688
54955	440.776229
27461	442.481436
55633	448.031269
60943	447.680799
49165	450.894140
24631	451.614406
22157	457.885296
42522	459.975410
25636	460.791392
31148	465.430113
27242	466.831568
37726	470.177415
25779	470.188408
22056	471.973367
66271	476.025545
45257	477.369131
23616	479.660730
31855	480.683421
30772	480.649741
29904	476.689749
56043	478.380328
62353	485.480171
22363	488.141717
34261	496.662917
22415	467.724489
32623	499.107247
25468	503.382274
32209	503.597295
54806	505.325253
54998	522.266394
23574	524.527650
57240	526.608200
25282	526.622086
41035	528.094732
23480	528.450543
33509	528.211943
55891	530.149539
42223	536.360553
62609	537.491592
32724	539.048881
46216	539.501385
46045	540.423006
23998	541.543643
23745	543.342421
53721	547.510783
26499	550.200866
22215	552.865424
54378	553.112660
37592	553.395068
24308	553.992276
51741	556.954707
24869	556.790872
66118	554.483218
24133	565.984955
24707	560.351741
42812	569.863310
57580	569.734993
61475	570.077633
29409	571.796575
40699	573.577721
27235	573.593137
26119	572.993789
25204	574.015095
41599	578.931099
29591	584.266383
44377	585.084932
23198	587.747247
29940	589.660812
45897	590.846540
24182	590.888887
61885	591.959052
55262	594.842698
70451	596.024220
38060	596.947618
23710	599.016665
62012	597.053225
31534	601.489741
59452	603.376234
42264	603.854424
28198	608.668314
54437	609.563506
23310	611.338598
51310	613.331954
32693	612.800191
47389	607.559648
34361	615.679338
40761	616.029451
49868	621.873064
43561	623.840582
37584	625.693947
54997	628.446113
54589	623.980138
46574	629.425133
33024	629.624185
61045	630.751210
36297	624.710006
28035	625.524038
64136	632.527483
46908	634.182759
22701	638.815849
55133	639.208955
50915	639.928732
30602	645.536347
23215	650.430372
32003	652.114677
25950	656.885980
24774	661.848458
30710	661.800201
55400	662.691081
22735	662.261208
30846	663.370205
51632	665.618252
25825	667.478783
55154	669.020729
55841	669.957317
52028	671.325931
59160	673.725017
43027	675.337364
61882	679.255769
23971	681.211974
70070	682.825238
46191	682.854371
26635	684.932551
63573	685.904418
29596	688.159609
62681	693.338430
23272	694.761160
46469	697.341095
40953	698.415840
39911	699.412044
29131	699.110000
30905	701.789706
42250	704.449203
25517	704.990097
37631	706.605804
27485	707.954819
23995	708.823616
37310	709.335137
60016	715.134282
54444	716.822316
44927	723.670839
56458	725.058609
65508	723.404054
22097	724.715988
50267	730.422163
25397	737.919999
35079	738.545745
46784	741.007853
34281	742.020078
41205	743.061331
36480	743.626558
52459	745.609415
66317	749.564415
23123	750.965375
49566	752.224912
58615	751.563699
27877	752.961882
49213	755.929752
41649	756.585886
36769	761.726760
68383	764.212178
70725	759.946747
31488	766.400152
57500	766.916571
41693	766.983041
26835	767.057189
27242	768.284565
34079	768.548843
35928	769.820289
35027	768.634604
32782	771.451097
41792	771.546850
22914	771.868669
60424	773.030017
41493	779.468915
65079	773.289407
66573	780.722330
42752	784.653274
40609	784.785655
45753	793.220442
31450	794.180588
25874	800.336849
34482	800.383457
30883	800.289194
40754	801.482641
58930	803.261859
66532	810.599052
31837	811.336500
28655	818.284436
41294	820.907710
22029	825.309073
54575	824.691235
28038	825.920444
23230	830.171236
44703	833.491725
35206	838.442494
35752	845.571825
66709	859.415786
28685	861.905822
57640	863.642643
23071	862.892473
30338	863.261630
61884	864.959742
22529	865.822125
47291	870.418977
47326	870.684586
34314	871.459912
62130	872.260495
53662	877.936446
46241	880.434437
26958	882.439769
27339	882.017045
46296	883.561657
22641	886.439141
65452	888.156656
24925	897.469300
31910	899.717328
22316	898.198728
37493	899.875272
55015	900.146058
51462	900.957138
48858	905.028998
25479	907.551915
40995	908.482039
35155	909.755845
30215	913.416935
42611	915.701303
36533	916.666234
29798	918.195715
40233	918.610073
26966	915.580117
24830	920.659410
66251	923.872813
56832	930.871228
23544	932.890712
46856	931.955948
24043	935.642414
25308	933.483247
27936	937.570317
24263	937.717247
36457	938.517463
24938	940.036862
30594	941.819396
62856	942.029340
27468	941.426751
64215	942.984025
28891	945.386842
28867	949.019035
23245	949.479299
36562	952.667903
47280	953.221143
22178	956.049000
33970	956.550409
24256	959.176197
29170	958.205150
36390	959.627674
24837	960.681656
41898	959.793532
32730	961.614197
33183	966.408264
28181	968.240952
27989	969.682882
33399	980.076001
67571	982.331354
32960	985.199497
64336	989.645532
26383	990.222342
24523	992.113672
38227	992.208028
23376	996.499226
59402	1000.402554
23634	1006.017552
68121	1006.723852
33794	1006.859131
37288	1010.600269
25553	1011.268782
52236	1012.719821
67242	1012.600826
24383	1015.786389
25257	1017.854346
31721	1018.526036
24729	1018.746014
40654	1019.822519
54166	1020.983713
41519	1023.037117
26292	1014.120053
38033	1025.128606
41772	1032.143035
23469	1037.106759
56407	1037.599341
52197	1041.326262
31540	1042.318251
54120	1046.946605
29027	1049.503022
57154	1051.800786
35939	1053.571764
22094	1055.920748
31786	1055.368518
43365	1059.337873
46694	1058.270958
23268	1062.739208
54716	1066.179133
33416	1060.048216
32978	1068.208169
33901	1072.742867
35407	1072.759610
30449	1075.929558
29733	1077.876653
35195	1079.728124
46613	1080.201432
31065	1081.390255
43992	1082.731323
37511	1083.962607
50679	1084.108293
42803	1085.930805
44291	1088.686528
43074	1088.940753
26873	1090.582708
25213	1091.690523
36082	1093.549065
24370	1093.631098
26745	1096.938590
36557	1099.717274
69714	1101.068150
67196	1106.171122
58911	1107.595435
67094	1108.242986
40061	1109.109801
54509	1110.883548
22075	1110.771830
23224	1111.946754
37351	1113.173531
53885	1114.747005
22177	1116.485396
25569	1114.624060
25513	1117.742507
28507	1114.773847
27343	1119.813280
23620	1122.842310
29412	1124.380300
53653	1128.144405
38807	1131.809592
33425	1135.215931
26184	1134.754600
60424	1135.736691
26522	1143.785014
22271	1145.611601
23309	1146.175807
22825	1147.510245
23342	1150.582253
25359	1150.991275
23675	1151.324560
37742	1157.212270
32284	1156.719385
23467	1160.732698
30206	1163.451171
70457	1167.411570
22304	1168.121462
27017	1170.891688
30895	1168.814374
38156	1174.779540
22752	1175.245331
51786	1175.206750
24726	1178.607037
35597	1180.087013
69774	1180.881780
23860	1186.296572
22338	1186.689345
41413	1186.185975
38187	1188.287606
28833	1188.735054
41666	1192.013139
35035	1194.523954
25376	1195.272447
49107	1196.379917
23242	1205.398566
45424	1205.765084
31357	1206.021821
29084	1209.254063
22812	1211.495560
30644	1212.866142
60741	1212.879948
23198	1214.151510
36996	1217.727693
43032	1218.313784
66601	1220.935575
40972	1223.008993
42323	1223.649352
67134	1229.051687
33780	1229.810490
34055	1230.735999
31746	1234.891415
24701	1238.148727
39317	1237.392026
61052	1237.674742
22961	1241.777727
37739	1243.484916
39290	1243.631148
22135	1250.361442
33088	1251.726996
24454	1253.412378
30450	1255.553264
24930	1256.759588
44269	1257.264422
27369	1259.509809
34872	1261.154961
55672	1263.551872
52409	1272.299713
28991	1271.614288
27494	1274.090052
25161	1275.056274
23686	1272.350615
40595	1278.394388
52072	1279.875330
50832	1281.692603
49784	1281.335989
64233	1288.131172
51683	1294.505359
23806	1298.469117
69672	1299.109509
31025	1299.566493
34461	1299.302363
43254	1300.852862
23500	1303.870990
39296	1307.545107
24878	1308.915679
35138	1308.674187
47832	1315.323244
44579	1317.026503
62633	1317.596767
47983	1318.760789
27018	1321.173850
37488	1325.132314
37282	1325.827481
27086	1327.849614
42209	1329.456652
67699	1330.383783
29254	1335.148196
66378	1336.249979
42674	1343.530074
47458	1348.520284
53234	1347.181294
30282	1345.977585
58180	1349.192526
23319	1350.155241
58068	1351.843514
55636	1358.470021
38542	1358.183127
41995	1361.798662
38541	1363.145299
34667	1369.284048
68150	1374.143459
24453	1377.890979
41159	1345.860769
48100	1380.995676
46674	1387.524352
41723	1392.575640
27597	1393.649612
22389	1395.149485
23827	1396.860706
24369	1400.520193
30334	1401.152574
65409	1401.711756
28614	1402.846218
47579	1403.924746
53957	1407.030325
42046	1411.044074
58130	1400.862218
43767	1417.534726
55183	1414.870497
44569	1421.676769
29942	1422.174911
61948	1423.398409
22664	1423.743533
27763	1423.970965
68335	1425.191441
34018	1429.574300
26131	1436.378454
27849	1441.205421
46518	1440.320598
32927	1442.423937
36944	1442.221659
30416	1442.909954
27900	1446.346390
55351	1447.021761
64786	1451.175335
25629	1450.108264
24818	1453.952124
31140	1456.372735
49998	1457.948031
27698	1458.004683
25152	1460.530289
28327	1462.352826
51643	1465.083164
41741	1471.149575
58857	1472.586686
24201	1475.475460
48340	1475.378465
68306	1476.011906
44487	1475.604499
68761	1480.754088
31375	1482.524379
49380	1482.622486
48958	1481.857224
51071	1483.382432
37186	1484.442535
34579	1488.987811
27410	1494.517854
22777	1495.043155
40557	1504.189344
54166	1506.193142
51750	1508.739655
32620	1508.582718
64329	1510.675674
23531	1511.343148
30717	1513.575098
61306	1513.481212
45785	1515.658412
22329	1517.805049
67657	1518.179851
35577	1518.446492
55663	1519.756136
50879	1518.894307
48992	1515.281829
38148	1527.329851
30165	1535.110447
28182	1537.787289
47183	1538.622371
52674	1541.603973
30538	1543.052602
31359	1546.117005
36114	1547.553828
69643	1552.016244
24863	1553.800827
44751	1553.461834
52682	1555.129389
57855	1555.979201
26677	1558.064473
56817	1559.266007
67756	1565.323139
58377	1569.268133
51167	1571.577238
34475	1573.113964
32494	1575.815674
53273	1575.997981
36508	1580.467279
53805	1580.880832
61196	1584.133315
35221	1584.511700
48263	1584.115463
40337	1585.772102
24162	1586.000506
23125	1587.314502
30170	1587.716697
44647	1589.453575
23058	1589.410148
59715	1591.959974
24084	1594.584734
25473	1597.463736
47379	1599.413444
41140	1599.457554
65146	1537.289753
32125	1601.311637
26926	1602.299789
31937	1604.103503
58218	1603.639623
21991	1604.903124
27656	1605.027643
26757	1605.225607
30228	1611.539953
24986	1613.232632
22124	1618.005033
33310	1619.229500
25915	1618.416846
26357	1623.185284
26593	1621.863606
35025	1623.296443
22419	1623.250096
50677	1624.414791
22348	1626.681109
31959	1627.105055
38722	1627.548512
24639	1631.441950
65940	1631.490852
47350	1635.072652
56992	1635.600053
34921	1635.856782
38112	1636.077662
22010	1637.133263
25967	1637.230666
22946	1637.283706
38171	1639.256575
36601	1641.872698
25940	1646.048957
27725	1649.857378
58908	1650.069094
30711	1650.271829
60110	1652.907659
23353	1660.232778
53675	1659.345314
54836	1666.049203
28113	1667.729306
28355	1668.881951
24624	1670.997656
38049	1673.172381
27824	1675.206997
70415	1676.712126
28494	1676.844050
37749	1675.489462
66677	1684.265295
27320	1687.109238
40789	1689.068151
45093	1691.906856
27257	1697.221160
34925	1698.311390
61047	1698.916457
53388	1701.869136
36325	1702.221783
65290	1703.720203
38372	1704.747586
25780	1709.819619
24108	1710.083123
64014	1712.627870
60184	1715.981553
23480	1717.573423
30920	1721.603698
26674	1725.492630
