1	0.703314
1	0.708519
1	1.546652
1	1.576623
1	1.519290
4	2.560348
1	3.101507
1	5.165814
1	5.265082
1	5.603874
1	6.486197
1	6.537437
2	7.266219
1	7.558736
6	8.035062
2	8.101474
1	8.247923
1	7.489901
1	7.807224
1	8.953722
1	10.209718
1	11.587091
2	11.676572
1	12.258989
1	14.224352
1	14.509830
1	14.466603
3	15.427082
3	16.476723
1	16.412238
6	16.541601
1	16.513694
1	14.776662
1	17.932005
2	18.572911
1	18.459227
2	18.467967
5	18.749478
1	18.779018
1	19.796477
1	20.213686
3	20.828520
1	21.064903
5	21.479763
1	19.375505
4	22.792612
1	23.007863
1	23.034435
2	22.815386
1	16.803782
6	23.812246
4	23.579097
1	24.245256
1	25.713561
1	23.991382
1	26.197285
1	25.592286
1	26.574017
1	28.268384
1	21.956936
3	28.926185
4	28.274929
3	29.729733
1	29.614603
5	28.891116
1	29.903209
2	29.586794
1	28.055103
1	31.193501
1	31.929422
1	31.200301
1	32.312296
1	31.657251
1	32.601741
2	33.238322
1	33.847022
1	34.105385
1	34.531063
1	34.147980
1	35.169480
1	32.481330
1	36.297676
1	36.569786
2	36.546416
1	37.184019
1	37.280134
1	36.497095
1	38.136903
1	35.380751
5	35.738892
1	39.271602
3	39.193825
1	40.709224
1	42.388189
1	42.984468
1	43.213831
1	42.942442
1	44.035507
1	44.365230
3	44.449606
1	42.095762
1	45.373849
1	44.457363
1	43.525008
1	47.976218
2	48.019903
1	47.459159
1	47.589703
2	47.463483
1	49.020805
2	48.320361
1	47.554244
1	50.106974
5	50.679328
1	49.850474
1	51.377913
1	48.782091
1	51.888718
4	51.133973
4	52.486108
1	52.718954
3	52.748305
3	53.037637
1	53.496540
1	53.975139
1	54.423452
5	53.902271
5	53.938895
1	55.419526
1	51.136952
1	55.987985
1	56.469273
1	57.670509
1	55.441969
6	58.771888
1	59.087192
3	58.973521
1	59.298797
1	60.458848
1	59.362671
6	58.088466
2	61.995309
1	58.881626
1	62.617077
1	62.595938
1	65.259384
1	65.405023
4	64.794456
3	65.651669
1	66.100627
1	67.758845
1	66.172206
1	69.156836
5	69.972347
1	70.030606
1	69.110068
1	71.125553
1	70.536467
3	71.943048
1	72.126821
1	71.882128
1	72.549928
3	72.073170
1	73.082765
1	73.524756
1	72.454920
1	74.031006
1	71.500638
1	71.939354
1	74.201189
1	76.478399
1	74.053146
1	75.902009
1	76.797804
1	76.136362
2	74.259530
1	77.782093
4	77.529108
2	78.810876
3	79.962367
1	77.539503
1	80.976973
1	79.918042
1	82.248606
2	82.523223
5	82.682214
1	83.931618
2	82.168615
1	84.361258
3	85.376920
4	84.680988
1	85.101288
2	86.741757
4	89.279512
1	89.653256
1	86.252213
4	90.326894
1	90.499848
1	90.619007
1	84.677965
1	77.227500
2	91.495606
1	92.444258
1	93.869169
4	94.502005
1	93.766692
1	93.934642
1	94.564659
5	94.918308
3	93.355394
1	96.514712
1	94.957967
1	94.409369
3	96.363122
1	94.630776
1	97.772521
1	95.564105
1	98.963091
2	98.112138
1	100.582796
1	100.588784
5	100.917040
1	94.693389
1	101.744892
1	101.872203
1	103.226195
1	103.701034
2	105.084977
1	105.029241
1	104.114460
1	105.221112
2	106.438033
4	106.657976
1	107.476577
4	110.069239
1	110.131953
4	109.846389
1	110.938900
1	111.250877
2	111.441458
4	112.695029
1	114.369549
1	114.775567
1	114.737630
1	113.110169
1	114.985055
1	114.415589
1	115.374957
1	112.868852
1	113.043101
3	116.487876
1	117.472847
2	117.527567
1	118.456526
1	117.410578
1	118.667026
1	118.928667
1	119.352202
1	119.387805
1	119.456106
5	120.557796
1	117.934188
1	120.518443
1	121.923248
1	122.629761
1	123.316040
1	123.413142
1	123.609531
1	123.524370
3	124.441027
1	124.101359
1	125.457089
1	126.435578
4	127.739273
1	128.895771
1	129.771939
3	130.285237
2	130.395481
1	130.497187
1	130.809715
1	131.257701
1	133.382465
1	133.381218
1	130.888737
1	131.948096
1	134.633654
1	135.654168
6	137.271748
1	138.556564
3	138.704063
1	134.755287
1	137.895953
1	138.915368
1	125.698607
1	139.388100
2	140.056185
1	141.016757
1	140.830919
5	142.055191
1	141.398674
1	144.163797
1	141.637940
2	144.106300
1	144.136165
5	144.999656
1	144.655394
1	147.018217
2	147.305032
1	147.186787
5	147.508116
1	146.896635
1	148.236208
1	148.967974
2	148.982595
1	150.391589
1	152.764428
2	151.270382
1	152.322586
1	152.910862
1	153.966450
1	151.119676
1	153.729548
3	154.875451
1	155.567990
1	155.911664
3	157.529506
1	153.846894
3	159.690710
1	159.854919
1	160.913648
1	156.133556
1	162.646452
3	161.314001
1	160.386159
1	162.802951
4	164.882850
1	165.688901
1	166.741569
1	167.720411
1	167.867071
1	169.349489
1	169.552817
1	169.798298
1	170.078168
4	170.174332
1	170.452516
1	171.995161
1	173.427860
1	169.373048
1	174.752197
1	178.376038
1	175.117678
1	175.643854
4	176.683609
5	178.857142
1	180.155393
1	180.824353
1	181.095046
2	181.088023
1	181.531732
6	182.859012
1	183.130327
1	177.598819
2	179.474486
3	179.656761
1	184.278979
3	185.282909
1	185.584207
1	186.048291
1	186.562736
1	187.397546
1	188.108336
1	188.171104
1	188.271205
1	188.735444
1	184.205714
1	188.532914
1	190.154746
1	192.047696
1	193.213701
6	196.838383
1	200.435026
1	203.770014
6	205.117922
1	206.814943
6	207.897814
1	209.038100
1	209.974729
1	224.516954
1	0.033881
1	1.583779
1	1.664207
1	2.088450
1	4.315483
1	3.697869
1	5.176494
1	7.611440
1	8.210463
1	8.512647
2	8.996756
5	9.605220
1	10.518903
1	10.701306
1	10.874269
1	10.917996
1	10.196634
1	10.734824
1	11.320296
1	13.817734
6	14.825950
1	15.323179
1	15.342792
4	15.957836
1	16.082463
1	16.256587
1	16.464946
1	16.806997
6	16.882105
1	17.950090
1	18.870364
1	20.511660
1	20.549320
1	20.928207
1	20.882635
1	21.544469
1	22.315066
3	21.644911
1	21.697880
1	23.897426
1	23.178267
1	24.137469
1	25.176771
2	24.295134
1	26.106882
1	26.880281
1	27.204999
3	27.566305
3	26.246935
4	27.824979
1	27.065741
3	28.419238
1	27.888392
6	28.505860
1	28.696855
1	29.496002
1	29.725007
1	29.693366
3	30.277157
1	30.526912
1	30.124583
1	31.084729
1	31.443432
1	31.510042
6	32.740758
1	32.728486
1	32.473304
1	33.351461
3	34.112351
6	34.307950
1	36.524023
1	35.587968
1	37.194027
1	37.222886
1	37.669913
2	37.789956
1	38.196867
1	39.659837
1	39.809956
2	40.344651
1	40.622781
5	40.725560
1	40.838168
2	41.160870
1	41.525409
3	41.888726
1	42.919898
2	42.990106
2	42.513657
1	42.483655
3	43.952162
1	44.812789
1	44.879841
1	44.945373
1	44.473865
1	43.387937
2	45.830843
1	46.300053
1	44.311020
3	46.368031
1	43.384927
3	46.574549
1	46.677067
1	46.163370
3	48.277276
1	47.914120
1	49.261280
1	48.964961
1	50.230610
6	50.370747
1	52.806319
1	53.249311
1	54.706654
1	54.452038
1	54.851105
1	55.764728
1	56.783050
1	57.303861
2	57.618657
1	56.844769
1	57.814241
1	58.287723
1	59.689555
1	61.054337
1	61.433114
6	61.424961
1	61.957744
1	62.527523
1	63.591771
1	59.479113
1	64.518622
1	65.523555
4	65.877420
1	66.664062
1	69.337019
1	69.452767
1	69.264156
1	71.338572
1	68.502975
1	72.017707
1	71.288139
1	69.618271
1	73.439038
1	73.386374
1	74.137898
2	74.544639
3	74.738591
1	75.415035
4	75.697774
2	74.819219
1	74.048892
1	76.057581
1	76.315963
1	76.856485
1	77.082556
4	77.413941
1	77.642917
4	77.566151
1	77.957108
2	76.924838
1	78.310916
1	79.277089
1	78.690432
1	79.691540
6	79.890169
2	79.802138
1	80.790787
1	78.483940
1	81.052018
2	81.910327
1	82.073708
1	82.233065
3	82.184770
1	82.225226
3	82.563780
6	82.567948
2	82.625152
1	84.220470
1	85.588056
1	85.712778
1	86.138102
1	86.199639
1	86.555684
1	87.933647
1	88.638881
4	89.109043
1	89.810956
1	90.243480
1	90.707550
1	91.019491
1	90.969997
1	91.081965
1	91.318773
1	91.589139
1	91.775306
1	90.033216
2	92.185786
1	92.272889
1	93.064237
1	93.551801
1	93.644406
1	95.933755
2	95.208432
1	96.406725
4	91.188268
5	64.750992
1	96.209999
5	96.693306
1	98.555037
4	99.151021
1	99.181509
3	99.217449
1	98.901491
1	99.887049
1	99.318705
1	100.697383
1	98.723829
1	101.023274
1	100.388233
1	101.327755
4	102.008437
1	102.032657
1	99.186462
1	102.582080
1	102.673530
1	102.935777
1	103.157297
1	103.503213
1	104.318937
1	104.663555
1	104.308623
1	106.543356
1	105.791292
1	107.335248
1	107.407395
4	107.733682
1	107.400081
6	109.210624
4	109.413014
1	109.435683
1	109.252594
2	102.585520
1	110.194219
1	107.065394
3	110.919534
1	111.997563
1	112.775102
4	109.892748
1	115.047743
6	116.000263
1	116.076538
1	116.123753
4	117.100104
1	117.813423
1	118.052347
1	118.509161
1	118.715815
1	118.811686
1	118.178827
1	116.645114
2	119.824911
1	114.608132
1	122.255653
2	122.589767
3	123.047566
1	123.010330
1	123.075472
5	124.281941
1	126.902786
1	124.326179
1	126.402070
1	127.473788
1	126.335342
1	128.368484
1	129.053511
1	131.289617
3	131.430087
5	130.781095
1	131.770896
1	132.185213
1	129.566787
1	133.400300
1	133.808928
2	133.733007
1	133.955896
1	134.120947
1	134.598117
2	133.451942
2	133.937047
1	134.093819
1	135.744270
2	136.772448
1	136.727117
1	137.345341
1	137.505998
1	138.701422
1	138.254853
1	139.293853
1	139.529727
6	137.066393
1	140.978841
1	141.495757
3	141.839406
1	139.672890
1	142.388873
1	142.567210
1	142.015810
2	142.939495
1	143.661811
1	143.409413
1	144.332282
1	144.392181
1	144.319858
1	144.880867
1	144.977645
1	145.222675
2	145.602513
1	146.526883
1	146.684898
1	144.177407
3	147.913588
4	148.081120
1	148.797129
1	148.378514
1	149.036370
1	150.139724
1	150.578486
1	150.700351
1	150.926195
1	152.248269
1	149.480154
1	152.396628
5	154.171916
4	151.901437
1	154.554189
1	154.213414
1	157.282889
1	158.949674
1	157.900262
2	151.286217
1	159.240741
1	154.085441
1	159.451487
1	153.173333
1	159.007690
5	159.665646
4	160.391588
1	155.805153
1	163.624596
1	163.923111
1	165.261038
2	165.578169
1	168.867853
1	167.766299
2	167.606155
1	163.113326
1	170.363644
1	169.950891
1	169.594236
2	164.601600
1	171.828189
4	172.588323
1	174.660501
1	166.411394
2	176.209531
4	176.980806
1	178.582079
1	179.076801
2	179.246704
1	177.747872
1	179.921978
2	180.755605
3	181.901299
1	168.293561
2	168.766638
2	183.443259
1	183.427373
1	183.631383
1	184.396773
1	178.019757
1	184.626100
1	182.332378
1	185.209182
1	184.934299
1	185.542674
5	185.856943
1	186.194120
3	187.536397
1	187.876959
1	187.871354
1	187.813867
1	188.343368
1	188.941901
1	174.842478
1	172.518589
1	190.484211
3	190.511424
2	191.116444
1	192.027009
1	191.553576
2	196.931492
1	197.408131
2	197.650865
1	198.238922
1	198.718584
1	198.771061
5	199.308238
1	199.676579
1	201.034054
1	201.000153
1	201.715288
2	202.332875
1	202.540084
1	201.621157
1	200.242168
6	204.263382
1	203.848282
2	175.006587
1	175.616363
1	176.530107
1	206.375354
1	175.358321
1	206.978290
1	207.453533
2	177.736293
1	207.879822
1	208.016569
1	210.637196
1	209.237508
3	210.837367
4	181.051758
1	211.652244
1	212.865555
1	212.481043
1	213.612904
1	209.380358
4	213.906458
1	214.114582
1	211.643013
1	214.249501
1	214.246058
1	214.509015
5	215.852104
4	215.740278
1	186.334556
3	217.456808
1	215.187645
2	210.764372
2	217.186918
2	218.515726
1	219.894081
1	189.407615
1	224.551212
4	225.863152
1	227.279476
1	227.539312
1	228.515914
1	229.667910
1	230.276703
1	230.998062
4	231.532685
1	230.859820
2	235.931483
1	235.522307
1	236.351099
1	236.483913
1	238.395527
1	241.207633
1	238.929934
1	242.180212
4	244.604987
2	245.146793
5	245.580174
3	251.303725
1	252.385393
3	253.116315
2	252.789761
3	253.047722
1	256.730643
1	257.450014
1	257.990693
1	258.198040
1	258.458392
4	259.630496
1	260.253781
1	261.566230
1	262.509370
6	263.297223
2	262.756215
2	264.905586
1	265.939032
1	267.328452
1	268.127098
1	206.495083
1	269.111169
2	207.304337
1	270.191450
1	270.659657
1	270.242546
1	270.439487
1	270.099853
1	271.254481
1	270.917888
1	272.177653
2	273.106272
1	274.736012
1	275.440807
2	275.617667
1	213.464983
1	275.962848
1	277.154876
2	277.075032
1	278.045707
4	278.593845
1	280.784859
1	279.982108
1	284.009654
1	283.443826
1	285.194234
1	285.539826
1	285.614293
1	286.737288
1	288.216550
1	287.043843
1	289.011201
1	289.423575
2	290.304843
3	290.156803
1	290.288987
1	291.437460
1	292.793247
3	292.337097
1	294.243391
1	294.998583
1	295.617522
2	295.495289
1	296.137510
1	297.298619
1	297.568914
1	298.045842
1	298.118276
5	297.731830
1	299.327829
2	299.633468
1	300.515719
1	301.529766
1	302.227513
1	303.500616
1	303.915513
1	304.179552
6	305.009762
1	304.195462
4	306.339816
1	306.650772
1	307.477998
1	308.095285
1	307.962282
1	308.822606
1	309.783929
1	309.654629
6	310.992046
3	311.642812
4	312.315260
4	313.338114
1	313.278122
3	314.073497
1	314.645195
1	315.026653
1	315.487469
1	315.697666
1	315.791452
1	316.365544
5	316.108425
1	316.406622
1	316.744232
3	318.095405
1	320.038601
1	320.178269
1	318.906879
1	321.120000
1	321.453986
2	322.143965
1	322.918902
1	322.949516
1	325.937104
1	326.680508
1	327.832479
1	327.487410
1	328.329539
2	330.128225
1	329.821820
1	330.633013
1	331.222906
1	330.729850
1	331.630861
1	332.813947
3	332.911380
1	333.256727
3	334.323397
4	334.312536
1	335.418849
1	338.062704
1	339.395581
1	339.860184
2	340.173995
1	343.069780
1	342.866960
1	344.826934
1	346.228954
2	346.761394
1	347.766286
1	345.119743
1	238.374202
1	349.471275
1	349.263494
1	348.426660
2	348.469724
1	349.980596
1	351.823575
1	353.540612
1	356.373298
1	356.956820
1	353.362712
1	360.582290
2	360.976983
6	354.890045
1	360.053225
6	361.291775
1	359.443469
4	362.304818
1	360.289795
1	357.516620
1	357.664112
1	363.901606
1	358.076594
1	364.686929
1	360.328280
1	367.302350
4	367.567681
1	369.797093
1	369.829529
1	371.018338
1	372.368634
1	371.712174
1	375.090660
1	361.913067
1	377.392323
1	379.546510
1	378.912183
1	381.294054
1	381.487758
1	368.863594
1	369.313744
1	382.733153
1	370.488087
1	385.625364
1	370.648835
2	385.879638
4	383.642467
1	385.877022
1	388.443122
1	386.710360
1	389.692535
1	391.955521
4	393.224956
2	390.811748
1	397.029496
1	396.059247
5	392.553918
1	402.347987
4	396.538352
2	398.448219
1	404.400919
1	404.079442
2	403.627821
1	410.559252
1	411.777754
3	415.985177
1	416.142225
3	408.765769
1	417.472896
1	409.615400
2	389.283430
1	411.908266
4	408.307943
1	421.517119
1	430.562210
4	429.033206
1	426.594940
1	436.151008
1	390.147065
1	431.516578
1	432.624057
1	434.761070
4	435.757518
1	442.375299
1	442.393355
2	443.074810
3	443.161922
1	443.577270
1	441.725198
4	450.108644
5	446.715469
1	449.048967
1	452.442046
1	456.911823
1	457.909656
3	453.084607
1	464.733072
1	460.488563
1	468.705377
1	468.921108
1	469.774068
1	470.910207
1	471.522918
1	473.070115
3	474.093164
1	475.522058
1	479.211801
1	480.789156
1	482.773041
1	483.154326
1	416.306220
1	491.250477
2	493.592565
1	496.039748
1	496.083201
1	503.509624
1	505.686526
4	505.995425
1	502.386551
1	511.515259
1	512.370487
1	515.779406
1	516.912171
1	512.589057
1	520.336003
3	521.541534
3	522.297826
1	526.228094
3	526.373758
2	526.716477
1	529.552079
1	532.482953
2	534.438449
3	541.329129
1	542.108493
1	543.545214
1	544.996584
1	546.820441
3	547.361160
6	541.373502
1	548.996116
1	549.087642
5	552.325891
1	552.677487
1	553.907875
1	538.616067
1	555.573927
3	557.446801
1	558.629229
1	558.905576
1	563.796899
4	565.080921
1	567.908686
3	568.168158
1	570.550619
1	571.878402
1	571.125610
1	572.974442
1	573.193014
1	573.616112
1	566.683516
1	577.606997
1	578.386339
3	580.859821
1	581.124390
5	583.225143
1	584.524337
1	584.833071
1	587.541041
1	594.011373
1	595.151907
1	596.841134
1	598.381069
1	598.437527
1	599.791884
1	600.559523
1	601.808767
1	602.683557
1	606.541914
1	607.647681
1	607.926077
1	606.992635
3	609.249897
1	611.170288
1	611.843750
1	612.775413
1	611.694020
1	615.723139
1	618.997421
1	618.795836
4	620.029171
1	620.174461
1	621.375874
1	621.656543
1	623.859656
2	625.067828
1	625.374136
1	628.590241
1	631.101735
1	632.804274
3	636.080270
1	639.392803
1	640.034423
2	640.135516
1	644.096421
1	649.465689
1	650.305839
2	650.761675
6	655.102758
1	655.151906
1	653.982305
1	658.013612
1	663.647794
1	664.854871
1	665.135024
1	665.154304
1	666.199311
1	667.522584
1	669.144629
1	671.089413
3	672.121668
1	674.038521
1	675.962439
1	676.420753
1	677.880294
1	678.207020
1	678.953986
1	679.261474
4	682.060337
5	683.760768
1	684.498333
5	687.528883
1	694.413597
1	696.081506
1	696.609062
1	701.097623
1	709.200722
3	709.528121
1	710.572559
2	716.210439
1	718.007919
1	721.088918
3	724.455485
2	724.853731
1	725.417035
3	731.119665
1	733.340986
1	735.373527
2	738.454134
4	742.258577
6	746.097533
1	745.503959
1	747.247897
1	749.636215
1	749.878426
6	751.566222
1	751.419375
6	752.310636
1	756.686976
1	757.173201
6	759.420721
1	758.736128
1	760.515021
2	761.143249
2	762.949366
1	762.669114
1	765.760150
1	766.523451
1	771.826150
1	773.202281
1	778.235521
1	779.565003
5	788.098295
1	788.973865
1	790.556149
1	792.445934
1	793.866408
1	795.473241
1	798.632211
1	800.119284
2	800.389549
2	801.967247
2	802.572884
3	803.207071
1	796.153759
1	804.052448
1	807.062519
1	810.639734
1	810.597075
3	811.198936
1	811.361349
3	815.763272
5	816.826468
4	818.398661
1	824.366234
1	831.337768
1	832.461342
2	832.541918
2	834.086192
3	838.050578
1	838.069398
1	844.566637
1	845.703027
1	846.882517
1	850.983229
1	851.069453
1	858.547333
1	860.038982
4	863.177572
1	864.940449
2	867.759301
1	868.204458
1	868.679393
1	869.125781
2	870.559585
1	874.199813
1	874.700697
1	877.587822
1	877.041579
1	881.800268
1	883.161550
1	889.278780
1	889.406308
1	846.528117
1	894.451827
1	895.819336
1	900.524886
3	903.707557
1	913.836520
1	907.714402
1	910.160222
1	914.164195
1	914.186397
1	915.390927
1	917.847386
1	920.266693
4	920.485340
1	921.257780
2	925.384959
1	926.265320
1	926.538804
1	926.310338
1	932.278577
4	934.010107
3	935.781094
6	936.650771
1	936.686818
2	937.748563
4	939.426671
3	939.777735
1	941.607166
1	943.194224
1	946.278118
3	945.236209
1	946.783113
1	950.344811
5	949.693616
6	952.572738
1	959.375494
1	961.179345
1	963.069342
1	965.684776
1	965.898076
2	965.324541
1	966.953200
5	967.167725
1	969.106830
1	970.740981
2	973.528390
1	975.241342
1	976.214943
2	976.635725
1	978.204772
2	979.897180
1	980.640918
1	984.668354
4	984.709554
1	989.276971
1	990.169040
1	994.806519
1	995.239518
1	995.964648
1	1000.050081
1	1001.182923
1	1002.257023
1	1002.718132
3	1003.127764
1	1005.694822
1	1006.973536
1	1009.137789
1	1010.083496
5	1012.061642
1	1015.438281
4	1016.005356
1	1017.991438
1	1020.142992
1	1023.149333
1	1024.492992
1	1025.861350
1	1027.030492
1	1029.001926
1	1021.924717
1	1029.922127
1	1030.063796
1	1031.961789
5	1032.589918
1	1033.187138
6	1033.696550
1	1038.071867
1	1042.305651
1	1042.496965
1	1044.538090
1	1047.731539
2	1053.149900
1	1053.319460
4	1057.245349
1	1058.010450
1	1060.821484
1	1066.110128
1	1068.578707
4	1069.540929
1	1069.774311
1	1076.585352
1	1079.153814
1	1079.603994
1	1082.103659
1	1089.806283
1	1092.014284
1	1094.229265
1	1094.882528
1	1096.911728
1	1098.785712
6	1100.220638
1	1100.660446
1	1101.881441
1	1102.032623
1	1103.905135
2	1105.794747
1	1111.685970
1	1111.963365
1	1113.588538
1	1115.243047
1	1116.294143
1	1121.210318
1	1126.673069
1	1127.381705
6	1128.601655
1	1105.166900
1	1106.734604
1	1107.836012
4	1095.115923
1	1144.021790
1	1145.641691
1	1145.668798
1	1130.591640
1	1148.502163
3	1149.948063
4	1116.263127
1	1154.466863
1	1157.230445
1	1157.964232
4	1159.357108
1	1159.412999
1	1160.195510
3	1163.893080
3	1164.671281
1	1165.140703
1	1167.238589
1	1168.098663
4	1168.048274
3	1169.948584
5	1174.616794
1	1178.785205
1	1181.296411
1	1183.683175
6	1192.503606
5	1194.008293
1	1194.631388
1	1195.430574
5	1197.342978
1	1197.706286
1	1201.927361
1	1205.056116
1	1204.862468
2	1207.445476
1	1207.474007
1	1210.853571
1	1215.609045
1	1217.597654
3	1218.495533
1	1220.045676
2	1223.008924
1	1225.699684
6	1228.780366
4	1235.935928
1	1228.424832
3	1231.500986
1	1241.497804
1	1241.535680
4	1243.543367
1	1245.020809
1	1246.982435
5	1247.307007
2	1249.200136
1	1251.572625
1	1252.764072
1	1254.993887
1	1256.816234
1	1257.282740
1	1264.221960
1	1267.117317
1	1267.399440
2	1266.685253
1	1268.279876
1	1269.548901
5	1270.753691
1	1276.906921
1	1278.170437
4	1278.594130
2	1283.589829
1	1285.191210
1	1287.851528
1	1290.136176
1	1292.476220
4	1292.695619
2	1292.846775
6	1295.314916
2	1298.758612
3	1302.641462
1	1310.846993
1	1316.965274
1	1320.235076
5	1320.554684
1	1320.410349
4	1322.460668
6	1322.194598
1	1324.523946
1	1325.978135
1	1334.039993
1	1333.955815
1	1335.397369
6	1336.091095
1	1294.260356
2	1344.429634
1	1345.906921
1	1346.553354
1	1346.598886
6	1348.148945
1	1348.527291
5	1348.644686
1	1351.903713
1	1352.378509
1	1356.105625
1	1357.813769
5	1359.046982
1	1360.608704
1	1363.473769
1	1363.352876
1	1367.873148
3	1368.453638
4	1369.374038
1	1370.524160
1	1373.490305
1	1375.849806
2	1378.050175
1	1385.277198
6	1386.317318
1	1387.736823
2	1389.496535
1	1396.336985
1	1397.086300
1	1400.274665
4	1401.700289
1	1406.205895
1	1406.177550
1	1408.174609
1	1408.668823
1	1409.162553
3	1409.888265
1	1408.922179
3	1412.458215
1	1414.336484
1	1417.208495
1	1418.062237
1	1418.389637
6	1420.073451
1	1423.852926
1	1423.021589
1	1424.865648
1	1428.360919
1	1428.311975
1	1428.680144
1	1431.131187
4	1432.896416
1	1432.879848
1	1436.148710
1	1439.839625
2	1440.692882
2	1440.272942
1	1442.548541
1	1446.755348
1	1450.121540
1	1450.490171
1	1449.925511
1	1452.064279
1	1451.653090
1	1453.818399
3	1452.887739
1	1456.442936
6	1462.841991
4	1464.251253
3	1468.721340
1	1471.055778
1	1469.362901
1	1479.457751
1	1480.680630
2	1481.268701
2	1484.180262
2	1493.807130
1	1470.493256
4	1495.778907
2	1496.184554
1	1496.391324
1	1497.301088
3	1499.095775
1	1501.585032
1	1502.190434
1	1501.426448
1	1503.099666
1	1503.695140
1	1505.881507
4	1507.290443
4	1510.725950
1	1511.652781
1	1512.431088
1	1511.982727
3	1520.309724
3	1523.102372
1	1523.837902
1	1533.304221
6	1534.462289
5	1529.159529
1	1537.992926
1	1539.547996
1	1540.074297
1	1541.692046
1	1542.177374
2	1543.203717
1	1546.516135
1	1549.738592
4	1551.076321
1	1552.421518
1	1552.891356
1	1553.017016
1	1555.296689
1	1557.505721
1	1559.395246
1	1560.593001
1	1561.306269
1	1561.325183
2	1564.107336
1	1564.456148
1	1565.495295
1	1566.467798
2	1569.736976
2	1570.407764
1	1572.963858
1	1573.641249
2	1578.536827
1	1579.221970
1	1579.143239
1	1582.519895
3	1583.970031
1	1583.620865
2	1585.911709
3	1585.921604
1	1587.444216
1	1588.130961
2	1590.183382
1	1590.604456
1	1591.369230
1	1592.146521
1	1547.984715
4	1597.424360
1	1599.321326
2	1599.889892
5	1600.835626
1	1601.879540
1	1604.692277
1	1603.488803
1	1608.031115
1	1610.270818
1	1609.948516
1	1613.066815
3	1613.137501
1	1613.237555
1	1613.361503
3	1615.404074
1	1619.755260
1	1621.414265
3	1623.235964
1	1627.371201
3	1628.530175
1	1636.551501
1	1637.534185
1	1637.447689
1	1640.238147
1	1647.021009
1	1649.721724
1	453.286771
1	1653.262155
1	1653.582482
1	1655.365482
1	1658.402668
1	1659.165790
1	1659.354868
1	1661.605169
1	1665.604447
1	1665.796905
1	1666.618094
1	1667.444713
1	1668.647680
4	1670.390763
1	1673.006699
1	1673.648081
1	1674.225069
1	1678.005806
1	1679.403160
1	1684.515327
1	1684.512006
1	1687.492629
3	1687.988745
1	1687.809650
1	1691.038570
1	1696.483549
1	1696.854305
1	1698.017001
1	1702.229955
1	1709.933074
1	1711.697383
1	1712.911892
1	1713.337828
1	1714.453427
1	1715.848459
1	1716.075551
1	1720.190142
1	1724.811279
3	1724.892243
1	1727.534079
3	1727.573623
1	1729.924529
1	1732.690289
1	1732.714276
5	1736.373976
1	1736.380173
2	1737.423461
5	1737.836252
1	1738.435684
1	1737.530283
1	1741.248649
1	1742.023183
1	1743.939376
3	1744.337496
1	1744.944495
1	1750.584249
1	1750.688524
1	1752.834521
1	1753.261417
1	1753.798335
1	1757.419340
1	1759.563091
1	1760.758779
1	1765.552359
1	1768.771367
1	1771.128606
1	1771.413906
2	1773.602902
1	1775.815774
1	1775.618068
1	0.394623
1	1.516747
1	3.122310
1	4.790370
1	4.868350
3	5.203445
3	5.411289
1	5.817187
1	6.575701
1	6.991684
1	7.144020
5	7.655833
1	7.118584
1	7.034464
1	8.107685
1	8.704356
1	9.215606
1	9.196069
4	9.912200
1	9.967699
1	9.730198
5	10.342599
1	10.632540
3	10.890861
1	11.392477
1	12.042131
1	12.300572
1	12.899185
1	12.957938
2	12.109011
1	13.173465
6	13.530536
1	13.622142
1	13.699838
4	13.813097
1	14.495634
1	14.505347
1	15.820262
1	16.610138
2	17.440157
1	18.001099
1	18.212912
5	18.294687
1	18.390238
2	18.327288
6	18.917251
1	18.957961
3	19.371857
2	18.685946
1	19.734237
1	21.102521
6	21.176000
1	20.290872
2	22.274507
1	22.598609
1	22.474299
1	23.705413
4	23.646390
3	24.139793
1	24.122370
6	24.978628
1	25.274195
1	25.740063
1	26.077106
1	26.718935
1	26.694175
1	28.291453
1	27.930493
1	28.086261
1	29.155425
6	30.340877
1	31.481826
1	31.719321
1	31.875070
4	32.513721
1	32.868542
1	33.888336
1	34.081886
1	33.839087
3	34.982766
1	36.284320
1	37.886948
1	38.154059
1	37.619389
1	39.032523
1	38.498376
1	39.861238
1	40.119897
1	40.483838
1	40.584833
1	41.675572
1	42.143520
1	42.739957
4	42.062789
1	43.379224
1	43.399742
1	44.761059
1	44.773497
1	45.007381
5	45.125463
1	45.996197
1	46.328534
2	46.399981
1	46.460180
4	45.112889
1	46.616024
1	46.477956
1	46.778604
4	46.178661
2	47.204407
1	47.380021
1	47.473180
1	48.037089
1	48.064603
1	48.140365
3	48.705708
1	48.887853
4	48.207297
2	49.076445
1	49.422539
1	49.601361
1	48.679203
1	50.058803
1	49.783062
1	54.021585
1	54.889825
5	55.296287
2	55.280649
1	55.264767
3	55.413933
1	55.424948
1	54.923920
2	55.933468
1	56.239150
4	56.726014
1	57.328709
4	56.413581
2	58.283246
4	58.299859
6	58.378259
1	58.367117
3	59.133713
1	59.469115
1	59.958972
3	61.430132
1	58.591642
1	62.050645
1	62.289855
5	62.608976
1	63.222702
1	63.278589
1	63.508141
2	63.731202
1	63.837892
2	63.842182
1	64.195757
1	65.198796
1	65.731951
4	65.890358
3	66.034596
2	66.920348
1	67.626572
1	67.979307
1	67.421061
3	68.432971
1	68.530412
1	68.874757
1	69.203628
1	61.203689
1	69.516383
4	71.107268
1	71.423372
1	69.295413
1	72.657752
1	74.744837
1	74.944214
1	74.977260
6	75.511975
1	76.741329
1	77.967726
1	78.007652
1	78.236606
1	78.448941
2	78.819610
1	78.959584
1	78.990779
1	79.551455
2	79.839624
1	80.142417
1	79.255649
1	80.498778
1	82.172059
1	82.355021
1	83.467324
4	82.759727
1	83.784709
1	86.264893
1	86.566173
1	86.775539
2	87.606524
6	87.804152
1	88.014274
1	87.938081
3	88.115585
1	88.538526
1	88.886030
3	89.095951
1	88.135352
1	88.998471
1	90.477314
3	90.699019
1	90.428446
1	93.660169
1	90.859092
1	93.298633
4	93.786410
1	95.060008
1	94.830252
1	96.050351
2	95.183320
5	98.142167
1	98.528133
1	98.588023
1	98.745667
1	99.007687
6	99.438053
2	98.631300
1	99.767102
1	99.420537
1	99.595828
1	101.186821
3	101.420685
1	101.304285
3	102.481655
2	103.327853
5	103.077537
5	105.014656
1	105.609658
1	91.585360
1	107.077636
2	107.985314
2	108.152130
1	108.770133
1	110.228293
1	110.519490
3	109.669825
5	110.801851
1	111.280664
1	109.588913
2	112.980173
2	113.061370
1	114.201264
2	112.462680
6	115.392667
5	115.479570
1	116.003779
1	115.163394
2	116.046401
3	116.105166
1	116.177849
1	116.960684
1	117.034848
2	119.191339
1	119.319638
1	119.798688
1	117.837010
1	121.102238
1	121.690108
1	122.055793
1	122.694498
1	122.810655
1	122.855704
4	123.908329
5	123.335266
5	124.314215
1	123.516296
1	124.550397
3	123.809417
1	124.973302
5	125.863164
1	126.655942
1	126.848213
5	128.714269
3	128.926094
6	128.742775
1	129.999267
1	130.596687
1	130.865740
1	131.111153
1	131.667936
1	131.385343
5	132.547681
1	131.678791
6	130.959265
1	135.614352
2	135.937283
4	129.042232
1	136.374257
1	138.243343
1	138.191982
3	139.233974
1	139.762781
1	139.589327
1	140.655745
5	140.738322
3	142.226031
1	142.135467
1	141.737467
1	143.133808
2	143.076488
2	143.356084
1	144.342495
1	145.131195
1	144.639068
1	144.046487
1	143.886715
1	145.558413
1	145.873914
1	143.480183
1	145.599898
1	115.590794
3	147.170932
1	144.817052
1	147.822278
5	147.335952
1	148.201844
1	148.590132
1	149.122886
6	150.417403
1	150.358611
1	151.134711
1	151.568923
2	152.806566
1	151.629672
5	151.801191
1	151.502010
1	153.123961
1	155.140241
1	152.556694
1	157.032390
1	155.897465
1	158.537748
1	158.792640
1	151.969916
1	159.773941
4	160.335210
1	161.247448
1	162.991192
1	162.221045
1	164.625320
1	158.642675
2	165.266300
2	164.609369
1	166.889206
1	160.324996
1	161.124361
1	168.237166
1	168.802087
1	169.144134
1	170.847154
1	164.786190
1	165.268487
1	172.592833
1	172.790138
1	173.269375
3	172.643720
1	173.597275
1	174.608111
1	174.191819
1	175.394665
1	175.866126
1	175.710600
1	173.938949
1	177.933151
1	178.432196
1	179.074188
1	178.602648
1	181.167183
1	165.685343
1	181.641498
1	181.880891
1	183.473219
1	183.489573
1	170.817537
1	185.366059
1	171.576203
1	172.080680
1	186.748825
3	187.533802
1	187.630377
1	173.748228
1	189.191889
5	174.154531
1	189.556828
1	160.513335
6	191.380486
1	191.408415
1	191.197952
1	191.990239
1	193.251691
1	193.111835
1	192.452230
1	193.562506
1	193.629924
2	194.125774
4	193.664239
1	194.500529
1	195.389815
3	195.332021
1	195.475507
1	196.588827
1	196.709405
2	196.361086
6	198.072768
1	198.939492
1	200.961509
3	200.230059
1	200.734047
2	203.027851
1	203.743745
1	189.031878
1	208.845544
1	209.140591
1	210.881550
1	181.626142
1	182.246201
1	212.682524
3	213.725004
1	214.373121
1	214.824781
2	214.692665
4	184.336812
5	215.777644
1	217.634573
1	218.031092
1	216.063296
6	216.550381
1	217.616271
1	187.963686
1	188.117890
2	188.304536
1	219.022166
1	188.890931
4	219.537677
1	219.331180
1	220.029745
1	188.582017
1	216.686973
1	220.759532
3	221.150657
1	222.316836
1	221.092616
1	224.275622
1	224.386945
6	224.714811
3	225.357177
2	164.214473
1	227.593700
4	230.069346
1	229.764487
1	230.577674
1	231.322733
2	232.357595
1	233.252115
1	235.649527
1	236.481867
1	236.676820
3	237.046114
1	236.130456
1	237.777461
1	237.986958
1	239.175584
1	239.730574
2	238.959090
1	239.421993
1	242.738259
4	241.165652
1	242.918199
1	243.094894
1	244.198444
1	245.416917
1	245.730204
1	247.618118
5	247.848061
5	247.875693
2	249.465574
1	250.227917
2	250.077267
1	251.180352
1	251.684437
1	252.850804
2	252.324046
1	254.479948
3	255.338195
4	255.076197
1	258.265197
1	258.816211
1	259.552068
1	259.863846
6	260.630344
1	260.309213
1	261.091029
1	260.864692
6	261.490955
1	261.718924
2	263.078374
3	267.158060
1	268.348908
5	268.137561
1	268.963416
1	205.978720
1	269.041362
1	266.696937
1	270.235429
1	269.324365
1	270.261170
1	270.956798
1	271.713530
3	271.700644
1	272.153539
1	272.376126
1	273.171598
1	272.378422
1	274.035239
1	274.904447
1	212.547101
1	276.193152
1	276.692283
1	277.734366
1	277.643933
1	278.508891
3	278.535217
6	278.879838
1	278.998593
1	279.728421
1	280.061629
2	282.500948
5	282.670586
1	283.029391
2	284.199560
1	286.205280
1	285.240636
1	280.855160
4	288.437305
1	290.125406
1	290.960219
1	291.146483
1	292.673867
1	292.905158
1	293.124415
4	293.650809
1	294.654962
1	294.846339
1	295.893725
1	296.721621
2	295.846379
1	297.116624
1	297.397153
1	297.697816
1	297.107290
1	297.808335
2	298.905305
1	299.635484
5	300.448006
1	300.971489
1	302.240808
1	304.580134
1	305.338270
1	305.676260
2	306.138291
1	306.690373
2	307.215480
1	307.539443
3	310.682759
1	310.497445
1	311.759736
1	312.220463
1	312.524802
1	311.943940
1	315.621532
3	316.468709
3	316.880004
1	318.030486
4	311.619519
1	318.597764
1	321.463944
2	321.660411
1	321.489517
1	322.273484
1	322.338340
1	322.445532
1	324.016101
1	324.091139
1	318.913619
1	326.108763
1	326.685842
1	329.384037
1	331.086177
1	331.913407
1	333.490253
1	333.665939
1	332.486122
1	334.442230
2	332.122885
1	332.901832
1	335.714074
4	335.331109
1	334.851250
1	336.157071
1	335.890096
1	337.240228
2	336.664683
3	338.049344
1	338.609708
2	339.581017
1	340.335060
5	340.043231
1	339.612048
2	341.327618
1	342.132170
1	342.209127
1	342.800322
1	343.553400
1	343.544914
1	344.253108
1	344.023929
1	344.925521
1	344.900622
1	345.005305
1	344.648596
1	345.510568
2	346.638511
1	348.352556
1	347.336603
1	348.603129
1	348.947755
4	349.312076
1	349.006938
1	349.179195
1	349.811146
3	349.663334
1	350.875366
1	352.075793
2	352.515913
6	351.855623
1	352.084516
1	354.450190
3	353.488142
1	353.687232
1	351.966469
1	351.696143
5	357.824982
1	355.807127
1	356.593971
1	358.619798
4	360.157252
1	360.456300
1	361.426789
4	361.847710
1	363.102759
1	364.587427
1	364.632562
1	364.783155
1	364.929389
1	355.038571
1	362.906775
1	357.762938
1	363.387945
1	365.581908
1	371.831033
1	373.253729
1	373.753910
1	375.641959
1	379.561507
2	377.425567
1	380.339300
1	381.819233
5	384.499302
4	384.839331
1	389.398350
1	390.598729
1	391.962396
1	394.831131
1	397.449752
5	400.960324
2	400.625640
1	405.448460
3	408.935544
1	409.138057
3	415.598414
3	417.920134
1	420.559309
1	0.493153
1	1.197037
3	2.317012
1	2.803875
3	4.161459
1	5.240605
1	5.301929
1	5.902942
1	6.698188
1	6.849707
1	7.029446
1	7.120014
1	6.304092
1	7.947460
1	7.991794
1	9.396419
1	9.594196
3	11.374469
5	9.467697
4	11.003218
1	12.317318
2	12.569208
1	12.968375
5	13.408464
1	13.601555
6	14.838574
5	15.156384
1	15.409877
6	16.053109
1	16.888434
1	17.133348
1	16.571661
1	16.785944
1	17.213533
1	18.547203
1	18.709356
6	18.342159
1	19.555413
2	19.751453
1	20.079762
1	20.842429
1	21.202961
5	21.433730
1	21.872889
1	22.431903
1	22.400035
3	22.779066
5	23.225261
1	23.008926
1	24.334801
1	26.172256
4	26.239865
1	26.266915
1	26.553655
6	27.107155
1	28.158302
1	28.294505
1	28.288292
1	28.657930
1	28.743333
1	27.740895
4	26.561928
1	30.307631
1	30.735689
1	30.809968
1	31.783950
1	32.506704
1	33.324410
2	33.219813
1	33.232639
1	33.444615
1	33.557136
1	33.571584
1	34.649607
1	34.970727
4	35.673452
1	35.457368
3	36.350740
1	36.100693
1	37.147008
1	38.055717
1	40.062881
1	40.006787
1	41.110175
1	41.948880
1	42.457205
2	43.816261
1	43.331654
1	44.330286
1	46.732782
4	48.874592
1	44.500397
1	47.730114
1	51.763608
5	52.391870
1	52.072639
5	53.668050
6	54.180417
1	54.440138
1	54.795875
1	53.838362
1	54.852649
1	53.908484
1	55.141887
1	55.273345
2	55.615688
1	56.349519
1	56.714471
2	56.503748
1	57.920457
4	58.523541
1	59.263204
1	59.259823
1	60.781177
1	61.152564
1	61.901357
1	62.494559
1	63.053872
1	63.380144
6	63.996641
1	63.041870
1	64.103195
1	63.062949
4	64.459163
4	64.418507
1	62.669368
2	64.747813
1	66.006018
1	66.537231
1	67.695102
1	67.970922
1	68.330781
1	69.300676
1	69.688152
1	69.939096
1	69.545243
1	69.744294
1	71.466039
1	71.207058
3	71.793495
1	71.727212
1	71.941357
2	73.826468
1	73.315408
4	74.536574
1	73.975440
1	75.714950
1	76.287116
1	75.673416
1	76.996215
5	77.255802
1	76.400549
5	76.866442
4	77.953878
1	78.256624
1	78.419622
1	79.589943
5	80.568748
1	80.457167
1	79.876205
1	81.527506
1	81.658363
4	82.357880
1	82.665373
2	82.828666
1	82.976940
1	83.870408
1	84.129300
3	82.435121
1	83.564804
1	86.100691
2	86.293762
4	86.523654
1	87.124340
5	86.378792
3	87.317885
1	87.559472
1	88.666462
1	88.939577
1	89.088664
1	89.793113
5	89.821127
6	91.106870
1	92.209807
5	92.249660
1	92.125951
1	91.803672
1	93.143497
1	93.900807
1	94.153412
1	92.994640
1	95.180096
1	94.684292
1	95.960466
4	100.239425
1	101.229256
1	101.272965
1	101.439328
1	101.600983
4	104.991447
1	101.501706
1	105.568362
1	104.035791
1	106.327119
4	106.340473
1	103.109296
1	106.415574
1	105.723035
1	105.765270
3	106.990383
1	107.374064
2	107.868109
5	108.190302
1	108.232270
1	108.713709
2	109.010010
4	110.166441
1	110.893278
2	111.316510
2	111.036213
1	112.781529
1	110.924956
4	112.847219
3	114.107449
6	113.732417
1	114.685902
1	115.235789
4	115.072186
1	115.444570
1	115.719221
4	116.293278
1	116.795322
1	117.076772
1	118.349552
1	118.621937
1	119.391996
1	119.257287
1	119.438828
1	119.433052
1	120.128508
1	120.793255
1	121.446293
1	121.449472
1	121.471742
1	115.043108
4	123.003067
4	123.483631
1	123.867595
1	124.154862
1	124.775892
1	124.315629
1	125.918315
1	126.524020
1	126.827841
3	127.095990
1	126.414314
1	124.668843
3	127.409767
6	126.552473
3	127.651761
4	127.723944
1	128.969744
1	128.561908
1	129.918794
1	128.960298
1	130.279772
4	129.231030
1	130.164643
1	130.325637
1	130.677520
1	130.705373
1	129.943611
1	131.219809
1	131.543150
1	131.252253
1	132.296212
4	133.577969
1	132.991705
1	134.892269
4	135.576667
2	136.589143
4	136.317288
1	137.390057
2	137.640659
1	137.901611
2	137.955914
2	138.385682
1	138.609347
1	139.171588
6	139.304578
1	139.377538
5	138.775404
3	139.020109
1	139.044434
1	144.390134
1	144.580225
5	144.795293
1	144.752126
2	143.216689
1	145.522800
1	145.641686
1	144.059343
4	146.128507
1	146.900347
1	147.143526
1	147.297655
1	148.102887
1	146.982863
1	147.728706
1	149.063300
1	149.980439
1	149.427829
1	152.086998
1	152.597495
1	153.473783
1	153.935872
2	154.073271
1	154.951124
1	155.226774
1	154.955855
1	154.568219
1	153.321500
1	154.354250
1	155.311814
1	156.217406
1	156.491096
1	157.108690
1	151.672752
1	156.227300
1	156.240149
1	156.382419
1	159.133273
4	158.554719
1	159.302255
1	159.146734
4	154.221805
1	161.926240
1	155.242747
1	162.590154
3	162.105177
1	162.983928
4	163.097404
1	163.950181
4	164.593093
1	158.084928
4	165.416600
1	165.814229
3	165.888834
1	165.659238
3	166.979254
1	166.829428
1	168.079804
6	168.728255
1	171.402234
1	171.632115
1	172.851577
4	166.121393
1	171.429408
1	173.284332
1	176.101213
2	175.613398
1	176.362134
1	176.456689
1	176.820872
1	163.395049
1	163.326492
1	178.980958
1	179.862330
2	180.447812
1	180.455711
4	180.360140
3	180.826601
6	180.160334
3	181.176403
3	181.943917
1	182.646403
1	183.867418
1	184.434998
1	182.661837
1	184.952870
5	169.912441
1	184.727254
1	184.873848
1	186.680192
2	186.766709
1	173.637604
1	188.605130
1	189.939926
1	189.606910
1	190.274500
4	190.556249
1	192.445938
4	193.545944
1	193.605165
6	195.675463
1	196.707069
1	198.083244
1	197.523435
1	198.401363
1	199.746167
1	198.936155
1	202.448782
1	174.409959
1	175.863339
1	176.038354
2	207.152473
1	207.468950
2	177.092268
2	207.946378
1	210.214862
1	210.904923
1	211.523027
4	211.914266
6	181.494322
1	181.938891
1	212.628269
3	182.099529
1	214.325177
1	214.220676
4	214.845543
1	215.181926
1	215.132715
1	185.717866
1	215.975910
1	217.169268
2	216.692839
1	216.618966
1	219.497645
4	218.940334
1	186.674310
2	219.986982
2	189.470094
2	220.053612
1	219.925662
5	221.068538
4	221.336394
1	221.403578
1	221.559686
1	222.089580
1	220.570772
1	221.780834
5	222.052689
1	160.470185
2	225.086077
1	224.217877
1	225.892733
1	226.401909
2	226.957801
1	227.372212
2	227.533630
5	227.859008
1	227.741139
3	224.861983
1	227.878789
4	228.506856
1	230.786823
1	230.768870
1	230.809270
5	230.772386
1	232.278687
1	231.958565
1	235.189810
1	235.823994
3	238.682348
1	238.570708
1	239.409696
1	241.892715
1	242.921460
1	243.269511
1	244.360794
1	244.677357
5	245.411532
1	245.786336
5	247.791833
1	248.371350
1	250.458155
1	251.563618
1	249.976189
1	253.009010
1	253.478567
1	254.071525
1	254.385828
1	254.037729
1	258.598048
1	258.469500
3	259.801318
1	261.166294
2	260.692675
1	261.205208
1	261.662886
1	262.649373
5	262.273400
2	262.178738
5	263.198344
4	200.923994
1	263.089211
6	264.843706
4	265.655131
1	267.186284
1	268.235288
5	268.282144
1	269.456746
1	270.664906
1	273.605132
1	274.587207
1	274.684741
2	212.802208
1	276.358907
1	277.149848
3	279.469483
1	279.026810
1	279.828259
1	282.294069
1	281.835477
1	282.759738
5	283.007962
4	283.449045
1	283.771464
1	284.577100
1	284.666618
1	286.066633
1	287.452836
3	287.131057
1	288.378246
1	290.925078
1	291.868753
3	291.963509
1	293.674623
1	293.580340
2	294.933630
1	296.525518
1	297.459902
1	298.186006
1	298.278701
1	298.569385
1	299.244920
1	298.597918
2	300.084854
1	300.713209
6	301.092397
1	303.802007
1	302.173109
1	304.725557
1	305.414493
1	306.123774
1	307.686277
2	308.126050
2	309.007296
4	308.922908
3	310.222158
6	311.341625
1	312.479607
1	314.459080
1	315.745375
4	316.505622
1	317.141395
1	317.322037
5	318.623693
6	319.666712
1	319.376794
1	318.610912
1	320.258218
1	320.857323
1	320.809472
2	322.312923
1	323.358580
1	323.216495
1	323.119464
1	324.273494
1	325.249339
1	325.997068
5	326.030550
1	326.687347
1	327.037532
1	327.084848
1	326.643592
1	328.435428
2	329.050681
2	329.630998
4	331.478290
1	334.125153
1	334.772978
1	334.596968
1	336.874874
1	338.415859
1	338.522908
1	339.704616
2	340.639169
1	341.760083
5	342.048258
1	343.405783
1	344.659218
1	344.963283
3	343.804723
1	345.092585
2	345.339590
1	345.875638
1	346.487698
1	346.469388
1	346.926039
1	344.949625
1	348.174408
1	349.427681
2	349.579508
4	354.421232
1	350.940025
1	356.037255
1	356.263582
1	357.946441
3	355.848863
1	355.490354
1	357.934369
1	363.335642
1	363.958910
6	359.391664
2	359.690405
2	364.702373
1	366.497947
1	366.810980
1	368.504731
6	369.382162
1	373.068521
2	373.140278
1	374.461756
1	375.101601
1	376.077574
1	363.581378
1	376.888928
1	364.171269
4	365.047807
1	365.435184
1	378.517966
1	372.126216
5	381.009877
1	381.191205
1	382.296927
1	388.195857
4	373.000815
1	389.056749
1	390.037416
2	391.389706
4	392.724772
1	397.632171
3	381.417763
1	397.783556
3	400.586399
1	386.688949
1	387.289284
2	388.101910
1	405.160518
1	405.735526
1	405.695196
1	390.544956
2	390.720104
1	417.076162
2	420.652480
1	420.702500
1	422.923860
1	419.963423
5	420.216077
1	421.432057
1	421.798762
3	424.589541
1	425.178952
1	426.287810
1	403.004819
1	403.993176
1	404.781115
1	410.616334
1	412.349468
1	412.882787
1	412.683590
1	413.516170
3	413.267401
1	414.561423
1	414.670531
1	417.033730
2	452.438521
1	458.864874
1	459.733523
1	460.833498
2	464.285127
1	467.021043
1	506.664025
4	516.099012
1	515.557613
1	519.168525
1	519.179612
1	527.059602
1	527.912838
2	530.669725
1	530.514752
1	535.377203
1	535.186309
1	541.988747
1	546.865582
1	557.718192
2	559.263501
1	559.240378
3	560.689314
1	566.113149
1	591.103688
1	628.214515
2	707.268294
1	807.228242
1	829.673337
1	853.202451
1	890.657832
1	899.998325
1	906.181731
1	908.318979
3	923.980767
2	987.725852
1	987.957217
6	1043.343806
1	1044.067132
3	1060.309964
2	1070.548891
1	1084.579909
1	1120.630181
1	1259.255370
3	1263.159459
1	1327.066545
1	1333.034558
1	1334.919528
1	1342.323354
1	1343.827121
1	1352.501516
1	1352.660343
1	1367.147379
1	1367.342525
1	1372.431749
1	1371.920232
1	1372.690353
1	1374.055337
1	1378.415635
1	1388.874490
1	1421.292533
1	1422.194878
1	1422.265658
1	1428.000152
1	1432.288287
1	1446.495085
1	1448.994453
1	1456.084205
1	1458.090338
1	1463.763810
1	1470.614429
1	1470.982542
1	1473.521474
3	1476.254022
3	1483.527632
1	1491.991003
1	1492.603863
1	1493.985095
2	1494.419197
2	1498.423360
1	1501.980400
1	1501.731764
1	1503.687059
1	1503.928282
1	1504.224650
1	1504.849640
1	1507.343764
1	1512.029135
1	1512.044006
1	1512.113317
1	1512.582616
1	1514.300878
1	1515.442033
1	1521.048975
1	1523.684513
1	1525.850036
5	1526.811552
1	1527.680222
1	1529.281671
1	1531.468400
1	1531.471664
4	1531.951507
1	1532.532255
1	1547.913863
1	1550.992644
1	1559.329278
2	1568.786990
1	1569.330467
1	1570.726731
1	1576.975487
6	1577.558608
1	1578.089306
1	1579.798137
1	1583.793697
1	1584.138034
1	1585.770912
1	1595.832942
1	1596.721652
1	1599.739985
1	1610.766522
3	1615.109536
1	1618.919343
1	1620.362452
1	424.207212
1	1629.777197
1	1630.356789
4	1630.545922
1	1635.017067
1	1634.911772
1	1640.165140
1	1640.682153
3	1642.736570
1	1644.237063
1	1644.055606
1	1662.118161
4	1666.726901
1	1700.001598
6	1703.552190
6	1711.888112
1	1713.354253
1	1716.874959
1	1730.995310
1	1732.171727
2	1738.120596
1	1740.766979
1	1740.697769
3	1741.377309
4	1743.965019
1	1748.541213
1	1757.293539
2	1757.825058
6	1764.721685
4	1765.092579
