447	1.915564
40	2.756714
88	5.835569
382	6.748419
1788	9.636913
12	12.778946
14	14.124798
45	15.322636
20	15.956904
33	18.687240
397	19.014702
664	19.080848
357	17.129328
1142	20.821520
9	18.873354
147	19.126911
40	27.687412
37	28.554832
271	31.144814
13	32.351804
2147	34.134344
32	33.706201
63	36.597926
50	37.741096
1289	39.492049
84	41.326285
1484	39.700539
43	43.803761
182	45.788537
17	45.176736
15	46.450912
101	47.270239
76	50.199880
1495	53.493470
187	55.303730
2152	55.977828
45	57.383583
560	60.884208
22	61.982188
32	61.977860
56	63.448130
18	63.413607
32	70.729908
134	71.568487
13	73.983353
364	75.536130
11	78.723170
116	79.102533
34	80.706383
79	82.068811
1392	84.109505
17	85.698091
16	85.956292
107	83.986169
518	86.267314
59	86.753604
76	87.337753
17	87.541679
61	87.577969
500	88.750675
629	89.803085
20	89.994908
30	93.722533
276	96.317436
61	97.001784
72	97.873096
8	98.242813
197	100.270107
1106	102.394480
17	106.794662
103	108.625365
22	109.180923
221	111.509261
363	112.907141
1837	114.267006
68	118.819506
1221	120.284736
109	121.799661
15	123.464205
10	124.189019
72	124.581679
262	125.769755
58	125.792587
18	126.600172
1105	135.171250
212	135.366848
365	135.991897
17	136.594762
198	136.714545
588	136.981268
207	137.557223
473	137.668545
19	139.482122
398	139.714027
131	140.650591
75	142.494602
11	144.098345
1067	144.777040
269	145.178135
11	149.240016
791	149.322457
19	150.641203
2031	151.710735
18	151.799302
7	154.346928
72	155.518213
7	156.953851
1082	158.235530
30	161.019005
63	167.599618
1956	168.391981
17	172.626396
149	173.503010
27	174.704836
9	176.616754
15	178.137671
1921	178.885813
95	180.331620
11	184.392215
12	187.495428
29	189.905524
7	190.575761
681	191.554951
13	191.642053
171	193.464282
1232	195.692074
9	196.481661
643	196.853106
526	197.195773
83	198.056456
540	200.023187
414	201.085693
277	202.218467
473	205.053295
136	203.277714
30	205.869304
53	207.186853
17	207.290221
1207	207.672527
39	209.312350
75	209.985208
100	210.061107
13	210.183553
103	210.190008
71	210.474965
41	211.090196
675	211.540420
1862	212.406102
45	214.089589
1368	221.466745
1368	222.067379
54	223.058013
171	227.441993
37	228.162287
1502	230.181019
1001	230.290357
80	232.486291
2066	233.128960
376	236.409225
37	241.880944
64	244.014144
162	244.002879
1744	245.534825
22	247.612422
7	248.155364
19	249.615089
112	250.217597
1322	250.889341
32	251.521778
1159	251.905998
17	253.363601
497	254.970242
83	255.699380
327	256.654779
38	256.960809
34	257.696257
69	258.260429
104	258.333964
116	259.987744
22	264.181178
1107	263.110870
257	266.705998
214	271.026799
33	274.953016
41	277.419004
598	278.364379
856	279.345478
115	279.595775
19	281.351757
252	281.785916
119	281.191189
57	283.958032
31	284.805617
131	288.380841
80	289.990594
15	293.372865
257	297.033525
857	301.125254
751	307.346861
636	308.961017
21	310.185079
215	314.377596
174	316.532465
552	317.584460
14	318.458826
9	319.029939
8	319.868702
7	322.747365
16	326.496178
9	326.784256
166	327.746842
33	329.386076
1117	330.665840
312	332.444728
14	332.588657
46	335.048871
13	335.163079
1024	337.571951
25	338.584622
360	339.571282
17	341.470665
10	341.909397
45	342.177520
421	344.222416
11	344.710267
13	347.205955
62	350.078950
43	351.802619
20	354.611456
118	357.743279
13	359.524842
34	362.453994
373	362.698002
349	363.156167
1800	367.257299
119	369.048568
1223	371.828712
64	374.339138
68	379.530717
335	380.122181
422	381.499355
2160	382.107154
98	383.366072
40	385.890398
1683	387.153135
1639	388.891528
25	391.875849
1389	398.368582
528	400.561991
11	403.449103
381	404.104728
38	404.718653
299	409.945592
1669	411.894124
1776	411.971603
1950	414.245155
305	415.621927
9	415.752676
24	416.639595
474	417.712643
170	419.726288
17	420.243973
14	423.198337
27	423.181473
294	423.890285
240	424.272369
267	429.167205
458	430.299970
437	430.716480
16	433.431604
511	435.183370
9	437.749970
66	441.595648
1067	442.464512
8	442.645757
311	444.285466
29	444.315264
169	444.873358
76	444.961162
47	444.276854
16	446.185718
82	446.397236
320	451.175163
1034	451.200480
96	451.859382
10	454.457437
7	454.694359
447	455.659424
744	462.216732
700	462.502102
444	465.229957
9	472.539958
2037	473.474174
890	474.482153
62	475.027097
45	478.421492
274	478.042638
34	483.094683
877	484.008694
19	485.528287
596	486.145933
899	488.937393
20	489.796237
2022	490.023173
29	491.081927
50	494.016947
398	494.965138
1171	495.266998
99	500.424398
14	500.655973
428	505.020471
90	506.919474
58	507.378676
9	508.660817
1843	510.861803
1493	513.297843
9	518.110878
353	518.479711
11	518.669849
715	519.498224
379	519.776345
77	520.668695
10	524.259386
40	525.388518
398	526.676501
9	528.759279
30	529.429901
27	529.767995
56	529.787803
10	534.661912
119	537.285566
20	538.351319
25	538.911704
1094	541.033845
32	541.151909
22	541.647093
362	544.445794
308	544.823327
27	548.192933
171	548.359233
1423	549.524186
47	550.367064
266	551.331150
473	555.793277
94	556.048461
14	557.429712
13	557.482489
631	558.044969
81	558.980087
1117	559.354098
145	559.448360
145	560.396138
1920	561.314352
9	562.250202
431	562.644508
42	562.843997
49	562.983121
126	565.036630
1698	566.612014
7	567.573969
189	570.173668
13	570.384314
876	570.441426
1302	571.064967
63	572.845868
618	574.922763
232	575.500476
57	576.009159
37	577.275000
9	577.575863
46	579.843210
35	585.910431
24	588.534054
48	590.033637
8	590.614410
1637	592.098028
86	594.701917
160	594.722975
241	594.942959
80	595.102467
28	597.095658
79	598.300586
1224	600.554839
412	602.173828
55	603.177065
12	604.036226
14	604.546462
124	605.600795
1252	608.538031
21	608.511893
71	609.080394
963	610.840925
109	612.615179
51	612.670268
123	612.896772
9	613.974768
14	615.263249
65	617.223454
541	618.539219
10	622.149612
141	625.533133
16	626.910143
14	627.824012
68	630.812520
12	631.539058
203	632.600595
1582	632.940091
553	633.709913
620	637.892687
14	638.402060
166	639.157245
362	645.015197
251	648.562363
241	649.285332
373	652.630955
57	650.763324
863	654.029037
19	654.796873
11	655.334205
45	655.332260
832	656.326946
7	656.324553
241	666.749794
1065	668.236590
335	668.275109
49	670.679061
186	670.763852
102	671.639042
223	684.485247
10	691.333297
41	691.588355
88	691.795040
63	693.012478
82	693.448641
869	694.386052
1438	696.169849
8	696.399179
755	697.595414
38	698.083220
879	698.514943
19	699.221131
74	699.291082
2019	701.650160
178	702.912872
16	703.473808
457	703.856313
1536	704.204995
681	704.752147
301	707.910819
28	710.238149
58	710.690618
47	710.776345
345	711.017580
10	711.964789
392	712.834698
381	713.034165
1322	716.653920
57	719.247078
156	719.456909
7	720.680345
35	720.924029
35	722.327540
93	727.969117
23	728.939933
316	731.325981
117	732.262943
50	732.467926
134	736.384782
1584	740.709547
22	742.996401
68	748.205422
262	748.548388
106	754.975245
261	755.208767
173	755.767585
7	757.002033
9	757.029504
26	757.137654
761	757.596642
376	760.120616
14	760.774830
152	761.672516
13	764.301236
9	765.576273
64	767.736063
44	768.669485
26	768.991921
109	770.942423
10	772.475096
10	774.471455
207	774.735018
239	774.895905
75	775.107689
16	775.201595
53	777.025132
298	778.239348
15	781.089861
29	781.509474
141	783.687395
1197	785.956990
1789	789.548382
825	794.701351
316	797.897815
229	798.440969
556	804.233432
7	804.676667
16	806.727932
13	811.132583
15	811.348243
14	811.567216
69	811.917538
863	811.927355
65	812.320465
628	819.182144
635	819.188418
7	822.665363
2060	823.489932
1696	823.947984
924	825.961415
13	826.087011
956	828.234591
333	830.221873
29	834.379956
7	835.566105
578	838.091661
29	838.712456
8	840.309191
35	842.413556
1536	847.869015
466	849.004436
874	850.255548
208	851.342997
959	852.923117
254	853.842090
71	855.980172
112	865.659877
1565	869.895190
9	871.079327
342	873.458692
16	875.386117
457	875.731966
35	879.962807
179	882.352086
13	883.462698
70	883.518346
66	885.890634
21	890.976055
1093	891.171816
29	891.663095
129	892.860859
948	893.007805
20	893.283663
1661	892.185105
2028	897.104977
257	897.977949
155	899.793231
9	901.054176
101	901.088178
14	901.324549
62	903.898179
206	905.312715
1494	906.004970
735	911.262347
654	914.192498
595	914.961128
597	915.195562
91	915.281664
1373	924.848577
477	929.506478
247	930.450999
11	932.813536
17	936.733383
35	940.055602
113	943.180625
1519	943.454145
13	944.465516
11	946.986391
81	948.262117
620	950.056955
91	950.105508
215	957.736605
622	959.602828
9	962.491328
618	965.460239
10	966.974464
1898	970.161272
63	970.705571
735	970.999035
14	971.030180
9	971.770788
100	974.189599
1138	975.549296
21	977.149640
35	981.295852
56	981.381446
1537	981.998345
655	986.127845
7	988.230255
1766	989.460416
351	989.858820
366	991.440235
256	991.864372
19	992.749515
187	999.395448
50	1000.464238
424	1000.524636
375	1001.543874
1788	1002.157659
498	1002.393928
10	1006.461991
78	1006.813354
82	1010.721282
567	1014.546372
46	1017.048707
257	1017.127621
75	1018.625122
294	1020.012674
15	1023.089264
274	1023.259094
14	1027.636685
343	1029.093271
12	1030.716243
18	1031.014333
355	1033.342424
1331	1033.408552
434	1034.191510
562	1034.306710
1104	1035.049512
48	1035.165715
183	1036.544079
319	1037.099002
1335	1038.685757
1432	1044.711362
172	1044.775382
15	1045.476373
68	1046.935995
393	1048.686528
300	1048.956088
12	1053.554833
1001	1055.335529
809	1056.008151
90	1054.671370
65	1057.617159
9	1057.448229
34	1060.768029
1253	1062.841305
339	1064.221430
1209	1065.436510
12	1068.940643
802	1069.526796
77	1071.405025
1210	1074.093860
302	1079.357418
246	1080.218225
299	1081.140169
129	1081.747776
7	1081.911538
30	1082.202654
26	1085.230608
710	1085.834742
181	1086.082012
27	1087.322825
38	1089.019761
114	1092.169057
1726	1092.408558
17	1092.676876
11	1093.100999
15	1097.345432
1416	1097.452041
20	1097.833286
109	1099.676882
648	1099.875843
32	1100.762727
76	1103.655181
23	1103.987493
31	1105.316906
206	1105.275554
151	1108.809577
451	1109.180003
220	1109.514519
671	1109.522014
11	1110.067721
145	1110.906434
51	1111.231374
284	1114.751905
1059	1115.214333
492	1119.913666
172	1121.756897
455	1124.018630
94	1124.492649
367	1125.736139
38	1126.360623
15	1128.875760
153	1130.411791
25	1130.818301
359	1130.982550
74	1131.515066
51	1136.029409
334	1137.411869
37	1138.172038
29	1138.990140
487	1140.813569
24	1146.008629
49	1151.017113
178	1152.769533
1738	1160.158839
13	1163.283471
14	1164.357891
1529	1165.643908
408	1166.014020
87	1169.692834
40	1169.780488
46	1173.002950
96	1176.076743
10	1179.111290
43	1181.205569
91	1181.650081
17	1182.631188
68	1184.795741
22	1186.639192
69	1187.020988
1559	1188.038011
43	1189.841619
740	1190.183574
17	1190.803982
1392	1191.185177
518	1192.341513
77	1193.220469
57	1198.616876
8	1201.183632
11	1201.266004
136	1206.249075
295	1206.298569
574	1213.261010
19	1213.589116
13	1218.078837
19	1220.680289
8	1220.917521
138	1226.000791
13	1231.094804
126	1231.697524
8	1231.977316
36	1232.359575
12	1234.149343
25	1234.405058
419	1235.420779
1578	1237.042754
8	1237.195440
13	1240.511366
19	1241.080958
756	1241.706945
78	1242.098694
74	1242.463966
496	1245.257774
1402	1246.515480
640	1251.480529
14	1253.831655
487	1256.157226
241	1256.557649
167	1259.681925
22	1259.700896
19	1261.007300
1194	1262.342709
167	1264.571367
12	1264.669057
8	1267.837983
66	1268.088002
24	1268.532943
974	1271.550567
1702	1274.151831
1402	1276.067048
209	1278.572660
32	1282.102671
38	1282.805981
456	1284.352071
10	1288.206028
643	1289.424549
559	1290.055754
496	1293.103351
30	1294.414159
35	1294.403031
584	1295.979669
1735	1295.018407
323	1298.897570
226	1299.080376
133	1299.716012
415	1300.741994
116	1302.788363
56	1302.937167
1493	1303.776359
9	1305.437278
226	1305.420250
133	1308.400491
181	1310.101446
202	1319.663287
29	1320.317151
47	1321.957328
16	1322.407627
324	1322.595991
1000	1322.863672
23	1329.028984
474	1329.592582
11	1329.631883
94	1332.489752
86	1340.253255
174	1341.444962
340	1344.948233
59	1347.056847
63	1352.462211
1829	1354.490735
14	1357.656083
70	1364.015841
1727	1364.257979
1346	1376.596684
43	1376.374270
829	1383.174585
418	1386.269232
525	1389.211210
110	1390.345349
736	1392.999134
97	1393.613863
11	1393.924805
84	1393.986209
1477	1394.337336
185	1395.006936
78	1396.522194
8	1397.387793
9	1398.002656
11	1399.400394
289	1399.722225
266	1399.880078
30	1400.548792
92	1407.174036
15	1406.922461
805	1409.034492
8	1410.853182
902	1411.580783
71	1412.867776
165	1414.061892
95	1414.572007
29	1414.695934
148	1415.853820
43	1416.257187
43	1416.346185
12	1416.663516
743	1420.130707
158	1421.606077
542	1425.200951
718	1425.822769
19	1426.375452
71	1426.648759
47	1427.305280
52	1429.343215
47	1430.223225
80	1431.101984
38	1433.212748
18	1433.649689
38	1433.719968
164	1434.766107
127	1434.913838
19	1438.051056
1132	1439.124325
7	1440.007649
14	1441.329379
7	1441.934807
11	1443.341143
44	1443.843897
743	1444.546468
1929	1447.413634
978	1447.842921
33	1448.469276
390	1452.811931
42	1454.664441
24	1461.724583
10	1462.519012
1445	1469.237688
29	1470.428327
52	1470.976509
14	1472.252965
787	1473.525530
91	1479.621730
9	1480.947542
27	1482.046425
271	1483.772870
9	1485.357457
29	1485.909193
461	1487.021401
51	1488.880264
46	1490.975832
195	1492.596202
579	1492.915917
147	1495.038747
320	1497.753339
1694	1497.802335
80	1499.436689
929	1500.128021
839	1501.146771
568	1506.117390
13	1506.381485
13	1506.840220
2054	1507.118729
187	1507.207304
29	1507.287018
10	1507.617691
13	1507.664923
1216	1509.852642
139	1514.291385
93	1514.567877
223	1518.145015
10	1525.939053
159	1533.806853
1283	1534.456592
50	1535.376435
8	1535.475671
1427	1537.352678
1307	1538.963375
821	1542.712989
134	1543.443123
16	1544.086898
152	1546.414252
1333	1554.392502
445	1555.223620
24	1557.370871
49	1558.171561
18	1560.141729
390	1560.176185
130	1562.091045
38	1567.111959
9	1567.342571
209	1568.540127
128	1568.997227
53	1569.952780
728	1570.410330
16	1575.110816
492	1576.068665
66	1578.450093
864	1580.769461
111	1581.591219
10	1582.015484
1175	1588.779320
240	1593.007938
69	1596.317796
107	1599.098464
584	1599.317579
10	1599.800447
20	1600.401774
15	1600.811345
115	1603.914767
1652	1604.335405
11	1604.462697
748	1605.403258
1995	1611.807541
1749	1611.855749
7	1611.958353
7	1613.419567
84	1614.708967
336	1615.372550
84	1615.831203
432	1616.586369
740	1616.843885
232	1616.817678
1376	1617.356255
7	1620.206915
11	1621.010817
1888	1622.101374
149	1622.534121
8	1623.755610
622	1624.483807
1011	1629.904222
21	1630.059175
1343	1632.814507
149	1634.128552
488	1640.645964
13	1640.960390
474	1644.336126
1194	1646.909075
197	1647.906995
8	1652.559119
255	1654.290104
333	1655.554833
11	1656.801427
40	1657.209701
363	1658.577440
191	1660.227938
42	1660.284692
756	1660.734065
7	1661.114634
1269	1662.719582
76	1663.054554
191	1664.444358
78	1666.227282
355	1666.209526
1987	1668.119047
166	1669.538491
61	1672.086526
43	1672.437496
848	1674.949938
238	1675.206343
21	1678.164292
37	1678.366056
348	1678.447575
181	1682.889457
87	1683.285232
1432	1683.940857
1294	1684.463643
8	1686.985188
53	1688.751553
21	1690.823032
1156	1691.145526
22	1691.941147
9	1694.092811
441	1699.493462
217	1701.291325
26	1701.385187
146	1703.987059
27	1705.788408
65	1706.696789
10	1706.977599
41	1707.488260
512	1710.268417
202	1710.479717
813	1710.701726
491	1711.562162
819	1716.480927
111	1718.128803
40	1718.846641
942	1719.923576
370	1726.286280
100	1726.684857
163	1727.004773
73	1727.028312
74	1727.716050
86	1732.984883
34	1733.693357
618	1734.620018
882	1735.622953
331	1739.997284
34	1743.392637
94	1749.615825
10	1754.105899
89	1755.178512
819	1758.411601
73	1759.675719
440	1759.981586
11	1761.260742
1269	1762.359502
49	1763.597733
241	1769.285543
9	1772.866299
87	1774.964750
268	1775.324515
1737	1779.530196
83	1780.151315
49	1781.506918
253	1785.832252
44	1787.977232
98	1795.406571
420	1798.819344
14	0.797282
19	1.568310
7	1.655340
23	3.823650
1857	3.871921
913	4.101921
10	5.358481
9	6.382363
76	6.446787
23	6.708547
16	9.098393
66	10.218460
15	13.407432
32	14.200417
419	15.093341
106	15.538997
1672	18.428901
216	18.596763
15	18.708079
1121	21.333923
30	21.736633
25	24.488877
29	24.697274
326	25.198186
18	29.008625
105	32.255630
21	32.545953
1000	32.833278
35	33.371896
164	33.656323
906	36.149679
1276	36.227051
2035	36.267943
175	36.454711
26	37.158152
35	37.295107
735	38.158921
11	38.166982
240	39.335149
172	39.686672
55	40.710442
19	40.950421
627	41.089376
594	42.387923
1928	43.508238
39	43.653538
818	44.060096
137	44.466925
18	44.929856
233	45.390580
17	45.817034
1540	47.423980
127	47.571508
75	47.814241
92	48.439717
1189	49.174848
137	51.265627
24	52.191712
898	53.287903
24	56.617346
11	56.749729
1498	58.361480
82	58.850323
89	58.845440
405	60.311966
19	60.387443
44	61.067380
35	62.294349
74	62.821324
29	63.260280
16	63.651459
24	66.046683
67	66.775500
54	68.550099
25	69.309803
347	69.823103
137	71.173008
712	71.210153
98	71.353573
19	72.078785
114	73.166316
7	74.070288
797	74.126399
1002	75.930051
360	78.611095
1151	78.667243
20	79.065910
282	79.685822
74	79.811150
45	73.189672
144	80.627416
57	82.404950
24	84.023447
15	87.919336
713	88.722070
264	89.116534
159	90.696970
65	90.755961
206	91.079160
33	92.595798
177	92.960028
105	94.030075
295	94.064758
1522	95.298992
36	97.803041
23	98.248349
659	99.855499
35	100.032915
102	100.529712
22	100.748279
443	101.111035
8	101.298979
20	94.869944
170	102.603479
25	102.889723
30	106.104368
167	106.424273
27	99.534312
741	107.879998
25	107.987391
74	109.420626
57	109.810034
12	110.767823
1169	110.919256
966	111.417111
860	111.710362
985	114.622133
643	115.412267
10	115.687499
20	116.579070
333	117.132054
238	118.074354
925	111.834701
236	119.982557
848	120.720655
28	122.003749
106	123.348202
17	123.417489
701	123.571547
177	124.010420
45	126.344125
41	126.882680
1430	127.469617
428	127.571582
22	131.362061
66	131.502221
129	130.181231
41	132.325412
507	133.273040
252	127.080533
27	134.344930
32	135.345134
1383	135.341178
136	135.595730
1704	135.837048
793	138.332649
236	139.231437
29	142.017523
101	146.738960
185	149.737295
1967	149.952781
37	150.449630
50	150.975886
29	151.008351
311	151.651655
9	152.651137
8	155.005525
2146	155.756929
9	157.155420
572	151.094590
109	158.761367
8	159.559886
73	153.003763
47	160.369108
32	162.148452
36	165.521056
967	166.311803
63	166.633672
13	167.605802
22	168.126923
43	169.509623
1247	171.466338
403	172.703113
46	165.866462
34	173.969428
1119	173.983978
9	176.945563
15	178.657706
155	179.015690
241	179.270449
13	185.694208
15	186.051622
636	186.089183
20	188.386260
16	181.651718
9	182.057727
147	189.316435
221	190.205440
63	192.254202
38	190.687104
483	185.939724
268	194.712606
9	196.158955
41	197.167468
24	197.359234
50	198.046900
31	200.439206
42	201.590914
1646	203.061523
1665	205.223930
827	203.761244
1184	206.834034
174	209.336320
37	209.315266
115	211.296948
23	212.282552
13	212.954064
428	213.020840
830	215.805107
8	217.123724
52	211.655233
1569	218.685712
16	218.934242
31	219.210995
29	220.155348
1195	221.089696
18	222.314203
610	223.208691
78	223.601777
39	226.097808
617	226.250901
292	226.626482
735	227.087534
7	227.680935
241	228.079941
12	228.339711
772	229.556914
33	229.592308
13	231.255892
350	231.642774
12	232.120155
10	234.335311
432	237.758686
17	235.021084
134	240.067318
90	241.941395
12	242.142837
1414	242.758261
15	242.921078
1494	244.321476
1448	246.541181
27	246.678817
61	247.389340
9	249.779732
189	251.156726
9	253.047204
316	253.941130
96	255.442999
88	255.469247
470	256.224325
1585	257.944145
147	258.084002
8	260.141393
460	253.778487
154	261.534993
9	261.720035
199	264.526971
333	263.874449
119	265.854608
84	266.149949
214	262.189421
12	274.553960
51	274.904875
281	275.028292
1979	275.156957
120	275.866334
61	276.508651
221	277.396089
44	277.790523
29	270.893985
105	278.201149
9	279.489344
1331	279.561358
343	280.210762
83	282.238890
817	281.984738
2079	277.045133
9	285.009329
532	283.438609
19	285.346275
53	285.921396
7	286.833427
39	288.482729
1657	291.992551
250	292.773211
30	292.897505
129	294.354699
138	294.403957
156	295.138192
63	295.423740
7	295.497371
474	297.153361
194	298.099048
141	291.646596
8	300.392105
396	299.876302
9	302.126857
14	303.849870
51	296.927397
21	304.502966
40	304.618243
8	304.957450
101	305.811277
14	306.254840
11	306.738686
2054	313.607445
39	315.428859
568	315.769720
41	317.455533
1177	318.421158
848	320.927342
1842	316.149801
8	322.242036
26	324.369036
152	325.820466
805	326.190774
22	320.855916
462	320.323822
1899	322.066403
154	329.285140
40	329.816943
660	329.982227
261	332.022770
148	334.597233
1731	335.530858
1215	329.458875
940	336.507863
541	336.965710
33	336.949365
140	337.183715
36	337.770752
24	338.262630
25	341.547478
644	334.628200
707	342.274597
18	343.738875
51	336.857345
825	344.165621
65	337.295218
17	347.371061
16	347.668056
540	349.255838
44	349.485802
1459	350.455893
527	351.326481
41	351.573167
23	351.563095
1450	351.916808
351	352.858769
37	352.922483
1064	353.572831
14	354.222345
11	354.521983
184	348.994772
594	356.957022
7	357.981874
30	359.431006
386	353.335638
59	360.923909
67	346.145840
468	363.922607
7	363.970772
1926	362.235607
1083	365.193819
14	368.898189
1441	369.898692
280	370.431455
15	371.463595
70	373.381925
132	374.032225
162	374.365912
1958	375.123431
79	375.459969
680	380.112448
580	380.619598
566	382.738401
283	383.812608
399	383.096946
1358	384.197268
1920	384.410532
19	385.066608
31	378.177309
88	386.863173
7	382.430625
72	387.830603
342	388.014173
2101	388.293599
475	390.042679
462	390.083811
95	390.070036
190	390.548726
1378	391.120137
7	392.643831
10	393.559239
18	393.810053
109	394.380948
60	395.087877
41	395.336270
1230	395.550259
7	396.022221
58	396.073838
1014	396.204341
11	396.770121
636	397.182390
41	392.637484
867	400.029741
47	402.193945
492	402.574799
509	405.929218
27	407.754975
148	407.831822
14	408.874422
158	409.002938
495	409.731751
100	403.184335
22	411.705362
30	412.980196
11	413.794119
863	414.252432
434	413.573450
1608	414.713295
30	416.386462
399	419.957823
64	420.140114
110	423.140972
1255	423.766075
400	425.269638
293	394.848697
17	426.965974
343	427.601285
1189	428.071028
1303	429.192205
176	429.780921
47	430.369301
101	434.078676
23	434.219925
1406	434.297121
1000	436.552130
1497	436.813629
14	438.646668
10	438.279932
182	441.931755
65	441.986224
155	442.613136
103	444.599989
115	445.797554
673	440.825750
428	445.963378
194	447.786617
8	447.935171
1681	441.138950
8	449.127436
354	449.977044
88	451.473556
78	454.685052
23	455.273250
39	456.568649
248	459.178251
11	459.849427
173	460.362590
148	462.223198
87	463.429814
1463	463.758785
81	464.031171
541	464.507108
55	465.317326
72	464.746828
135	459.238388
19	467.107817
99	468.049241
23	468.707044
34	469.137053
337	469.651268
88	470.186979
927	471.345659
1941	473.116832
106	471.068242
1657	473.596817
93	475.244617
10	468.354273
10	475.402958
338	475.642368
644	478.699257
53	479.081263
61	480.710146
483	481.960290
8	482.039036
17	482.185868
63	483.969933
358	485.727687
24	487.708388
24	488.679015
318	489.056265
877	483.387980
544	490.785789
239	491.638138
65	492.002490
162	492.545366
131	493.766476
19	494.801750
8	495.434013
21	496.031618
8	496.812740
9	497.863115
78	498.767674
214	499.180828
11	500.725007
110	501.568569
1219	502.612392
160	502.919210
152	508.197519
15	508.378339
44	509.352096
356	509.486451
22	511.255403
522	512.893223
9	514.758465
105	516.049377
648	517.339456
303	511.036624
10	519.589805
427	519.927848
299	513.099748
307	521.872655
274	522.121878
910	515.236522
7	525.102567
8	519.559079
219	527.147622
7	531.620458
44	524.691413
124	532.902876
16	534.375102
12	527.388665
13	535.272666
124	536.653844
406	537.444961
12	537.779942
1073	537.970642
1795	530.982355
177	538.486026
170	539.777183
1790	540.353132
30	540.584900
163	543.367001
62	544.636956
37	545.010851
22	544.926878
137	546.202743
759	546.747820
10	547.269926
202	548.085589
1394	548.219224
85	550.517408
375	551.276284
60	551.686895
64	561.515308
133	561.641843
8	564.295533
12	566.851413
153	567.049492
205	561.432739
997	568.528983
38	568.985833
7	569.183851
23	562.498690
15	571.252795
760	571.286282
147	571.441595
66	564.692834
67	572.083201
139	573.239402
298	576.663635
840	578.737601
332	578.880878
9	579.461748
66	580.391093
12	582.458592
24	582.595212
804	583.890555
117	583.416078
332	585.748245
1630	586.072629
1918	580.163075
65	587.571282
7	580.863559
42	588.306280
46	588.402206
218	588.405449
159	589.484897
1302	589.546877
1246	589.932388
2152	587.742112
36	588.195342
74	594.716770
633	596.474475
41	597.187322
2089	597.807545
182	602.641058
28	606.221304
8	607.726586
8	609.051150
108	602.416849
11	610.369210
340	611.201968
81	612.055244
1677	613.282989
81	615.056625
119	617.670611
7	619.677399
28	619.711108
14	612.738066
397	620.181559
848	621.255092
258	622.510427
22	624.422295
252	627.054575
352	629.229396
1260	630.954877
14	632.164772
146	626.047942
82	634.390956
100	636.296961
613	636.508476
15	630.763637
191	638.324018
53	632.098249
140	639.205473
29	639.767271
23	640.021505
149	641.996301
256	635.171566
222	642.689816
35	644.196971
11	646.049703
116	640.279385
65	648.708366
1883	649.873308
189	643.732938
331	651.594510
137	645.176565
1133	652.310765
95	652.418129
249	653.002507
60	653.615071
47	653.885821
460	647.084373
1076	655.166263
146	657.173784
1465	657.648338
925	658.806497
13	661.191695
9	654.370743
12	663.256206
39	663.290214
387	663.518411
175	663.999992
132	665.019272
1737	666.484297
15	666.799229
9	668.554140
15	668.983732
1639	670.226540
1093	673.233181
182	673.237461
8	673.844924
17	676.731332
31	676.861648
15	682.678428
1085	684.622170
18	684.900989
1052	685.858359
239	687.344503
101	681.583491
660	689.295439
26	690.235395
393	683.285587
30	690.873540
11	691.156492
9	692.951137
345	695.243761
21	697.382873
468	698.100955
60	698.176964
13	700.151103
206	700.201306
34	702.292107
16	703.543243
104	704.510026
32	706.995738
36	700.222704
603	708.255885
17	710.089723
993	710.970598
19	710.987146
484	711.909783
656	712.248495
92	707.934647
223	708.304982
17	715.581087
286	708.825260
386	716.410801
658	716.448508
21	716.853932
69	716.934938
55	712.022262
11	720.672710
9	722.406558
45	724.787681
67	726.237461
707	726.934245
9	727.961692
887	728.480439
1102	730.114529
83	730.318149
1224	730.858213
20	732.148965
24	731.408410
268	732.531373
172	733.398992
54	734.180872
180	733.981834
133	727.846657
19	728.292046
285	735.580730
8	736.240832
384	736.239686
95	738.064872
7	738.471132
325	739.951462
58	740.250319
14	741.138778
46	741.148691
285	737.435532
62	744.951528
346	747.429296
12	748.209610
57	750.058775
2035	750.046934
15	751.490031
193	752.257977
9	745.682236
19	753.726293
260	753.845934
20	754.719365
26	755.389323
14	756.024593
59	756.499900
233	758.229867
10	759.430131
734	762.300664
2046	762.335407
89	762.425942
46	762.743858
1457	766.604109
29	767.647139
18	771.196676
315	771.227960
1795	771.509360
33	772.879368
816	772.936016
1299	774.090391
318	774.657692
34	775.261845
1741	775.626220
41	776.124037
9	776.338799
9	776.837989
12	776.968420
77	772.543138
1816	777.841878
260	778.376825
18	778.416145
11	777.662342
23	778.972342
523	780.238186
517	780.488122
114	781.492648
38	781.715888
697	784.185461
14	785.060507
947	785.611464
258	779.492079
1457	787.317754
16	789.144315
48	789.429220
1687	790.147712
153	791.230886
170	792.104250
242	792.112751
17	792.237334
18	793.415178
1551	794.541229
1272	794.275978
50	796.378438
64	796.730946
38	799.978236
62	769.279104
428	800.305665
13	800.446358
964	801.239841
72	802.374178
273	804.963211
70	806.422115
30	808.171085
2041	808.587655
31	810.370051
13	810.811229
861	811.290081
9	807.089081
1535	814.505998
118	815.390948
68	818.576448
11	817.805686
72	819.185910
503	819.728253
29	820.372034
83	821.029410
1127	822.034517
18	822.468308
113	822.581055
318	823.653222
629	818.051434
8	813.050788
22	821.945810
59	829.172093
469	829.138444
132	829.491637
28	831.215604
16	832.129126
1780	833.391021
102	833.874127
32	834.905980
373	836.723877
49	838.721268
8	839.204418
28	840.609525
479	834.329789
40	841.811592
20	841.907848
1145	843.330493
44	827.216129
9	846.564005
950	847.563836
1420	848.183230
94	850.296180
757	850.526496
17	851.666122
1240	851.829840
658	853.795898
18	856.138308
299	856.660445
178	856.636055
79	856.690148
27	857.102950
415	857.922867
71	858.180320
7	858.916754
15	863.169757
704	863.872294
15	864.502148
882	864.662351
9	865.995453
1258	866.101361
17	867.757969
1124	868.397571
42	869.044589
58	862.981106
43	870.244765
617	863.501104
49	871.149108
62	872.630091
9	873.598776
153	868.655707
197	873.773110
34	873.917687
11	867.251320
368	874.326004
624	874.336473
9	874.692285
107	868.914707
8	876.710493
719	877.716946
37	878.045337
198	878.379948
523	871.501402
289	880.013178
90	880.855174
267	876.134481
120	883.603088
25	884.288352
154	884.703542
24	884.964261
137	885.464832
10	878.922267
28	886.099949
721	887.497610
31	887.753298
7	888.929267
30	891.048683
59	891.937459
50	892.111715
1460	885.750883
375	892.795101
10	893.337600
174	893.333943
17	893.463364
30	894.902209
491	895.002850
76	895.527124
239	895.641178
40	896.776591
318	897.169591
11	897.251345
27	897.398847
393	897.406489
632	897.528615
12	897.634468
1577	900.697678
28	901.237096
1466	904.157643
241	904.671935
112	904.933851
38	905.301163
14	906.621954
87	906.998098
775	902.343663
835	909.425580
9	904.681334
453	911.744029
7	912.090444
222	913.859453
31	914.262513
1235	918.753928
52	913.346915
1157	913.683105
753	915.647958
54	923.510075
120	924.067311
34	925.592954
196	918.707370
1784	918.952578
21	928.433770
1706	921.821953
1194	929.708486
946	927.139385
2100	935.235087
11	936.219284
13	937.745565
25	938.110010
33	939.261233
71	940.793454
115	941.829332
173	942.160673
39	935.325436
72	943.221098
9	943.567555
13	943.819554
60	944.160545
9	946.731539
142	947.517269
95	948.068852
41	948.561031
48	950.243093
122	953.253403
38	946.792718
1243	947.298375
1227	955.320742
106	956.903837
30	959.273238
10	959.431744
70	960.207659
215	960.558206
25	962.216464
55	963.036311
251	964.151033
530	964.350277
125	964.501965
64	966.647950
19	960.971423
374	968.748781
21	968.917698
823	968.977076
243	969.176024
45	972.096245
15	974.774150
1637	978.960308
31	979.505131
16	979.585478
1710	981.840693
1537	983.457600
543	985.574091
54	985.738233
1612	986.302659
143	986.393257
330	980.580118
1785	987.972156
576	988.886759
758	989.153714
250	989.410679
786	990.547249
46	991.220386
375	993.145488
7	987.245982
10	997.236334
1671	997.937310
10	999.382179
10	1000.498402
164	1000.868792
242	1001.636955
97	1002.274526
11	1002.574276
118	1002.663997
16	1003.557358
85	1004.041183
200	1004.278102
170	1004.791636
169	999.319539
98	1000.550953
98	1007.933861
1617	1010.564764
475	1011.198652
1933	1012.626686
215	1013.795306
253	1017.591054
124	1018.288563
93	1012.972573
18	1020.054592
158	1020.422547
57	1021.423350
336	1021.961478
341	1023.227128
80	1018.972989
99	1019.299566
27	1026.806423
1651	1028.631161
1358	1029.028935
9	1029.484634
207	1029.615605
1503	1029.774308
163	1032.221779
21	1032.668786
38	1034.522604
2089	1034.664134
43	1021.584031
33	1037.224568
1797	1038.906535
25	1039.009549
152	1040.696773
8	1042.583953
10	1042.658710
8	1047.087609
24	1042.605090
1493	1051.207564
26	1051.496701
1366	1051.819749
1241	1056.215159
339	1057.476494
56	1058.214964
10	1051.527585
43	1060.308255
93	1060.653210
11	1062.088104
457	1062.419982
25	1063.369608
29	1064.488941
9	1064.556644
120	1058.451517
39	1067.641753
1215	1067.880922
47	1067.941144
1649	1061.717303
131	1068.729536
13	1068.968045
720	1069.444217
23	1069.725454
67	1070.524036
51	1071.973361
58	1072.083534
500	1072.447522
1014	1077.038736
556	1077.142855
13	1077.625524
444	1072.369949
1666	1079.441131
1606	1081.783542
1384	1074.956068
1982	1074.960778
439	1083.589357
14	1084.023988
11	1081.825107
1493	1085.796163
17	1086.028528
12	1079.484166
16	1086.799554
256	1087.820478
887	1088.071171
57	1088.451409
216	1081.790546
61	1089.000920
24	1090.764073
10	1091.425141
712	1089.406947
318	1092.909083
590	1095.943842
335	1096.155285
56	1100.445229
42	1102.736280
1561	1102.791626
52	1109.338483
7	1111.251262
53	1111.273305
398	1113.071523
59	1114.081525
52	1109.441347
1675	1116.953310
108	1117.681926
19	1118.416075
205	1118.517695
20	1117.823967
75	1120.100868
450	1121.154147
140	1122.077539
249	1124.391469
76	1117.565545
282	1117.723102
129	1125.577390
24	1125.801877
8	1127.202884
24	1122.206362
639	1129.553662
13	1129.816658
122	1133.137315
28	1126.311625
132	1133.446384
1631	1133.807074
359	1134.222298
259	1135.497652
194	1135.897045
1045	1131.587232
35	1139.855669
14	1139.950092
21	1140.783795
465	1143.001195
199	1142.999033
41	1143.494764
993	1137.216419
22	1144.389902
74	1145.274017
9	1147.596822
591	1140.792168
409	1148.008535
607	1144.125683
22	1151.194636
29	1144.413312
765	1152.185323
76	1152.450247
45	1154.891389
71	1155.511737
35	1155.822547
365	1150.023320
45	1157.894291
61	1160.428333
121	1161.724028
125	1163.542444
17	1167.100477
1254	1167.578832
17	1172.215915
14	1165.856723
98	1166.553884
442	1166.536699
51	1168.309471
7	1175.603510
23	1176.344396
127	1177.181986
401	1179.928513
228	1181.217340
643	1181.322385
1103	1181.977822
74	1185.915682
15	1186.723597
130	1187.544880
34	1187.853069
95	1188.352476
68	1189.115233
156	1182.467500
127	1189.659106
1342	1190.369205
8	1191.173738
1010	1191.228504
2009	1192.080922
145	1192.542842
8	1192.694026
77	1185.831695
24	1193.143235
157	1187.058103
21	1196.045893
96	1196.543322
20	1198.133833
34	1192.416599
29	1200.691493
195	1202.470933
73	1203.479627
7	1203.704569
9	1204.043412
8	1205.200784
30	1205.933980
10	1206.628644
1975	1200.895573
45	1208.544233
854	1208.778495
48	1204.015433
52	1211.555013
90	1212.478045
147	1212.828191
64	1213.562218
319	1213.754449
99	1214.664087
618	1218.880679
1021	1218.298277
23	1219.144555
322	1220.936898
817	1221.362965
480	1221.030676
642	1223.630542
460	1224.688301
47	1225.854579
158	1231.390677
1207	1224.977323
32	1235.239743
394	1236.021650
1079	1237.555789
579	1238.432752
40	1240.761645
17	1243.082099
320	1243.884721
379	1245.512872
44	1245.662778
71	1246.559120
2038	1249.141833
16	1249.791946
208	1251.313004
1346	1251.925165
1352	1252.110056
12	1253.329275
14	1246.673856
368	1253.904201
17	1249.905419
648	1258.619468
14	1258.930582
93	1260.234293
8	1261.025941
29	1262.886537
8	1263.587770
1046	1264.400367
32	1264.993385
11	1265.277523
10	1267.867640
21	1270.394669
45	1271.871329
89	1272.988609
253	1275.083731
269	1279.094451
206	1281.777482
16	1282.111246
7	1282.434287
476	1283.403300
1211	1283.964337
30	1284.250837
121	1285.942448
132	1286.971089
549	1288.665313
1594	1288.762258
107	1289.744897
78	1283.277805
9	1290.805168
349	1291.646988
802	1292.205125
14	1292.773862
1044	1293.805565
1545	1293.953428
54	1295.594731
144	1291.557358
17	1299.065012
88	1300.174162
575	1301.543612
1265	1302.028564
1314	1295.937232
18	1296.915092
7	1304.069950
404	1297.732965
25	1300.786939
1002	1308.584011
352	1310.812791
13	1310.889261
85	1311.875583
60	1312.071535
738	1305.732023
67	1313.146835
57	1315.471069
47	1316.347347
98	1318.221810
64	1311.321258
466	1319.811228
299	1323.067889
599	1323.285996
1220	1325.588201
8	1326.675101
203	1327.084748
29	1327.144506
46	1328.332134
9	1328.795266
22	1330.684460
9	1324.457850
11	1332.411621
97	1332.851882
49	1332.856741
133	1333.926584
47	1337.160200
1088	1338.231008
256	1333.568121
1338	1346.850153
38	1348.393771
445	1342.255614
127	1349.282949
1408	1351.180159
1321	1350.541608
28	1354.513668
676	1355.205189
912	1356.393572
841	1357.465130
148	1360.225832
24	1360.644608
66	1362.099878
45	1368.573316
1576	1368.580286
307	1368.964561
110	1370.762911
56	1373.545394
760	1373.557549
375	1373.683301
137	1375.155682
57	1375.314180
155	1376.091127
188	1377.398150
52	1379.399505
2037	1376.892034
19	1377.959273
973	1383.422603
1854	1384.457090
70	1387.267665
107	1387.489179
11	1392.367977
7	1393.829943
289	1395.055250
121	1395.327600
268	1395.476975
496	1395.661372
11	1396.400355
144	1397.161008
382	1397.522733
7	1397.784764
21	1398.054729
1461	1399.007837
70	1400.368152
707	1400.606362
1041	1402.564170
361	1402.659288
1142	1403.210509
912	1396.303778
9	1404.380737
61	1404.412817
710	1404.650522
282	1407.138735
1210	1409.350143
119	1410.055731
18	1410.170822
139	1411.155052
295	1404.547116
49	1405.563776
27	1412.995800
2140	1415.782474
861	1416.487649
19	1411.233725
2016	1418.929687
130	1420.812965
1218	1421.552720
207	1421.663460
14	1421.741487
359	1421.968918
26	1422.052603
14	1422.121272
68	1415.598474
36	1425.695215
1202	1425.887306
92	1426.587373
1848	1420.728518
79	1428.169737
2078	1428.231368
280	1428.844712
209	1422.001426
871	1429.648456
73	1432.567157
489	1433.239155
1381	1438.868292
544	1440.340170
419	1440.758795
56	1435.289723
1198	1443.708769
24	1443.939056
513	1437.623635
92	1446.242626
90	1446.731707
1863	1440.809630
1296	1450.956638
33	1444.316214
927	1452.163008
51	1453.894089
15	1455.172943
78	1456.100208
530	1456.614599
279	1459.352927
39	1452.718142
355	1460.292537
38	1461.131376
29	1461.700851
218	1461.856374
253	1463.228571
9	1465.090180
1201	1459.272160
89	1462.149646
99	1466.624368
8	1466.673894
7	1466.836918
1609	1466.801597
181	1466.852939
7	1470.035159
608	1470.301869
51	1471.000618
27	1471.232951
876	1472.883323
98	1473.616643
388	1474.006897
38	1467.165309
701	1474.201399
30	1475.359067
892	1476.962426
108	1477.649318
30	1478.308655
154	1479.177006
353	1482.257593
27	1483.525436
34	1485.025314
1747	1488.224017
353	1489.367982
34	1490.667137
1038	1491.416561
56	1491.859007
84	1492.327533
480	1492.744176
87	1488.157490
17	1495.627519
179	1496.829341
26	1497.300099
313	1501.501552
185	1501.928241
845	1501.987796
24	1504.434968
32	1504.817253
657	1507.836696
225	1501.268173
49	1509.439822
256	1509.577404
19	1509.750121
2030	1510.517563
44	1511.955228
13	1512.223244
283	1513.558202
9	1513.596109
156	1512.866787
9	1514.658784
7	1515.323583
885	1515.526857
406	1509.649394
48	1517.706033
328	1518.439318
12	1518.771274
45	1511.929403
669	1518.960279
35	1519.019387
1199	1519.093932
21	1521.775093
156	1515.832239
1795	1523.213256
42	1524.342948
125	1524.348527
24	1526.200152
16	1526.700241
582	1526.815419
760	1527.134156
10	1521.871708
949	1530.435987
25	1530.648797
8	1531.100944
43	1531.896341
652	1532.267215
9	1532.791030
2035	1533.946376
45	1534.931919
65	1528.246371
179	1536.650410
53	1537.946469
167	1538.809512
20	1539.397884
35	1539.758322
200	1539.896821
24	1541.474953
66	1542.848028
320	1544.390747
245	1539.060406
7	1546.801958
406	1547.017279
1941	1547.551620
2086	1547.720343
9	1549.514153
2058	1550.169113
32	1548.332650
15	1551.680998
234	1545.970850
12	1553.225225
9	1557.316800
321	1557.630483
18	1559.228292
369	1559.224922
764	1560.361362
1967	1561.039063
349	1561.675892
66	1563.586805
19	1563.898497
50	1564.157410
15	1564.381630
82	1564.954730
166	1559.499062
19	1567.992611
132	1566.105839
715	1562.436950
162	1569.914929
63	1570.047236
9	1573.244468
8	1576.102753
12	1576.248470
410	1573.288599
57	1584.929542
849	1585.473244
919	1588.164214
70	1590.899963
927	1592.304420
102	1593.896080
107	1587.231905
551	1597.684975
39	1597.921014
17	1598.743400
1553	1599.355236
83	1599.721969
222	1601.193910
671	1602.709212
1274	1603.485974
14	1605.624087
864	1598.856017
1788	1606.561981
956	1607.432251
8	1609.082053
11	1609.324361
1125	1610.087353
7	1610.200692
74	1611.471157
50	1610.681846
94	1614.997686
14	1615.278470
1526	1608.731842
2122	1615.740105
827	1616.005571
544	1616.621428
176	1619.117343
346	1619.289707
7	1620.310352
255	1615.194619
2154	1623.586112
477	1624.073622
265	1627.747602
1596	1631.220974
11	1633.810829
38	1628.539351
56	1628.755674
56	1640.030989
17	1640.239943
979	1633.455833
871	1643.472933
39	1644.034281
387	1645.301969
1165	1646.433920
31	1646.960918
433	1643.025122
47	1650.607843
1220	1651.299046
138	1651.466740
7	1652.075514
9	1647.225318
936	1655.230570
364	1656.271852
77	1649.337815
84	1649.601323
51	1656.812311
14	1656.898050
1074	1650.485979
969	1657.781359
208	1658.610479
88	1659.423467
9	1659.957441
118	1663.900384
10	1665.026101
7	1664.994101
7	1658.752853
208	1668.905557
69	1670.147625
173	1670.333449
2138	1670.488102
179	1670.983405
534	1664.098799
111	1674.788686
31	1677.266845
801	1677.928964
14	1672.695579
232	1682.255043
56	1675.386936
59	1682.905034
12	1685.855860
17	1686.515878
1920	1679.735379
32	1686.829036
33	1687.355761
10	1687.678255
42	1689.482197
83	1694.448351
7	1694.801122
583	1688.538819
1219	1697.343369
31	1698.148130
63	1698.729783
50	1699.057339
583	1699.308187
61	1701.621827
10	1696.867442
2102	1705.954972
17	1706.839656
14	1708.470642
10	1709.282232
11	1709.597622
1069	1710.560658
1817	1711.303161
23	1711.482029
2059	1711.682953
93	1712.261837
35	1713.074441
35	1708.927300
815	1713.939353
301	1714.188179
222	1714.715257
33	1715.237044
8	1719.061421
27	1720.704204
67	1723.140045
40	1716.468009
26	1724.253494
11	1724.338670
13	1724.337055
646	1725.009055
67	1718.500138
56	1718.583795
1717	1725.629711
104	1726.368625
48	1726.540789
308	1731.016664
139	1731.851919
13	1725.454056
1100	1733.647065
21	1737.324458
104	1737.572403
75	1737.644024
15	1737.805446
107	1731.070773
378	1740.690208
58	1741.483110
43	1742.128671
462	1742.578999
7	1745.376829
92	1745.722243
11	1747.887509
530	1748.697002
7	1749.286874
27	1749.814496
10	1751.355236
323	1752.251117
987	1753.476703
212	1747.289054
32	1754.906229
527	1755.637415
28	1759.359298
55	1759.758152
295	1760.124663
36	1760.795491
124	1761.565871
40	1763.419180
169	1763.502476
35	1757.035263
459	1766.567624
1782	1766.719525
1700	1766.758391
34	1763.615887
35	1760.816726
28	1767.966905
317	1768.129518
32	1763.144562
178	1769.688483
27	1771.312874
27	1771.563092
69	1771.939518
68	1772.814612
223	1765.878586
317	1767.406562
18	1769.343900
28	1776.610972
1650	1777.343147
962	1777.417001
551	1779.178559
85	1780.271536
238	1780.930448
445	1774.302548
479	1782.019744
26	1782.485908
207	1784.845159
762	1778.695265
812	1785.969195
8	1786.456614
107	1787.220282
2148	1787.993897
265	1790.065864
424	1790.828256
25	1790.858353
474	1791.076575
82	1793.239638
39	1794.407991
1317	1788.908153
66	1796.318561
14	1797.751050
75	1797.905788
9	1797.927685
13	1799.092501
196	1799.437063
7	2.107840
8	2.980800
19	3.003401
226	4.205640
58	4.773190
81	5.485518
1160	7.472101
910	9.795409
380	10.091574
7	11.088573
150	12.145157
2015	12.689773
170	12.997397
296	15.304728
23	15.875606
30	16.507561
475	17.729227
15	18.820926
435	19.285530
1359	20.202272
91	22.622897
24	24.046192
1765	24.052629
76	24.399791
16	25.196595
570	28.016454
24	28.527850
13	29.935318
1995	31.629835
842	31.677852
1136	33.259989
496	34.419489
473	34.609831
23	36.013923
95	37.894232
18	39.574489
61	39.567438
59	40.433321
1064	42.108634
52	42.851542
1607	43.074129
81	43.964046
254	45.839115
10	47.114972
13	47.618635
72	48.949686
458	50.350643
1001	51.952397
38	54.361358
1371	55.104495
100	56.100386
7	56.129522
334	61.766086
197	62.351608
552	63.848580
15	64.175698
1120	65.139533
62	71.712760
880	72.681109
17	75.202158
9	76.697452
33	77.494605
11	77.693540
175	77.710484
813	80.506080
30	82.701653
22	84.226672
9	85.245843
502	85.994261
261	86.665885
11	86.739572
31	88.037598
11	88.568109
556	89.029195
35	92.407208
10	92.550399
368	94.282081
1294	94.438707
641	97.240804
11	98.039194
1000	100.288687
284	101.159140
29	101.727222
20	101.942761
55	95.488243
28	104.124609
1748	105.202164
83	106.141307
41	107.874299
7	102.551637
189	112.486107
25	113.227706
29	114.144534
355	115.458357
636	115.479173
1157	115.669307
840	117.508103
32	118.000391
1004	118.712004
914	118.757231
64	119.014643
42	119.898185
55	123.852255
68	124.063906
12	125.903312
1531	126.018719
82	127.913955
98	128.542468
80	131.013129
20	124.056093
792	131.522556
1860	132.563636
49	133.564367
19	134.939065
54	134.942871
360	139.209440
8	139.903464
58	140.956294
72	141.865089
562	146.354594
11	146.439162
534	148.327376
49	151.959786
111	153.513216
22	153.848358
483	155.431978
281	155.547486
14	156.413671
20	157.642638
883	153.907119
22	160.964949
1661	164.194455
194	164.218889
1460	166.385770
330	166.710546
206	168.624844
97	162.736869
227	169.759994
350	170.316699
264	171.011911
14	171.787189
472	172.597931
519	165.660872
64	173.616535
994	175.206506
12	175.946571
13	177.237276
10	177.705308
41	179.607489
7	173.488359
148	180.506088
373	180.495432
795	179.684803
8	181.241769
8	182.319903
1193	184.258486
19	184.317407
54	184.677144
107	187.098023
1249	187.783396
65	189.144272
22	190.778551
248	191.439519
658	193.074640
54	187.440006
62	195.162101
1329	195.279621
479	188.406373
178	195.919654
25	198.321125
15	199.442395
154	199.703485
18	201.234527
145	201.692708
135	202.142640
171	203.444739
1083	204.205738
115	205.427222
35	198.536774
1357	205.597839
7	208.689348
7	209.102602
105	209.384713
186	211.155005
67	211.208698
48	211.573606
30	213.743624
41	215.614821
160	215.702468
1127	210.462858
59	217.800209
8	211.481796
59	219.970935
183	218.874287
421	220.601755
34	222.580794
30	225.252249
270	227.672209
2042	228.285655
42	228.316644
119	221.415499
69	230.464082
199	230.518754
383	231.684853
1833	232.558378
932	233.517371
16	234.638947
1889	237.046042
426	238.521822
165	240.188013
1346	241.227137
543	241.422015
72	242.376265
36	243.202724
9	244.132964
78	245.353232
48	246.521294
856	248.809893
223	248.104154
381	249.256912
371	249.704225
39	249.904035
24	250.119632
58	251.097184
23	246.721880
92	253.954377
960	257.415720
151	260.523073
433	254.320029
40	262.187355
22	264.693838
596	265.051360
65	265.710604
208	266.100406
8	266.629456
7	269.660890
25	270.338013
883	272.476311
14	265.720709
809	273.067407
34	274.004955
466	274.078181
234	272.999540
959	279.023971
437	279.048588
211	279.699903
128	284.429697
38	285.336168
235	286.205219
16	286.748114
148	287.008720
2133	287.569180
29	288.327982
1520	289.375178
137	289.804846
68	290.388961
23	291.076987
129	292.813174
404	293.004503
1605	293.189723
16	293.482393
10	290.288847
369	294.072190
1006	294.261505
209	295.675925
758	288.982320
24	299.779907
29	295.335764
30	302.378922
103	295.719162
156	302.757753
11	305.231906
2015	305.291005
509	307.081159
30	309.475228
174	310.943216
1717	312.380237
100	312.765701
8	314.509875
74	315.191972
34	316.019280
12	310.441784
375	317.888827
249	320.501647
586	320.889358
1948	322.034734
67	322.329567
55	322.387878
47	325.263214
989	325.569041
9	326.248382
253	326.852964
104	329.806076
338	329.833448
67	331.383394
121	331.695663
39	331.926274
49	332.217846
148	333.103583
936	334.747203
44	335.097782
34	335.674478
132	336.701062
28	330.369880
165	337.403250
8	331.246222
31	339.261938
133	339.328264
337	333.334355
13	340.592413
47	333.956641
360	341.163771
1803	342.792743
447	345.108213
1274	345.490926
1094	348.472405
1150	349.214192
28	350.593564
820	344.558065
1752	351.798698
29	352.926207
12	353.786419
169	353.897931
871	353.892451
133	349.753442
21	356.903149
17	350.655974
236	351.116361
530	358.201128
198	365.371941
32	365.676597
22	360.851688
316	368.159918
323	368.132223
17	368.198548
465	368.815719
91	369.424564
506	369.968932
1511	370.872236
21	373.903778
1539	374.430283
16	374.922480
91	375.105816
13	375.792908
206	378.145449
338	378.539083
27	380.905162
100	381.494012
507	383.148843
1193	383.497082
378	376.621391
16	383.874563
1010	385.570441
17	378.827879
881	386.331728
63	386.429276
704	387.779411
12	387.915724
1354	390.165386
279	390.200616
74	390.824785
474	392.867932
67	393.119285
951	393.259105
296	386.515907
218	394.869496
19	395.554630
15	395.650465
842	395.738352
132	395.845091
13	395.813284
320	397.113163
692	399.955620
25	404.655622
454	405.417849
8	406.089919
243	406.363008
152	406.780811
1309	406.867008
1796	408.122204
382	408.495872
273	401.902932
130	408.275645
39	410.217054
243	410.303180
10	411.035694
576	404.276937
295	411.494322
14	413.965918
559	407.411998
359	414.516326
1610	414.592642
556	415.401821
1657	415.695879
411	417.895339
221	411.311399
35	414.125816
875	422.601174
42	423.778446
357	426.239132
1395	426.461823
7	426.636922
21	428.516944
855	428.919098
455	430.752236
20	431.588728
1416	431.758279
175	433.589742
118	433.699540
124	434.480355
744	434.555945
21	434.713735
561	439.402612
110	439.768802
178	442.705734
1082	446.221779
233	446.618593
453	439.655785
256	448.073094
89	448.924054
28	443.344440
1185	450.431772
1332	452.163105
1087	452.715221
45	455.482534
291	455.905203
280	455.992101
286	456.554628
1509	457.586870
1303	458.301517
64	461.062664
69	454.754043
177	462.148296
1232	462.372288
69	463.736347
1766	461.579078
8	469.453106
49	471.916449
30	472.073213
41	472.573953
56	465.731271
59	472.877088
177	473.308568
62	474.020121
49	472.042386
10	474.860479
394	476.057076
20	477.154313
578	477.881321
46	477.974059
197	478.133443
55	478.571365
20	478.666008
2068	478.854465
141	480.681060
14	480.934007
12	481.104218
8	481.637150
318	481.996899
38	483.408279
69	484.826723
148	481.367095
1879	490.255628
1032	491.366395
377	491.495119
64	492.476034
14	493.276707
14	495.042823
62	488.094376
898	495.484598
1473	495.773329
1383	495.842241
66	496.025277
15	496.761066
7	499.583697
1950	500.481357
40	500.852983
58	501.367052
12	502.457685
66	502.702846
51	507.637987
1264	501.743363
707	509.616808
57	502.721941
749	510.980493
123	511.917833
384	512.128393
20	515.643237
10	516.614988
621	517.124270
8	518.125479
373	518.200893
31	518.432086
472	519.486877
178	520.531508
58	522.825204
334	518.141347
44	525.261037
37	525.287808
434	527.047361
1269	530.476403
14	531.197186
13	532.267141
541	532.505849
15	538.075061
479	539.123288
24	542.940279
1241	543.431325
103	544.992583
1233	548.018316
132	548.759670
33	550.432610
35	554.093741
806	554.599618
9	554.957786
18	555.393885
171	555.790596
114	556.455090
1516	558.728994
954	560.042589
9	560.491666
2014	563.354544
31	561.665242
664	568.816862
330	569.571684
282	571.551979
398	573.853474
193	574.358852
9	575.035808
35	576.159020
129	579.387031
144	579.445573
606	579.588583
287	581.067653
285	574.943287
604	582.391843
18	582.657484
875	584.131649
134	585.831862
654	585.856301
223	586.525303
1573	586.939440
1494	588.054592
27	590.578899
140	590.651377
39	591.088787
613	591.772029
19	584.962838
255	586.579849
846	587.199106
31	594.283062
117	593.549550
278	594.995843
13	595.107238
53	596.575313
21	597.267870
256	599.469576
25	600.031356
94	600.195275
18	601.212065
247	602.390313
148	604.277374
102	604.272549
27	604.493256
406	604.621857
186	605.870534
63	607.877758
1742	608.728526
563	609.189331
530	610.188508
491	612.508271
691	616.489398
31	616.888499
226	610.812484
59	621.419843
9	622.134420
63	615.178471
375	618.810512
1902	626.251755
9	626.988223
252	628.363083
7	629.380319
53	629.962505
640	630.293176
1303	630.786917
9	634.348014
149	636.867874
13	638.108788
275	640.489636
125	640.579164
223	641.552128
43	642.695930
56	643.428314
64	636.638429
10	644.411020
28	647.445560
198	648.522842
47	648.653644
11	649.692762
14	652.970232
14	653.380553
32	653.456446
14	653.700062
362	654.991048
277	655.342052
486	655.693449
32	655.725776
931	655.850473
65	656.209533
12	657.346918
1246	658.391291
49	658.602335
332	651.793402
10	662.113150
29	662.535660
73	662.607210
140	662.574863
48	663.299474
1715	663.554601
1910	656.792930
518	664.556459
96	664.916983
389	658.370206
27	658.858188
8	667.242061
1081	667.718768
19	669.684045
1201	671.167999
10	671.755664
1227	674.511895
44	675.135657
333	676.015033
129	676.141032
293	676.202934
57	678.143707
86	671.780169
1851	679.112612
10	680.291935
90	680.373589
35	680.581107
351	681.366835
156	681.375118
31	682.088400
85	675.342831
199	684.792990
259	685.400203
110	686.019916
417	679.845167
734	687.009329
421	687.444023
302	689.399216
1609	689.474671
10	689.840284
266	691.723720
582	692.211514
187	692.445171
34	693.763460
596	697.058280
61	697.143677
23	697.419321
7	697.456177
14	697.970153
12	698.046381
742	697.678865
1233	704.815808
35	700.357302
329	709.027439
216	710.266161
71	705.385815
18	716.425665
184	711.471694
56	718.593918
738	718.588002
528	718.889005
235	712.340233
1122	720.038057
218	723.788654
572	725.089572
1932	730.445738
304	730.743647
13	731.009656
7	732.786345
8	735.809866
1947	735.916383
467	736.886750
492	737.029061
395	737.021384
24	737.567487
461	740.656802
201	734.410939
8	742.584232
334	744.217147
37	744.558823
91	744.724394
28	748.938185
45	748.955100
646	742.664657
50	750.486979
91	750.723499
97	750.957643
8	751.363189
19	752.368886
1928	754.428262
9	754.690578
17	755.934366
827	756.950803
15	750.065048
9	758.507166
33	758.992533
33	759.102774
36	752.130622
51	755.510286
12	762.944738
653	763.988551
949	763.690161
1204	764.026872
12	765.850144
1593	767.391660
2060	767.479194
1526	769.169237
631	769.742781
17	771.616318
386	771.733419
626	773.346564
9	773.425981
10	773.606812
126	774.804135
65	775.581572
264	775.814452
11	775.903811
20	777.137170
39	777.922818
90	780.345280
16	780.616936
61	780.844606
427	781.462930
108	781.619122
151	782.074608
233	783.105904
2130	783.248716
22	783.420518
13	783.951879
442	786.030360
563	786.119816
21	789.683069
1063	790.888154
19	792.529352
219	792.698163
10	794.063682
104	792.486617
8	797.516674
820	799.331139
106	799.689812
25	794.098656
224	799.474650
10	795.023518
62	802.312399
384	803.137844
595	803.989047
301	804.805098
62	804.944503
67	805.733639
128	805.848758
163	806.231293
374	798.534649
62	806.501348
1133	801.792700
1595	812.291925
35	812.823801
26	809.409030
14	809.431075
7	815.169948
662	817.469717
1410	817.750544
95	819.444844
12	813.672322
947	822.227351
1648	823.380912
25	823.664108
23	823.914455
878	824.998177
300	825.200410
150	818.594077
23	827.175015
77	828.247140
89	829.159419
16	829.236772
103	829.299677
67	823.408576
1440	830.918562
90	831.058207
1347	832.259931
900	834.072013
2147	834.160342
685	834.692937
434	834.942123
191	835.509682
98	836.192559
1481	836.575139
28	837.690745
25	837.999273
94	838.168457
18	838.635905
159	838.861328
9	840.678371
58	841.787188
107	844.199922
27	844.275639
1366	844.536855
47	845.008744
20	845.784416
116	846.839270
41	846.844067
52	846.929158
43	846.917115
110	847.256082
12	849.074262
15	842.408746
24	850.042875
622	850.118255
461	851.112144
26	844.151912
40	849.120412
420	851.937944
181	852.171353
190	852.605560
440	853.443146
24	853.777671
72	853.872525
8	854.004754
782	854.516177
463	854.727330
14	855.662452
913	856.803653
788	858.319711
396	858.775434
17	859.733480
10	861.142653
570	864.825472
87	866.779475
91	867.156571
9	868.142059
310	868.977094
121	870.341631
25	871.497248
20	875.727146
227	876.148553
165	877.388917
34	877.810549
1700	878.822464
1298	879.157223
51	879.137289
1964	879.530262
86	881.097832
46	881.657278
77	882.542089
75	883.241647
303	886.418748
14	887.493525
432	888.882718
931	889.148544
10	890.201660
209	892.345255
19	894.418909
785	894.537552
9	895.168871
818	897.285482
208	900.492338
693	900.817232
121	901.308083
1497	896.376842
274	901.802840
468	903.258818
43	903.424481
85	904.283065
19	897.553221
440	906.966606
1689	907.427593
12	907.547216
30	902.746910
85	912.611143
154	912.991850
21	913.059011
1851	908.855252
35	913.527556
545	909.871335
91	916.044181
453	920.453613
282	921.798043
938	922.768528
14	916.349973
7	923.448986
900	925.488465
12	927.981159
27	928.844672
11	928.930896
388	930.011799
83	932.818456
20	933.243488
201	934.283521
18	934.716191
439	940.164144
231	940.226448
35	942.889792
955	945.164020
38	945.312255
11	941.077491
69	948.104346
51	948.170703
10	948.455385
22	950.902261
2144	952.552630
40	953.273231
231	953.104333
13	954.700877
8	954.035233
147	955.504202
1114	956.071394
50	957.656674
13	960.292042
737	961.004239
294	961.847283
678	966.497016
16	967.845843
237	969.654324
1712	971.610275
906	972.841442
440	966.333695
524	974.521307
141	975.442250
55	980.038698
262	981.355545
106	981.418739
428	981.550577
1393	985.278536
23	985.722785
1903	989.003054
7	990.461872
698	991.177622
1506	991.461225
8	991.499653
1777	993.058126
1555	994.048037
94	995.413507
64	996.288697
1626	990.972756
168	998.494200
8	998.472060
52	994.296660
39	1002.636404
183	1003.259131
85	1003.884107
899	1005.573913
9	1006.188110
88	1007.594899
78	1007.684406
25	1009.112945
335	1010.112045
563	1011.200460
62	1011.272800
28	1012.573684
740	1006.047480
171	1013.178594
10	1014.306245
52	1008.621003
39	1015.879831
82	1016.162387
40	1017.093107
138	1010.824447
15	1019.562796
626	1019.591811
777	1019.576322
29	1020.471319
874	1014.365528
192	1014.737062
121	1015.478387
86	1023.170760
67	1023.882335
2115	1025.102817
273	1025.584243
1902	1026.281670
575	1026.619072
34	1029.305510
30	1032.405626
23	1026.784337
476	1035.083536
303	1036.911411
208	1036.840046
9	1038.176663
10	1041.091218
53	1045.227627
17	1045.890404
1536	1047.969111
50	1048.214736
10	1048.372136
1349	1049.001316
73	1049.136721
984	1049.443638
14	1049.666895
1276	1050.103681
37	1050.749165
746	1050.864734
8	1044.185122
1070	1051.603434
1769	1054.482092
422	1047.490620
14	1054.705907
178	1054.836698
605	1055.577876
1417	1055.783526
11	1055.830265
1145	1055.702896
20	1056.780409
957	1052.082021
1020	1062.605903
16	1066.669618
99	1067.778186
7	1061.678850
51	1070.112328
81	1062.104083
11	1069.346859
54	1070.265655
2108	1072.435238
1515	1072.981489
106	1073.562058
1665	1073.734822
999	1076.520955
829	1076.880516
401	1077.092631
220	1078.539823
48	1073.335424
57	1080.724225
1297	1080.083132
55	1081.151331
149	1082.360445
299	1087.131415
559	1087.356597
276	1085.892654
1841	1090.154782
29	1090.427950
1279	1090.424438
109	1090.716945
677	1090.786331
1893	1087.130125
41	1092.810177
46	1093.395659
29	1095.252387
1408	1096.281642
438	1097.952387
203	1094.625156
45	1102.021283
45	1096.781573
1054	1106.060884
62	1106.413611
1258	1106.796121
80	1107.232679
186	1113.525785
146	1115.300761
1284	1115.718495
59	1116.122268
1379	1116.593892
50	1112.409412
12	1119.730261
82	1120.201235
8	1120.224664
30	1121.478797
11	1121.848144
13	1122.580906
29	1123.765219
821	1125.912506
150	1129.812117
143	1131.218307
604	1124.969596
1298	1133.839435
97	1133.890317
8	1135.303912
1155	1137.102646
11	1137.632512
23	1139.712500
23	1141.526060
67	1141.701359
1354	1141.274319
38	1142.350353
170	1142.754967
79	1146.977133
160	1152.020939
732	1152.045711
717	1147.249722
46	1152.529676
263	1155.328941
64	1155.316204
19	1148.837554
29	1157.066619
436	1158.609208
239	1152.942738
308	1160.264633
970	1163.483645
65	1166.824768
24	1166.881340
19	1169.040960
36	1171.769540
1745	1169.158045
82	1165.654917
74	1166.918848
345	1167.364431
821	1174.459816
40	1169.791437
11	1177.503724
49	1170.866412
18	1179.193400
175	1174.462619
139	1179.847219
362	1180.445976
1595	1183.332995
67	1182.819471
387	1183.828682
380	1184.294160
541	1178.110358
847	1185.266675
212	1185.408867
325	1185.394508
156	1185.418390
31	1185.512495
16	1188.862544
20	1189.315774
82	1190.305307
1239	1190.527896
10	1186.512959
1117	1194.974334
64	1195.529665
61	1196.133903
94	1196.158107
183	1196.491637
201	1196.745947
63	1197.541240
134	1199.801101
2132	1200.820398
1379	1204.064764
426	1205.040015
1879	1205.745169
75	1201.709304
163	1208.751936
921	1209.772889
14	1210.921314
188	1210.874526
25	1211.007856
11	1211.496139
22	1212.747907
364	1215.104081
125	1209.235937
72	1217.311602
87	1218.448389
404	1218.856576
340	1219.650078
24	1213.422283
466	1221.755956
159	1222.046434
1523	1223.737884
89	1224.202985
14	1226.748614
38	1226.905112
8	1221.099923
399	1232.012500
1692	1232.975342
75	1226.577022
511	1235.983840
1874	1236.414823
80	1237.634641
679	1238.752335
421	1232.083683
44	1239.674106
330	1240.672346
148	1244.239306
1961	1248.182207
728	1248.665406
15	1250.354133
33	1252.474753
112	1245.708866
11	1254.094959
13	1255.292491
1311	1257.584269
668	1257.927940
102	1258.285869
27	1259.094537
56	1265.239375
15	1265.385706
54	1269.069301
11	1269.393389
1094	1269.798965
38	1269.847439
188	1273.973057
317	1274.076005
7	1276.597142
116	1277.107535
8	1280.320045
29	1281.019056
113	1283.555506
21	1284.735924
759	1284.710087
67	1285.279565
17	1286.942096
134	1288.034613
44	1288.124802
875	1289.022201
16	1290.470758
168	1283.899889
325	1291.247198
54	1291.645328
58	1291.779413
30	1292.523185
8	1295.570283
10	1295.890246
1078	1289.571020
1734	1296.647331
202	1297.341087
658	1297.864642
310	1291.654331
317	1298.630983
120	1299.741843
78	1300.468643
201	1293.832752
12	1303.507330
51	1304.047471
7	1305.624056
382	1309.990887
29	1303.560965
140	1311.571253
309	1312.495401
865	1316.049334
23	1317.340965
242	1317.731486
70	1310.832351
22	1318.389688
55	1318.692488
62	1319.381233
30	1320.279208
624	1323.573600
1040	1323.959731
137	1324.628327
1484	1324.876904
543	1326.297143
472	1320.078450
12	1328.983431
483	1330.629369
59	1330.802264
823	1333.148649
754	1333.214642
109	1337.736379
60	1339.017812
123	1339.723505
67	1332.879765
1073	1340.174433
73	1340.405102
68	1341.262639
65	1334.938427
72	1335.195364
453	1336.131506
270	1336.955487
64	1339.024069
97	1347.238466
267	1347.705357
77	1349.155446
118	1349.385189
9	1350.493193
527	1343.821324
445	1351.692333
145	1344.793124
2070	1352.611638
8	1346.798033
13	1353.970193
17	1355.479479
528	1356.615644
33	1356.695789
36	1358.735478
33	1359.342407
73	1353.625370
1963	1362.289673
382	1355.673295
50	1363.771109
24	1356.902621
35	1363.914099
56	1365.557653
207	1367.049875
9	1370.016617
187	1363.352801
156	1371.947025
139	1372.681015
101	1373.415826
63	1373.572905
14	1375.432625
200	1376.019664
354	1376.545604
1516	1370.651441
9	1377.671312
165	1378.478511
326	1378.786711
10	1380.682938
261	1380.687345
504	1374.280770
1731	1382.586645
712	1383.142125
632	1383.703781
753	1386.993649
276	1388.608602
116	1383.297381
7	1383.871513
59	1392.559258
154	1392.855880
129	1386.686153
40	1394.436694
60	1396.653832
1402	1396.790011
71	1390.697874
86	1392.764395
31	1401.004166
43	1401.614754
268	1395.078689
85	1399.685726
735	1402.204201
101	1402.131716
29	1402.101158
266	1404.688270
19	1406.126609
137	1406.645919
8	1406.855965
90	1407.986100
854	1401.180344
152	1408.996306
309	1402.618783
881	1412.536765
16	1412.532099
8	1405.641503
21	1412.825959
23	1413.145697
1776	1407.589450
222	1415.077963
9	1408.643861
94	1415.827851
117	1416.001457
692	1416.719863
9	1418.418369
17	1418.581335
7	1418.922862
986	1419.250942
51	1420.250146
360	1423.503591
212	1424.353591
336	1425.120663
29	1425.644332
1113	1426.952925
189	1429.964732
16	1431.084137
62	1431.566053
724	1432.088382
1515	1433.740959
13	1434.145714
993	1428.757828
9	1436.792924
1484	1438.251447
12	1439.104621
13	1439.369601
548	1441.762736
1428	1442.501414
13	1443.411421
265	1445.997507
9	1442.433600
27	1449.810481
170	1450.170990
22	1450.264241
771	1445.001633
36	1454.964254
8	1452.626913
807	1448.785620
8	1456.646795
1576	1451.347751
43	1451.502827
37	1458.991735
301	1459.019634
264	1460.966503
260	1461.957662
249	1466.501577
60	1467.398217
10	1467.481773
90	1468.406774
50	1468.672345
47	1462.092113
18	1469.716116
1272	1469.910335
1284	1471.112397
45	1473.546895
66	1466.949415
540	1474.946308
88	1475.858153
23	1478.046280
92	1478.732407
130	1478.859569
203	1479.592460
7	1480.751360
17	1480.855774
1252	1480.994354
907	1481.148004
307	1482.751831
10	1483.629977
1698	1484.339974
33	1484.631481
34	1485.488781
8	1485.596916
21	1485.648507
23	1486.312929
11	1480.207127
97	1487.773001
84	1481.706940
17	1488.997175
55	1489.994784
103	1490.625827
56	1491.738128
58	1492.203951
287	1485.569594
931	1492.546439
15	1491.515801
174	1498.101196
35	1498.089918
9	1498.186331
278	1498.665461
37	1499.050311
16	1499.210964
1722	1500.363049
1044	1501.034917
352	1501.349811
11	1502.665699
16	1503.497254
83	1504.106143
833	1505.572261
77	1499.451962
18	1506.965634
14	1506.214005
972	1509.652374
964	1509.775936
820	1502.880220
660	1510.809885
1861	1511.363183
306	1511.579112
1857	1511.127036
199	1512.292297
15	1512.709203
25	1514.740922
7	1514.865185
122	1515.108898
1248	1518.251934
45	1519.543571
14	1520.873153
2016	1521.446853
40	1522.187893
1210	1524.236516
760	1524.898533
171	1525.237213
10	1528.125467
10	1528.963838
1237	1529.534397
631	1530.473287
472	1530.641184
12	1523.805914
78	1532.126527
1021	1527.415695
36	1538.698261
363	1539.876591
653	1541.786927
310	1543.852649
205	1544.271050
1222	1546.294167
21	1547.404763
13	1548.566416
1559	1548.765594
85	1542.434881
8	1550.023783
152	1550.572500
26	1552.435477
1095	1553.230196
38	1554.173167
249	1556.253550
20	1556.628208
1568	1557.617193
37	1558.519961
395	1558.781210
2024	1553.470243
8	1562.472743
19	1564.676813
181	1558.380683
66	1559.609445
189	1566.770301
8	1561.201776
22	1570.778089
1172	1571.800893
58	1571.804717
1120	1571.956403
125	1573.856119
44	1577.571091
207	1576.787287
918	1579.572317
633	1582.132189
332	1582.507786
1471	1587.764427
281	1581.082799
1649	1588.134389
12	1588.066707
632	1589.678712
627	1590.535627
583	1595.281603
1837	1596.376149
9	1597.725803
118	1598.050206
296	1591.393727
10	1598.528364
989	1600.176117
23	1600.473456
153	1601.114615
86	1602.598574
55	1602.730097
41	1603.500507
12	1596.883643
11	1604.128900
310	1599.640438
447	1609.209555
17	1609.644900
264	1610.458853
252	1611.413274
9	1607.651102
72	1614.877267
185	1617.189520
849	1620.734637
1324	1621.307251
21	1622.454768
12	1624.004880
194	1624.689547
532	1621.836399
143	1628.873146
91	1633.612851
160	1603.488466
953	1627.582230
16	1628.208350
36	1639.293095
217	1639.854109
122	1643.112566
9	1643.300935
27	1644.713780
40	1645.409659
182	1646.201245
34	1647.162207
126	1640.447302
247	1641.534686
9	1650.623306
481	1652.219968
33	1652.821509
1775	1653.190505
44	1653.809475
966	1647.105197
493	1654.328013
122	1655.497039
22	1656.894245
1861	1650.013796
36	1657.097980
11	1657.214669
75	1657.872638
44	1656.738989
313	1661.312568
8	1654.570524
2089	1664.212022
9	1665.451237
268	1665.947484
9	1666.885666
143	1666.958340
1114	1660.404036
1043	1669.561019
1960	1670.054644
85	1670.923397
992	1671.259122
682	1666.722487
50	1674.252027
235	1674.608943
672	1667.933591
15	1675.214181
17	1675.808915
1721	1677.565573
30	1671.565537
17	1673.584521
118	1681.425358
836	1676.453321
1759	1686.003581
285	1687.017973
519	1688.233344
208	1687.312825
33	1692.814670
237	1693.589591
12	1694.365920
814	1696.471113
65	1697.745107
35	1698.754394
1119	1699.660474
23	1700.320118
71	1702.017036
109	1703.100805
388	1703.962238
34	1704.260339
1446	1697.510495
324	1707.195456
831	1707.503618
298	1707.936727
9	1705.097658
97	1712.830258
278	1714.575083
1749	1714.646949
11	1715.944205
12	1717.556940
104	1718.359812
95	1718.549731
182	1718.938803
533	1720.142333
43	1720.654967
393	1722.669850
741	1722.859094
1925	1723.157040
314	1717.115928
154	1724.267028
83	1724.642907
7	1726.522729
831	1719.588481
19	1726.846129
25	1720.232895
52	1727.353502
668	1727.816367
22	1730.002863
20	1730.587073
914	1731.961508
137	1732.019964
289	1726.366614
2125	1734.387202
306	1737.697136
28	1738.403633
17	1740.416727
171	1740.887705
83	1735.478024
14	1743.426275
696	1737.001099
70	1744.276287
149	1744.918972
11	1745.121817
880	1745.243225
56	1740.122789
9	1747.436456
14	1749.569263
1953	1749.711808
376	1754.298369
9	1748.489248
320	1758.329107
1781	1758.403546
33	1754.911248
39	1760.401132
627	1760.508147
206	1760.750814
194	1761.250507
309	1762.336590
65	1757.135738
15	1758.712519
30	1769.994870
13	1765.532982
7	1772.912638
983	1773.916559
17	1774.084816
12	1775.458678
242	1779.065525
405	1780.798004
288	1780.873433
432	1781.266914
624	1782.199515
243	1782.660528
16	1783.385873
781	1783.503681
1907	1783.937879
303	1784.036166
11	1787.079325
24	1790.426696
134	1784.314890
1267	1794.664605
684	1794.783024
11	1799.082327
65	4.663648
191	4.878187
86	6.175115
343	8.768868
211	10.130961
1483	11.016509
1148	11.516883
24	15.186995
528	16.922666
2061	17.637550
239	17.807446
2032	19.429741
24	20.236302
763	22.670821
28	23.014213
36	24.241221
922	24.728949
14	25.091646
908	26.157065
497	26.449891
13	28.739363
426	29.387573
588	30.056188
23	30.864051
9	31.425602
20	31.956167
791	32.024745
80	30.774568
20	38.594462
16	40.402168
268	40.587368
836	43.812081
9	44.747504
45	44.950071
947	46.232705
38	47.246489
190	47.338198
1285	49.410687
118	51.353462
17	52.273821
37	52.398325
45	53.379453
912	55.453250
17	56.898629
555	59.427601
981	59.445784
79	61.619045
10	61.885349
8	61.984631
267	62.226041
1645	63.022350
84	63.094363
950	63.616815
24	65.087442
1294	66.513778
7	68.466250
177	68.798144
18	69.832558
7	69.903956
1752	70.529223
89	63.794598
547	70.796903
295	70.988338
325	73.106302
85	73.900868
85	74.167186
10	74.887672
644	75.391072
10	76.422433
25	77.503913
1831	80.008116
178	80.091557
18	80.365680
380	73.668224
9	83.145945
101	84.594618
1829	85.517916
12	85.983342
198	87.928427
93	89.123520
15	91.013734
333	96.366254
13	98.938006
13	101.788960
360	102.194876
31	103.004299
122	103.989729
1201	104.085351
20	105.664524
77	108.079684
9	101.439043
8	110.227128
10	112.415204
32	113.099567
1097	113.912483
107	114.513092
511	116.108009
784	116.836884
65	117.354566
442	117.517205
8	118.122358
1654	120.640780
166	120.771906
361	121.326451
72	121.375070
11	122.192388
9	122.871375
29	123.504039
267	123.356618
208	125.011555
1207	125.592575
89	125.677679
66	125.978389
1459	127.519165
323	130.034640
1035	123.838341
101	131.223463
138	131.897762
12	132.279390
48	132.815212
14	133.109806
1764	134.131354
39	134.273770
52	135.586404
563	135.928752
23	136.342109
1287	136.418240
9	136.566506
139	136.606574
12	137.699864
8	138.149438
17	138.727115
1283	138.938476
17	139.422313
11	139.624425
832	143.355247
14	143.919373
456	144.121963
150	146.271446
149	145.390852
361	148.778794
1416	148.940312
13	149.318049
190	150.252637
75	152.098911
25	152.155591
41	154.747495
49	154.713289
20	155.397455
256	155.594390
344	159.511901
31	159.837872
117	160.165734
122	160.852925
13	164.605279
1165	165.029314
1970	166.964677
11	167.295503
1527	168.591711
577	171.992098
94	173.226861
24	173.458700
28	173.981139
69	167.444517
702	175.810727
231	176.871007
104	177.485694
33	178.380696
1147	179.089830
32	182.190328
94	182.534423
13	183.643864
1385	184.280756
93	184.938226
556	187.121067
145	187.116971
34	187.169664
71	187.819220
31	189.358591
17	189.846964
160	184.692771
61	191.894168
78	192.406084
280	192.534745
11	193.020114
158	194.027951
11	187.457763
342	195.652912
308	196.283740
172	197.106641
722	197.474288
17	201.452424
12	195.589374
69	203.669329
13	204.776093
20	205.264481
1122	206.384694
392	206.767393
1264	206.227352
667	207.357385
69	207.954966
1370	213.006554
43	213.985460
498	214.905646
1625	215.289232
911	216.526140
51	217.555746
31	218.162509
178	219.798249
103	221.058186
42	222.607463
110	221.630789
12	223.260538
592	226.187122
13	228.174578
513	228.364155
321	228.442243
10	230.458325
451	231.426509
76	225.185290
625	237.069438
512	237.602058
18	239.087031
23	241.176751
989	241.790037
230	242.466218
66	243.248783
361	244.467547
658	244.512688
312	244.621860
7	246.223961
68	241.537756
478	252.346244
679	252.550160
89	253.224577
63	254.353431
14	255.176003
122	255.864216
44	252.319372
95	259.548380
35	260.116776
494	260.777598
255	253.931168
162	253.950217
45	262.050942
283	260.829121
1456	262.621190
94	262.801828
133	263.922942
363	267.845789
1970	271.280825
21	271.693984
1744	272.360567
30	273.241826
107	266.381126
54	273.863811
286	274.069324
375	267.852184
539	268.200747
17	276.290021
7	276.814368
1113	279.042869
39	274.061099
11	282.092112
229	282.551902
59	283.985161
88	277.017736
747	285.358998
40	285.956004
16	286.027624
145	288.479308
726	290.473966
1184	290.799511
19	291.021904
1432	292.430657
40	293.667348
628	294.112109
10	294.886775
35	295.489712
43	296.016320
54	297.062520
9	297.457624
15	297.903232
1641	298.425742
918	299.195882
7	302.108750
214	303.485176
1468	306.850237
55	307.262724
449	309.737010
1165	307.014400
81	315.489247
1224	317.740588
1396	318.863960
43	321.660474
934	322.019201
96	322.446288
46	323.840603
32	317.820065
84	318.471756
18	326.275278
55	326.825342
1120	327.369256
14	327.472775
136	328.904588
128	330.256534
1581	332.109992
61	326.899775
57	336.704266
68	337.960898
10	338.523448
1303	338.720721
724	332.725848
738	340.400597
21	341.193448
7	344.208956
127	344.469963
9	346.421055
56	346.692029
232	346.855926
86	347.043900
344	348.245251
38	348.769338
86	350.966755
1087	351.261057
1888	351.346738
42	349.016432
61	345.360472
1528	352.486814
187	353.287248
11	353.629257
634	353.788010
26	348.053203
174	355.188871
978	356.177928
1770	349.779429
39	352.081851
78	359.318260
515	359.994927
16	361.079605
111	361.421412
382	363.095566
134	363.500111
580	363.585798
36	363.754697
21	364.080356
40	364.195809
1431	367.551138
405	369.012489
14	369.215435
1631	369.475170
11	370.508014
178	372.259589
145	372.424144
323	373.247954
417	368.254912
19	374.958322
2041	375.365740
1112	375.639957
11	377.834407
26	379.344754
1366	381.541235
37	381.580128
962	374.863080
218	381.896383
26	377.805368
1272	377.849199
82	394.091065
645	395.547873
379	397.699684
319	398.289562
38	392.506731
926	399.666724
23	401.076991
268	401.250423
446	401.731631
15	402.454016
125	404.241542
1797	398.535186
271	404.573880
786	408.708233
12	401.750036
14	408.857571
71	409.247370
93	410.574861
7	404.298811
18	411.791399
31	413.000414
58	417.275480
236	418.136331
543	418.307098
13	420.446292
16	420.906690
771	414.021307
22	423.088567
736	426.822015
10	421.507734
25	430.309298
1142	430.712761
187	430.917046
775	432.586794
375	432.721609
15	433.189220
22	433.315946
8	426.517694
889	427.475503
14	438.446151
9	440.342153
2128	441.044308
19	441.445607
11	442.973525
818	443.051683
362	444.534732
1099	444.804125
1724	446.046837
272	447.767590
28	448.862751
9	452.416509
35	452.499589
814	453.009866
53	454.071989
828	458.494657
14	451.587965
191	459.352373
315	453.245109
322	460.420885
1060	455.716403
7	463.590022
80	466.867135
203	466.876885
35	461.413234
52	463.150707
65	470.998084
12	475.433773
133	477.575414
1765	477.636509
88	481.971622
1320	484.233607
22	484.275347
13	484.844370
73	485.616120
1448	486.638031
1497	488.414635
37	489.397127
276	490.131407
239	490.506075
563	491.951711
13	485.359642
27	492.433936
399	492.690748
1767	493.668628
246	487.298664
56	495.907078
168	496.004826
914	496.303185
41	497.739078
78	498.681892
60	495.426057
68	503.327327
195	496.564265
1256	504.159323
438	504.525787
10	504.744976
166	507.396854
339	507.534020
35	507.660705
13	507.169238
198	509.836367
29	509.926336
213	510.217318
299	504.102405
55	504.931028
7	512.370196
73	512.665709
79	514.263022
275	517.621255
45	519.536641
11	519.711799
50	513.493141
12	521.495242
1971	515.562207
1802	522.710213
14	515.764950
288	524.272279
334	524.659355
7	521.100656
96	524.651374
9	525.133769
224	532.949842
186	535.123854
1252	535.502089
1955	529.440041
184	536.868700
155	537.597427
366	537.607333
225	537.679064
7	540.417850
56	534.539676
1073	542.793377
29	543.014168
18	543.067010
36	544.691753
543	544.769056
183	544.876591
323	538.217650
115	539.077373
29	546.046572
7	546.759892
871	548.146810
42	541.592009
437	548.831195
869	548.918302
61	549.102191
66	549.896268
382	552.541692
707	553.518505
531	553.681420
14	554.190411
156	554.397409
91	555.482734
772	555.853691
8	556.118028
211	556.599285
276	557.259916
549	557.895618
1373	560.021202
243	553.129674
1438	563.814395
37	564.106788
550	558.181129
23	565.374497
7	565.342250
78	559.206171
569	567.113411
20	567.844993
364	568.526496
91	569.490237
7	571.643012
1105	566.704521
158	574.166386
1618	579.080744
9	577.837926
28	582.153518
174	583.159640
81	583.264273
544	584.123277
1177	585.044944
1214	586.159164
65	586.940969
1994	587.021610
33	587.280811
116	591.546475
218	591.952946
25	594.849788
16	594.002955
418	588.359385
48	595.839686
18	591.741113
10	600.155244
813	600.257103
9	601.949838
36	602.222755
941	602.341903
503	602.375214
56	603.802447
1211	604.523288
33	604.709882
26	605.721571
1515	599.757977
52	606.510752
115	608.338380
299	609.605200
16	602.615074
14	610.265658
22	611.211276
16	612.351369
285	612.890700
28	613.269832
60	613.594547
25	614.241667
40	615.064572
1750	615.131220
61	615.151956
656	615.603826
412	615.788765
421	616.410280
165	617.991622
24	611.233758
1237	618.397968
1319	623.025434
45	625.396084
1812	626.140998
277	626.241989
1741	626.311461
295	629.086743
387	630.335311
40	630.836911
12	632.550368
592	632.659312
9	633.600772
94	635.333597
24	635.910170
268	636.511734
13	636.925811
107	638.397028
314	639.939431
231	640.977999
78	636.281855
589	643.396313
217	643.434838
7	643.845491
310	643.533860
16	645.348603
78	646.339466
931	647.159283
16	643.423874
45	651.002792
259	644.150189
1099	652.105517
10	650.613054
79	654.520916
67	654.706354
400	655.399374
21	657.452457
1316	657.487364
47	659.021283
515	660.886848
63	662.933494
26	663.242633
95	663.808681
15	664.479817
122	665.870125
89	659.421912
150	668.597302
7	670.111473
235	670.975414
62	671.814263
1247	672.659471
98	673.946692
1773	674.002817
548	675.337315
101	676.634360
53	676.975979
21	673.873854
174	677.991556
24	684.107123
7	686.011340
929	686.239006
12	686.274114
36	686.838527
1024	680.757040
530	687.768695
11	688.831303
14	689.185298
274	689.394638
923	683.108226
89	692.935947
44	687.176378
461	696.085800
419	696.426300
23	696.764886
289	689.998767
89	697.046022
96	697.201823
164	690.233091
8	698.381228
1918	697.652993
758	694.802650
11	696.782795
17	704.111988
334	704.173516
63	707.336328
17	710.480200
8	710.561664
111	711.099403
13	704.517795
42	711.941438
60	705.885370
24	713.102481
966	714.094386
45	718.785449
389	713.672817
154	721.163329
19	722.685263
394	724.125423
638	724.243548
46	725.981852
361	726.028617
401	727.457239
278	721.115046
175	728.571963
14	729.450130
157	729.838993
145	730.302527
14	730.553645
1007	737.620429
58	730.805205
246	739.393374
27	740.546808
95	737.801605
157	745.124315
28	746.787438
51	741.659552
94	750.313764
905	743.622364
24	752.326229
34	752.670584
2004	756.268306
7	756.604138
1174	756.915617
124	757.224907
12	758.585177
1246	758.567694
9	759.376033
48	761.920702
18	763.081509
1833	763.173771
65	756.673386
422	763.679749
555	757.554081
266	759.196128
13	767.892883
343	769.029667
588	766.177248
527	764.481053
1703	769.665621
63	776.883282
12	778.282806
403	775.795945
86	782.960412
214	784.759575
1571	785.173426
100	785.331727
62	787.185626
342	780.196601
227	782.556450
36	790.450725
391	790.453106
60	791.871371
1605	792.925902
269	793.484293
918	786.651342
1950	795.331849
86	795.923442
79	789.494299
22	797.416976
162	799.843660
9	800.842784
20	801.555963
1601	807.853168
121	810.165845
64	810.464999
7	810.820734
133	811.189705
45	812.436041
95	812.597829
967	815.360026
111	815.620732
560	815.962382
42	816.610524
284	819.136011
77	819.675682
260	819.956474
31	821.775748
123	822.738456
540	823.727366
137	824.030395
25	824.091768
523	825.087333
464	825.788677
164	825.927750
1733	826.609586
52	828.129733
294	828.586052
22	829.178331
347	829.621127
1392	830.095531
26	826.503146
353	836.671720
169	838.070631
1061	839.906663
160	840.087332
11	841.037195
151	841.394368
462	841.604234
727	836.388963
7	843.875271
466	845.936971
29	852.143067
90	852.453288
877	854.674417
1020	854.966459
1284	856.419747
46	849.514151
470	857.420082
510	857.550741
77	851.721874
39	859.560382
21	854.127661
600	861.246251
10	861.724602
57	862.291115
378	863.994362
154	864.252232
2092	865.168807
11	867.514381
12	868.202306
51	871.982796
84	872.812125
15	873.002619
9	873.094176
16	873.152544
1102	875.657409
41	869.757699
133	877.172177
537	878.798465
18	878.936518
33	879.519828
513	880.519342
324	881.063405
16	881.814931
557	883.897598
17	884.008986
45	884.079437
30	884.186341
9	884.721375
35	884.767349
1022	885.948148
87	886.171111
64	887.146999
24	887.696293
107	881.795714
11	882.036661
171	889.437079
1083	890.346228
1397	893.278567
80	895.416116
152	896.543933
9	896.613811
780	896.665107
73	898.583734
1170	898.574611
20	899.387379
187	899.469998
53	899.806313
154	904.233741
63	898.417271
230	905.483614
101	908.042021
707	909.296022
11	910.300047
85	912.179611
336	913.212956
277	907.134929
415	914.166895
9	910.489801
62	915.915200
37	920.118785
1085	922.105235
194	923.654855
227	925.273109
43	927.316238
423	929.042099
289	929.407999
1547	930.300098
105	930.605961
21	932.275488
15	933.450381
1964	934.446003
281	935.899690
550	937.464965
288	937.593842
247	938.483382
195	938.556723
918	938.916136
17	939.197362
40	939.573504
9	939.721708
72	939.738464
1051	940.609518
21	934.869996
80	942.911278
559	943.807949
437	945.915181
8	946.132011
271	947.343112
144	941.484513
1325	950.648896
746	952.370493
34	953.211035
70	954.323791
1358	955.370206
9	957.976142
250	959.053669
97	944.343227
209	961.732493
417	963.506250
1906	963.802413
1421	965.777947
11	970.872314
170	972.995204
148	972.270353
25	974.152814
14	974.272408
16	967.662304
189	974.641025
138	977.594757
40	977.624562
240	980.420913
15	980.853054
52	980.840401
18	975.792072
10	983.502748
150	984.113234
78	984.388581
29	985.040075
49	979.195010
12	980.568201
322	989.556268
18	989.944165
36	989.935359
64	991.025348
1273	991.402971
63	991.411093
2001	985.749585
691	986.010801
86	993.332778
11	994.155603
92	994.259498
47	994.720176
14	980.202117
163	996.116601
49	996.788389
250	998.079652
9	998.787198
1786	999.782378
762	999.789099
23	1000.805016
76	1001.835453
8	1001.931522
17	1003.094827
393	1004.355372
483	1005.471997
676	1006.280271
1183	1008.699186
7	1010.869638
124	1014.786534
1695	1016.392552
538	1018.163120
54	1012.133674
19	1019.441941
150	1020.804318
34	1022.018239
279	1016.121143
44	1017.194853
11	1024.566542
164	1026.294870
43	1019.388232
37	1029.050851
61	1023.792784
193	1032.385203
38	1032.608355
16	1032.869756
11	1033.081444
152	1033.455499
129	1039.082121
92	1039.233177
105	1033.201138
27	1042.671073
28	1043.110074
39	1043.944716
929	1044.161013
13	1044.339768
120	1045.448564
130	1045.472637
13	1047.174202
15	1047.635314
23	1048.476819
39	1048.852804
39	1049.940197
11	1051.029820
9	1045.177874
245	1052.856591
176	1053.207019
108	1053.573756
891	1055.367147
853	1057.429422
74	1059.056444
389	1059.432243
9	1061.896412
8	1061.922495
15	1062.346713
71	1057.898919
32	1059.238859
22	1068.875283
9	1070.064701
817	1070.878911
10	1074.228960
91	1079.212346
319	1074.578499
84	1082.227454
62	1082.916715
11	1083.280632
36	1083.422513
327	1085.216252
321	1085.764227
29	1087.082332
1709	1088.143923
11	1088.682717
836	1081.977283
27	1089.482460
23	1090.119732
21	1090.481520
866	1090.603150
36	1094.015632
15	1088.998830
809	1089.010732
694	1096.370913
15	1089.799112
24	1097.001142
23	1098.861882
9	1100.386187
28	1101.143436
25	1102.994820
34	1103.494246
81	1096.717123
30	1097.574493
1988	1100.939023
24	1106.919224
260	1100.213772
35	1108.405612
27	1113.422980
160	1113.449238
12	1114.237599
791	1115.196748
112	1110.078109
36	1117.182265
526	1118.179807
444	1119.710086
15	1121.732515
167	1121.448858
217	1122.829909
19	1124.344581
1784	1124.825487
37	1125.936321
23	1125.928076
61	1129.014745
10	1129.158332
14	1130.607891
382	1123.909356
15	1130.956290
276	1131.834994
34	1132.637713
867	1132.781724
614	1134.709641
7	1134.815478
175	1134.927060
41	1135.295934
1754	1135.835063
296	1136.115660
1511	1138.362065
157	1140.338342
242	1143.644352
1555	1144.166046
18	1144.267972
268	1140.461021
9	1141.560754
16	1148.749797
20	1149.064327
42	1149.168140
64	1149.586665
574	1150.437304
65	1151.555856
64	1152.028592
36	1152.515580
171	1153.500131
34	1155.248237
225	1157.114706
20	1158.245083
19	1152.703809
84	1160.394004
13	1161.655375
860	1160.967368
523	1163.771679
33	1167.641735
18	1168.701339
1764	1169.561585
184	1170.064640
9	1170.307414
10	1164.786296
136	1166.178322
43	1173.246348
59	1173.767596
168	1167.083602
100	1177.482287
41	1178.092469
771	1179.575630
1525	1175.611764
314	1183.142311
1752	1177.647361
776	1184.757680
36	1181.278701
1447	1190.622229
830	1190.749601
255	1194.031512
765	1194.921443
141	1195.312060
272	1195.859795
220	1195.875908
7	1195.999797
48	1196.636374
879	1189.971078
49	1191.011668
10	1198.056239
98	1199.902397
1488	1198.319944
216	1200.641705
53	1201.528165
550	1202.894928
9	1204.508557
35	1204.542976
7	1207.623046
31	1210.672678
68	1211.266398
60	1218.655716
20	1212.690519
94	1214.864781
1166	1220.201520
184	1221.062053
53	1214.690475
1472	1223.576647
31	1223.910615
7	1217.023707
1050	1225.223703
18	1225.755013
123	1226.242002
524	1219.455663
9	1227.442947
14	1227.699640
38	1228.311849
31	1233.405402
39	1237.514969
7	1238.307620
55	1238.375403
257	1239.633819
1024	1240.544376
12	1241.097393
42	1241.450652
64	1243.520742
1185	1244.931897
105	1241.684809
109	1246.811762
26	1247.039692
13	1248.247656
20	1248.849957
12	1249.320946
69	1242.837262
23	1250.488881
340	1251.418518
142	1252.739005
41	1253.406103
368	1254.011020
1159	1254.079988
1694	1254.599489
179	1255.075045
448	1257.148906
102	1257.641173
588	1258.410124
328	1263.248788
24	1264.017830
10	1264.275560
1568	1258.832310
72	1266.515337
16	1266.659409
38	1267.751677
127	1262.388819
7	1269.476249
15	1272.320834
2111	1274.982205
502	1275.009812
1822	1275.110629
26	1276.253852
10	1276.329346
23	1276.671279
8	1277.660053
907	1279.672230
7	1280.486964
10	1281.513198
235	1282.598555
8	1277.188556
2008	1285.442088
12	1286.620919
28	1280.104261
14	1287.656614
12	1288.370667
56	1289.456191
19	1291.784326
7	1291.852299
45	1292.097634
168	1292.856630
575	1293.779829
10	1294.181882
114	1295.785910
217	1299.695086
362	1300.084991
928	1303.392327
10	1303.620313
700	1306.674132
363	1306.907992
20	1307.824681
358	1308.123347
36	1308.985830
61	1311.651796
1304	1311.610010
96	1311.682990
248	1311.772322
1416	1311.833456
12	1315.616695
1319	1317.090675
302	1317.734368
83	1318.843292
220	1314.860954
84	1319.884469
85	1322.037433
88	1315.936804
8	1323.809269
639	1324.247488
465	1317.855414
150	1325.136702
97	1325.164490
48	1325.992343
115	1326.630904
9	1326.817124
1385	1327.006803
67	1327.398584
1713	1323.296925
296	1331.221629
259	1331.471988
120	1332.133154
23	1332.199427
7	1333.080681
355	1333.599599
34	1327.557940
8	1334.891281
13	1335.067928
13	1336.210136
25	1337.798095
13	1331.000421
1057	1338.779120
70	1339.613031
32	1333.864469
8	1334.015990
995	1341.331410
543	1334.844756
321	1343.773466
234	1337.585708
14	1345.395127
490	1345.819748
22	1345.840511
14	1346.053320
905	1346.225694
269	1346.567510
565	1347.422303
51	1348.268023
33	1344.446793
37	1351.535384
29	1351.541133
1167	1345.481325
170	1352.924709
963	1353.641108
23	1355.945990
19	1349.153170
198	1356.778804
160	1359.836801
36	1360.252228
1727	1360.664673
8	1361.362492
240	1361.958948
40	1362.173235
33	1363.462873
43	1364.925759
872	1364.946208
76	1365.782915
19	1367.369026
15	1368.389673
10	1355.818148
1776	1364.175732
229	1373.912599
284	1375.139318
44	1376.445043
55	1371.308608
30	1380.367360
633	1381.272486
796	1381.787757
29	1381.984422
702	1375.546293
62	1384.751461
217	1386.717510
7	1388.735702
103	1382.396380
23	1389.435811
559	1391.095264
383	1386.964896
152	1385.376778
11	1392.448250
25	1386.673185
17	1388.687638
104	1387.685582
640	1395.517516
25	1397.861328
10	1391.749167
787	1403.404535
1099	1404.126508
760	1407.503714
39	1408.153136
14	1403.168247
1729	1408.618021
154	1409.443032
233	1409.514326
997	1410.549612
108	1410.819639
24	1411.013257
27	1412.281579
1998	1414.089176
469	1414.784300
1955	1415.679206
96	1416.056240
769	1416.541463
8	1409.918087
374	1418.064849
8	1418.565403
20	1418.988036
20	1419.556610
19	1420.957704
259	1421.403168
141	1422.942989
132	1424.800833
11	1426.820341
282	1428.225822
13	1431.122038
91	1431.741703
79	1431.732763
607	1431.967266
52	1432.867786
8	1434.894233
265	1430.255217
1216	1430.357822
491	1438.558874
562	1432.127139
731	1439.406262
289	1441.461156
1195	1434.448474
110	1443.058738
124	1443.835483
61	1444.591575
46	1445.875987
1274	1446.984847
59	1447.360774
1951	1448.133450
739	1448.691611
552	1449.459054
180	1452.227497
632	1453.104252
24	1453.399975
566	1453.532950
35	1454.754181
672	1457.801150
55	1457.779035
1237	1457.870075
42	1458.246830
19	1445.521515
343	1454.709488
28	1463.567509
31	1463.625373
892	1463.832863
520	1467.115992
172	1467.786057
167	1472.163110
848	1474.457171
71	1474.277826
10	1475.992834
558	1476.181551
1210	1476.918680
44	1477.244023
174	1478.289399
1561	1479.530627
12	1479.564391
992	1479.691995
154	1480.352081
43	1481.671590
1256	1476.944256
142	1484.369703
439	1484.474658
48	1487.045807
106	1488.185889
125	1491.217942
14	1491.292879
338	1491.378260
24	1491.740887
57	1493.251979
143	1495.708074
24	1496.162516
69	1489.670581
17	1499.565855
469	1501.042149
51	1503.467938
1455	1504.906367
22	1507.628804
10	1509.167657
1099	1511.157617
13	1504.386780
8	1511.564801
8	1512.455246
600	1512.628985
758	1506.345418
100	1513.683837
23	1516.133422
22	1510.137667
1125	1517.955980
626	1518.129145
856	1519.450716
84	1515.145214
86	1520.720115
145	1521.601354
83	1522.808359
18	1523.043580
20	1518.637406
206	1525.580119
7	1525.667967
280	1526.171256
68	1526.643794
168	1531.012099
21	1524.344828
262	1524.354597
1529	1531.920081
441	1533.811029
18	1534.290201
100	1534.667561
496	1534.994624
1408	1535.511079
29	1536.954695
68	1537.236129
121	1536.183277
498	1543.372057
83	1536.777842
91	1544.984842
57	1545.153846
925	1545.195433
1566	1546.097558
730	1546.962215
68	1547.440835
188	1549.047325
23	1550.345363
1577	1550.373164
430	1552.301868
110	1548.028472
1540	1555.545930
126	1556.147530
814	1556.304933
71	1550.053143
24	1560.293347
79	1560.967940
23	1561.014747
259	1561.815632
10	1563.137099
1697	1558.387051
290	1567.507377
27	1560.548316
7	1568.418008
372	1568.694902
494	1569.933276
296	1571.601258
9	1571.609897
89	1568.043254
378	1568.216259
249	1575.234938
70	1577.973627
1988	1579.744943
435	1579.248828
1172	1574.331444
10	1582.017599
10	1584.836466
20	1584.911858
429	1585.522459
1477	1587.904083
7	1588.977204
203	1589.464501
135	1590.753699
22	1591.223037
54	1593.231748
21	1593.320032
1948	1587.298166
369	1594.399975
424	1587.563854
242	1595.112070
430	1595.318399
13	1595.458610
1209	1596.484294
857	1596.704598
110	1596.894230
55	1598.047211
101	1600.081698
99	1600.184139
536	1600.337732
38	1602.086807
273	1602.322782
165	1602.627959
1177	1597.441540
28	1606.453003
203	1605.629440
36	1608.543399
1412	1609.162445
495	1609.612025
20	1610.275514
17	1611.449518
281	1611.482222
12	1612.271660
8	1612.369233
17	1612.467060
364	1613.861199
71	1617.735058
96	1618.125047
8	1621.160521
155	1615.445344
32	1623.019467
1413	1625.744067
58	1628.920537
9	1630.251617
991	1631.254175
40	1631.351203
556	1631.481567
156	1631.538305
17	1631.596494
556	1625.302916
719	1632.898492
11	1633.495479
752	1634.930726
59	1635.148330
509	1635.553834
102	1636.402833
141	1639.072896
463	1639.405052
145	1641.563492
535	1642.483997
475	1642.657082
24	1636.926635
243	1645.832229
256	1646.007544
622	1646.702819
2114	1649.784257
1330	1651.360999
387	1652.811437
1025	1653.126902
26	1654.367903
51	1655.253208
28	1657.072591
1839	1657.337862
1440	1659.670937
518	1660.402444
251	1664.454339
62	1664.687688
387	1664.987876
11	1659.476555
21	1668.717142
31	1670.153500
8	1663.906489
1955	1674.094330
25	1675.661155
14	1675.866223
372	1680.144816
77	1681.999435
7	1685.074552
32	1687.582475
82	1682.922593
88	1691.130604
94	1691.352647
967	1691.678109
70	1694.196146
135	1694.208803
299	1694.677232
36	1694.857227
217	1698.908666
831	1700.194579
10	1702.827905
26	1703.064437
13	1696.524338
1455	1704.775858
9	1705.074464
23	1705.370447
588	1699.621549
184	1706.720396
312	1708.853497
1620	1709.788283
218	1709.977582
76	1710.621528
657	1710.864599
747	1711.756890
1147	1711.774910
524	1709.409036
19	1717.017178
977	1717.984975
1884	1718.052131
1476	1718.874377
11	1719.616639
45	1712.737510
7	1721.752975
8	1715.030670
330	1722.866907
106	1723.237132
16	1723.647158
8	1724.308043
1773	1726.140318
113	1726.796303
24	1727.525841
161	1727.571171
107	1721.330258
1258	1729.333995
134	1730.406852
110	1730.866022
15	1731.661082
14	1732.387671
1553	1732.830727
520	1732.908339
330	1733.021901
159	1734.941612
18	1736.653184
10	1732.509567
8	1739.852949
10	1740.942840
108	1741.079807
827	1742.543125
1442	1744.215819
11	1747.811139
8	1748.246236
60	1749.461724
106	1749.835871
1425	1752.163777
155	1752.481426
87	1754.608132
1468	1755.602020
7	1757.750298
47	1758.927828
120	1760.216126
913	1760.214361
1248	1761.254414
233	1761.644480
11	1761.771877
74	1761.810737
7	1762.346878
201	1763.471151
338	1764.501104
526	1764.858183
14	1759.061820
66	1767.781858
732	1768.200618
807	1768.350242
416	1769.226750
1930	1769.391499
41	1763.029078
122	1770.180245
16	1773.845448
1891	1774.258133
9	1774.436046
317	1777.053880
7	1777.404232
21	1777.833310
1480	1775.515920
163	1782.834922
539	1784.061669
502	1784.268722
23	1785.282944
883	1785.491238
649	1787.644331
37	1792.673484
482	1793.444640
2027	1794.539337
16	1795.483900
55	1795.910054
74	1798.017171
1383	1798.750406
