53694	90.8575	2916.6899	33125400	0.438941	100.0000
38248	31.9644	8713.5069	34815200	46.040282	100.0000
49128	27.9248	14589.6020	50926400	135.381104	100.0000
59790	17.9545	30879.8579	69304200	286.643499	100.0000
58418	23.9700	17489.2177	52402000	361.765124	100.0000
46550	17.2539	19094.0702	41181000	589.268960	100.0000
45292	2.3805	150172.3979	44686600	679.432173	100.0000
42988	5.8105	48242.4486	35039200	842.090616	100.0000
49692	3.1381	164148.5233	64390200	898.157809	100.0000
39476	6.8238	38088.3364	32488400	1064.456571	100.0000
55896	1.8335	290331.0512	66542000	925.534115	100.0000
38998	1.8285	223134.5687	51000600	1129.193893	100.0000
36384	5.7858	76887.1072	55606600	1496.368477	100.0000
43336	76.2046	8724.2995	83104000	1698.733047	100.0000
39496	11.7649	65995.1111	97053600	271.112482	100.0000
59048	17.9534	21311.4753	47826800	426.040593	100.0000
33008	8.5799	64133.3971	68782000	424.499590	100.0000
60604	3.1585	133217.0445	52595200	493.537645	100.0000
32810	18.1478	21910.8706	49704200	919.846444	100.0000
42656	9.5022	30828.1916	36617000	973.381624	100.0000
52862	1.9622	261504.5045	64141000	1166.725231	100.0000
36178	2.9193	171334.5534	62522600	1275.591361	100.0000
45816	7.1788	49360.1664	44293200	1419.632064	100.0000
34956	6.4689	64100.1242	51832200	1459.245975	100.0000
45892	3.5066	112390.9480	49263200	1427.160863	100.0000
46048	4.2712	73090.7400	39023600	1496.380166	100.0000
34304	78.7437	4753.0175	46783800	18.755508	100.0000
51590	11.0236	54183.3241	74662000	216.439502	100.0000
41306	8.1626	52541.1703	53608800	219.823519	100.0000
45004	7.2125	89930.2306	81078200	209.241156	100.0000
41448	22.0869	32778.6635	90497400	352.308751	100.0000
50898	2.9270	103040.6801	37700600	305.159510	100.0000
42660	23.3575	29031.5678	84763000	470.210544	100.0000
33732	5.2902	143221.3265	94708600	651.451170	100.0000
59410	2.4447	114211.2121	34902000	826.278196	100.0000
34846	6.5018	45429.8694	36922200	1037.455018	100.0000
57296	5.7226	48218.4424	34491800	1188.329427	100.0000
37196	2.7167	266286.8929	90428800	1209.691151	100.0000
55438	3.7130	104491.8553	48497400	1459.361113	100.0000
36046	6.7743	88033.9082	74545800	1489.627647	100.0000
57662	13.4380	38591.6881	64824200	1567.584246	100.0000
56280	59.3395	12123.0486	89922000	53.065258	100.0000
57794	17.0192	27378.7429	58245600	355.982137	100.0000
52134	6.9943	79505.1077	69510000	418.117329	100.0000
60530	7.3214	92765.2918	84896000	532.855389	100.0000
50018	13.3509	37876.9833	63211400	631.944983	100.0000
42686	7.4346	35323.5915	32827200	736.509169	100.0000
52206	3.8219	171300.5433	81837000	600.741628	100.0000
40220	27.2300	24006.1812	81711000	773.440860	100.0000
48192	3.6234	74994.9184	33966800	767.843832	100.0000
36136	4.1755	118188.7207	61686800	768.607890	100.0000
57796	5.5232	116560.5029	80473400	1000.772762	100.0000
45456	14.3839	24090.5478	43314600	1120.239243	100.0000
36284	2.1243	177810.6445	47215000	984.093240	100.0000
46164	11.5065	28914.7524	41588400	1384.481132	100.0000
57424	7.0017	75026.5719	65664200	1444.009666	100.0000
42052	8.5931	88224.1666	94764600	1443.781100	100.0000
60122	5.1752	57807.5448	37395400	1733.967290	100.0000
54032	49.9888	15588.9776	97409200	69.658004	100.0000
56710	27.3555	24483.9331	83721400	81.578826	100.0000
52498	47.5076	7427.8292	44109800	106.160530	100.0000
45014	43.8210	10099.2045	55319600	124.058423	100.0000
41216	22.2382	20875.2660	58028600	166.756718	100.0000
41684	8.7991	33543.6221	36894200	246.482659	100.0000
36234	11.1586	32792.2164	45739400	253.449655	100.0000
54636	9.9874	58442.3860	72961000	240.597740	100.0000
55986	8.0124	30746.8887	30794400	309.178899	100.0000
53512	19.5915	18263.3838	44725800	334.071325	100.0000
36750	3.7787	107191.4713	50631000	310.036380	100.0000
52674	5.9868	52301.3795	39139800	523.863719	100.0000
36558	3.1513	209333.3089	82458600	649.818306	100.0000
57406	14.6017	22418.0350	40917800	932.612582	100.0000
53108	2.8515	195735.2819	69766200	768.714859	100.0000
58290	3.3456	193195.1189	80795400	832.940161	100.0000
57798	1.8777	134022.8291	31456600	1120.789982	100.0000
35156	3.6255	109091.6338	49439600	1277.614432	100.0000
33794	10.4429	28595.0816	37326800	1416.050142	100.0000
47746	8.7914	47169.0679	51835000	1529.960298	100.0000
39286	14.5985	20905.5530	38148600	1644.320935	100.0000
59328	31.0493	8114.3212	31493000	1703.531731	100.0000
41450	8.4539	33820.4660	35739200	263.292287	100.0000
49274	11.5232	59898.7511	86277800	389.358692	100.0000
44030	8.7542	48557.5893	53135600	415.457710	100.0000
46672	6.1019	51641.9533	39389000	528.011070	100.0000
47026	2.4659	148864.3621	45886400	678.215781	100.0000
36458	2.5035	121447.8652	38005800	740.047577	100.0000
51444	2.7786	93666.6886	32533200	857.303088	100.0000
35778	3.1490	172309.1579	67824400	831.328592	100.0000
33946	6.1077	123584.0245	94351600	1178.881212	100.0000
35666	1.9295	210225.0258	50703800	1201.747369	100.0000
34674	2.0970	238478.4882	62510000	1193.192244	100.0000
45812	4.3339	67256.4638	36435000	1430.192271	100.0000
58510	8.1802	47375.6215	48442800	1552.552110	100.0000
44134	47.1730	12678.9198	74762800	1642.418861	100.0000
34928	55.5214	9658.5456	67032000	2.631748	100.0000
48484	21.4489	23832.4196	63897400	138.502414	100.0000
51854	21.6515	22477.0856	60832800	566.674513	100.0000
40282	11.2652	56974.3441	80228400	710.535910	100.0000
42666	3.0612	98978.7727	37874200	779.302192	100.0000
43600	1.6742	149089.5482	31200400	934.991578	100.0000
40270	3.2547	116417.6011	47363400	1179.545162	100.0000
33694	1.5281	190900.2824	36464400	1159.219364	100.0000
53460	2.4840	142646.7080	44291800	1288.373558	100.0000
37204	55.4139	13372.1434	92625400	1626.962312	100.0000
45870	16.8813	20514.0016	43288000	1675.535304	100.0000
58654	11.6764	27749.6176	40502000	249.224044	100.0000
34160	5.4691	92423.7095	63184800	722.989343	100.0000
54626	5.6749	83388.1002	59152800	832.728063	100.0000
37346	6.7338	38861.6356	32711000	1446.441130	100.0000
48418	10.1690	32439.2972	41234200	1455.585079	100.0000
43148	2.9195	102070.9715	37249800	1447.592942	100.0000
38220	5.4603	45494.6245	31052000	1738.139275	100.0000
37782	8.0160	47986.8323	48083000	256.718778	100.0000
36266	21.8210	18233.8120	49735000	329.446303	100.0000
44042	15.4449	48320.9911	93289000	311.948729	100.0000
38510	3.9440	138031.3561	68049800	250.514701	100.0000
50198	7.3216	44827.0933	41025600	392.035396	100.0000
45876	38.0293	16628.3075	79045400	607.496431	100.0000
34562	4.0270	145582.0456	73283000	486.579421	100.0000
37688	3.2419	130791.3405	53001200	742.379638	100.0000
47116	11.6239	38273.2901	55610800	859.119013	100.0000
54510	25.2809	11490.2271	36310400	1097.075840	100.0000
41710	1.6638	151588.1447	31526600	1000.311407	100.0000
36598	5.9570	102294.6100	76171200	1209.652601	100.0000
54412	3.8940	129491.3036	63029400	1318.759124	100.0000
54828	21.1783	15340.6668	40611200	1736.207158	100.0000
54678	6.3141	67663.5075	53404400	807.220852	100.0000
50004	2.9880	202607.6406	75672800	747.005805	100.0000
53880	18.9371	13520.7158	32005400	1031.341731	100.0000
53376	2.9262	202390.8467	74029200	1184.771404	100.0000
32998	21.9185	16569.1868	45396400	1656.021658	100.0000
35030	29.9171	11897.7717	44493400	192.609411	100.0000
37368	5.8211	50471.5966	36724800	251.255427	100.0000
45580	9.4900	26944.9659	31963400	308.017344	100.0000
52396	12.7728	43950.0258	70170800	387.189833	100.0000
45366	16.6582	17946.7905	37370200	512.689267	100.0000
36302	2.7560	96921.7080	33390000	531.028500	100.0000
57540	3.3131	204731.4437	84786800	476.909491	100.0000
53430	8.0330	65789.1144	66060400	643.556195	100.0000
51632	5.8818	87205.6343	64115800	948.027895	100.0000
47814	3.4506	223873.5918	96562200	978.110955	100.0000
55970	26.7270	28038.8096	93674000	1318.589706	100.0000
33460	2.1038	275699.0880	72501800	1206.930425	100.0000
48112	7.9734	57706.7051	57514800	1466.923753	100.0000
37272	11.6462	24455.7559	35602000	1540.830182	100.0000
48048	24.4007	17378.7922	53006800	1580.869169	100.0000
38054	29.6202	9194.3782	34042400	161.960580	100.0000
47196	19.5823	24109.7670	59015600	168.395597	100.0000
58138	19.1101	16663.3664	39804800	234.700013	100.0000
60794	13.7425	29843.3445	51265200	824.034414	100.0000
56858	3.0359	124461.0280	47231800	739.870888	100.0000
40224	3.4815	163687.2737	71234800	715.510721	100.0000
60812	2.8844	248288.6203	89521600	796.160271	100.0000
54174	16.9983	29072.1711	61772200	1124.915216	100.0000
47418	14.5015	19266.6973	34924400	1300.361106	100.0000
57624	3.5400	110774.5133	49018200	1278.523533	100.0000
37762	2.6741	98690.1804	32988200	1308.982754	100.0000
35812	7.3213	35117.7890	32138400	1516.389809	100.0000
37700	39.8298	10343.5188	51497600	1650.653054	100.0000
48480	46.7978	7295.4216	42676200	1712.630645	100.0000
59216	25.9313	11762.2148	38126200	32.165443	100.0000
43040	10.1088	35201.5275	44480800	281.248191	100.0000
46234	4.7856	81325.7400	48648600	359.320347	100.0000
59546	4.2730	159723.3506	85311800	416.533494	100.0000
46634	2.5740	149989.9677	48259400	725.215290	100.0000
54892	24.6596	11331.4548	34928600	922.233383	100.0000
39280	4.5862	80738.0295	46285400	949.073942	100.0000
46482	6.2515	97427.3580	76133400	938.309606	100.0000
48902	7.0733	37200.9662	32891600	1044.945356	100.0000
40740	1.6941	192406.3764	40744200	959.379010	100.0000
37010	2.3182	257393.7472	74585000	905.941934	100.0000
33244	1.6864	413529.5689	87172400	949.191178	100.0000
35396	20.4578	24760.4035	63317800	1455.392036	100.0000
52048	2.9509	209664.1874	77336000	1285.992014	100.0000
55960	16.0346	27913.7901	55948200	1541.016787	100.0000
49576	27.9535	18273.1611	63849800	1616.618924	100.0000
38268	24.5869	10146.4105	31183600	1666.604384	100.0000
46818	24.5586	27546.5038	84562800	1661.579136	100.0000
43762	14.2608	39998.9542	71302000	1736.479358	100.0000
37072	44.7320	6587.2419	36832600	94.144247	100.0000
48506	34.4559	12763.2081	54971000	184.385506	100.0000
33320	11.7914	60173.6271	88691400	253.755847	100.0000
32994	11.5415	35550.0230	51287600	971.159671	100.0000
38332	3.0803	86181.8648	33182800	923.329392	100.0000
42658	5.3594	90069.3750	60340000	1083.954324	100.0000
48008	3.9961	76082.3815	38004400	1156.295531	100.0000
35230	6.0508	72368.0443	54735800	1323.308182	100.0000
34154	3.4481	76224.6254	32853800	1360.256835	100.0000
36276	22.1081	18157.1434	50177400	1419.076886	100.0000
45784	27.2849	15502.7168	52873800	1551.875554	100.0000
60302	29.1721	12105.2566	44142000	1680.535414	100.0000
41514	12.6525	41646.0596	65865800	1728.490825	100.0000
50820	7.0029	51887.1446	45420200	1727.307191	100.0000
38416	10.2715	26196.8616	33635000	1754.743020	100.0000
46974	82.1385	3375.0617	34652800	125.949705	100.0000
58968	47.3754	6256.5800	37051000	206.543692	100.0000
42888	3.1945	108345.8704	43264200	289.010923	100.0000
53394	20.7319	17929.6621	46464600	418.102266	100.0000
49816	6.4625	89866.8368	72595600	367.307641	100.0000
56576	6.0125	128988.8324	96943000	334.286349	100.0000
47776	14.4979	50536.3908	91583800	428.105221	100.0000
33630	6.6391	58843.0882	48833400	597.303166	100.0000
52652	4.1495	182575.4292	94700200	590.535501	100.0000
34424	2.4681	105176.6315	32447800	1172.226984	100.0000
46660	2.9758	152361.7936	56674800	1139.351779	100.0000
39006	2.3976	118457.4406	35501200	1235.463335	100.0000
58810	12.1531	59406.5072	90246800	1538.476922	100.0000
51624	21.7374	13913.5567	37805600	1619.010140	100.0000
51100	57.3340	9151.9945	65590000	1711.285746	100.0000
57698	46.9781	5525.8465	32449200	11.289975	100.0000
45858	62.0280	4102.4078	31808000	60.969984	100.0000
36302	13.0649	39224.7931	64058400	342.746737	100.0000
41276	3.6836	140311.1112	64605800	256.585176	100.0000
39418	15.7963	21614.6573	42679000	512.639890	100.0000
48260	4.7770	58975.0177	35215600	639.888679	100.0000
50262	2.9735	105830.7275	39335800	669.346179	100.0000
43844	3.7190	205634.8492	95594800	580.542429	100.0000
52592	13.5254	19530.8420	33020400	820.728596	100.0000
54554	5.7841	64596.7996	46704000	844.714418	100.0000
38848	2.6795	221707.8621	74257400	756.707077	100.0000
55992	1.8614	162979.2448	37921800	928.250583	100.0000
60606	2.0552	163910.4287	42107800	1165.118146	100.0000
55448	19.9009	18276.5726	45465000	1366.638529	100.0000
37050	1.8962	346195.6758	82055400	1064.910772	100.0000
48866	4.2235	86329.8524	45577000	1474.282274	100.0000
36814	24.2018	14297.0008	43251600	160.445983	100.0000
33740	2.9677	117640.8058	43640800	257.114429	100.0000
45282	14.3835	23339.8325	41963600	545.633124	100.0000
60118	12.3347	24485.3880	37752400	553.635883	100.0000
49538	4.0507	64683.5522	32751600	519.741757	100.0000
44576	3.9818	188361.0593	93752400	449.162844	100.0000
54282	4.0929	154054.6465	78817200	537.869220	100.0000
48966	5.3151	69689.6574	46300800	742.117356	100.0000
33476	6.4444	105740.6680	85178800	797.273227	100.0000
47912	27.3536	12453.5122	42581000	1009.541890	100.0000
60222	4.2193	134170.6542	70763000	903.149344	100.0000
50300	5.1965	82763.4947	53760000	983.299539	100.0000
58212	1.9227	222741.8577	53533200	931.832135	100.0000
54144	5.6462	125003.5369	88223800	1102.704652	100.0000
53426	1.6882	438527.3606	92542800	935.849147	100.0000
51050	2.0891	377603.9853	98607600	1107.725497	100.0000
57186	4.6888	64090.0309	37563400	1435.384402	100.0000
53128	24.2795	11293.4172	34274800	1668.133705	100.0000
34496	25.7544	13308.1307	42842800	1678.714501	100.0000
39550	54.3235	6459.9908	43866200	77.725846	100.0000
60356	5.0338	75331.0636	47399800	369.119777	100.0000
49968	6.9782	47144.9998	41123600	525.306064	100.0000
52888	4.5094	147157.6335	82948600	620.811923	100.0000
51672	6.6740	93095.2941	77665000	824.396222	100.0000
60964	4.4176	74499.9664	41139000	946.883294	100.0000
48676	5.4315	110956.3504	75332600	1183.203693	100.0000
50698	4.9384	85895.6022	53023600	1224.500271	100.0000
43408	1.8908	203536.7963	48105400	1171.378299	100.0000
49334	3.5508	89998.9369	39946200	1296.650509	100.0000
38496	2.8951	102058.0145	36933400	1437.441037	100.0000
57588	33.8713	18999.2697	80441200	88.836226	100.0000
57170	17.9484	25505.1863	57222200	328.442625	100.0000
59318	9.4200	61299.4624	72179800	391.084074	100.0000
38182	32.1962	19844.7784	79865800	621.200881	100.0000
58314	5.2300	94884.6587	62031200	661.701665	100.0000
38700	2.9534	135091.3438	49872200	733.186162	100.0000
47966	5.4452	75284.5208	51242800	803.211084	100.0000
35202	11.7941	64934.8306	95730600	1031.540839	100.0000
42302	3.0133	146357.5174	55127800	1205.253603	100.0000
34902	2.9822	142222.3628	53016600	1241.321405	100.0000
35818	3.2323	113774.3104	45969000	1321.029124	100.0000
58170	2.8142	129632.6090	45600800	1379.682313	100.0000
36486	3.6575	205492.8188	93948400	1316.063838	100.0000
55518	47.7830	6548.9380	39116000	1703.066524	100.0000
47828	39.2220	10976.6980	53816000	81.925598	100.0000
53428	21.7292	16079.5186	43674400	163.698422	100.0000
34340	5.0236	153712.7068	96524400	200.391221	100.0000
47068	3.9777	188685.5241	93816800	239.207138	100.0000
39276	4.1049	99400.3968	51003400	345.719312	100.0000
37998	13.6380	24996.7726	42613200	440.558212	100.0000
59886	3.8825	137443.0794	66703000	662.312149	100.0000
59554	4.4102	67427.9076	37171400	739.693008	100.0000
35356	2.7835	115109.1762	40051200	892.950230	100.0000
35234	5.2464	107890.4115	70754600	992.257699	100.0000
60466	3.0428	197164.1910	74991000	905.462009	100.0000
55672	2.3536	121129.1590	35635600	1244.331346	100.0000
38278	38.0168	12169.8907	57832600	1550.037752	100.0000
36168	21.5755	26187.9773	70627200	1672.406529	100.0000
34162	48.1616	5320.7509	32032000	342.390320	100.0000
48260	33.2663	9775.4302	40649000	365.250540	100.0000
36050	64.6021	6265.9043	50598800	553.844942	100.0000
50482	31.4791	15727.0749	61884200	572.780264	100.0000
49434	23.5836	15746.9454	46421200	800.797411	100.0000
40772	27.8268	13388.8413	46571000	839.333996	100.0000
55204	78.8958	3868.8194	38154200	1008.581212	100.0000
46266	54.2458	12203.4743	82748400	1120.057763	100.0000
38076	49.8833	12573.5773	78401400	1155.516143	100.0000
43128	45.2071	6320.5679	35716800	161.794291	100.0000
40120	19.1019	23396.9265	55865600	316.514497	100.0000
33282	65.4541	5432.1284	44444400	419.701532	100.0000
60810	74.5321	4569.5856	42572600	719.008485	100.0000
59688	86.8906	4828.3775	52442600	734.700038	100.0000
42698	23.0875	11828.9654	34137600	777.488046	100.0000
47210	47.8863	16048.8663	96065200	776.400519	100.0000
43764	67.4964	11332.5094	95613000	899.831176	100.0000
43394	48.8939	8645.2412	52837400	989.233014	100.0000
58928	57.0372	13435.5579	95790800	1046.692668	100.0000
59840	14.9089	44779.3432	83451200	1154.578075	100.0000
35772	12.6948	27685.9584	43933400	1398.453159	100.0000
40692	27.0230	15807.9896	53397400	1654.880044	100.0000
46870	91.9116	3493.3756	40135200	1723.472583	100.0000
36530	64.9530	8291.4159	67319000	5.257202	100.0000
45050	24.4500	12353.0066	37753800	214.311221	100.0000
58642	90.2862	3023.8413	34126400	679.224898	100.0000
50314	22.7515	20691.2748	58844800	682.838021	100.0000
49908	70.6104	5262.4342	46447800	720.074251	100.0000
34098	14.3934	18055.8364	32485600	843.803805	100.0000
36412	31.3737	23070.2469	90475000	842.309980	100.0000
51042	63.5067	7266.7130	57685600	969.358711	100.0000
43844	14.1511	20203.5539	35737800	969.815129	100.0000
50398	68.5394	4883.5003	41839000	1113.153408	100.0000
47752	27.0813	10790.8611	36528800	1405.935591	100.0000
59962	69.0678	8477.8629	73193400	1429.482779	100.0000
34340	38.9879	10720.8713	52248000	1433.066403	100.0000
36680	54.0440	5223.4466	35287000	1710.291090	100.0000
51414	69.0106	9464.3337	81642400	20.786893	100.0000
44520	68.2758	6731.7327	57451800	27.634098	100.0000
59692	55.5654	6516.7778	45263400	147.615177	100.0000
51150	55.6173	8902.8344	61894000	252.253543	100.0000
46164	44.1944	7241.8896	40006400	278.983598	100.0000
47540	42.8185	14833.6029	79394000	458.947686	100.0000
42324	69.9423	4470.0819	39081000	559.393693	100.0000
39032	60.5996	4437.7074	33615400	984.312636	100.0000
51064	78.4202	3239.7377	31757600	1021.777862	100.0000
50360	57.3384	11994.3383	85967000	1066.061285	100.0000
56280	21.8414	28299.1766	77261800	1083.970779	100.0000
38162	42.7021	10130.3825	54073600	1106.406037	100.0000
53842	28.6933	12079.3229	43324400	1148.988035	100.0000
52532	21.6956	33122.1461	89825400	1130.878436	100.0000
52342	17.9768	14292.8597	32117400	1159.436151	100.0000
46650	23.5938	10516.5425	31015600	1221.378324	100.0000
59948	30.5605	9963.2972	38060400	1292.906980	100.0000
52702	66.5305	5616.4526	46708200	1493.146776	100.0000
45082	94.7115	2927.6103	34659800	1514.746703	100.0000
52906	25.7163	18690.8490	60082400	1580.371415	100.0000
59536	63.8878	10411.5048	83146000	189.723827	100.0000
42234	46.8438	15917.8232	93206400	265.075047	100.0000
53988	38.0439	12475.6380	59327800	326.617075	100.0000
46286	37.0264	10062.2298	46571000	338.211896	100.0000
45124	36.7493	12911.4725	59311000	383.029635	100.0000
54224	20.4006	22807.7700	58161600	386.172676	100.0000
47428	54.6338	8445.4329	57675800	427.049587	100.0000
55330	78.5529	7343.8239	72109800	458.220512	100.0000
45896	29.3703	15579.5416	57197000	851.460929	100.0000
34796	68.3165	4792.7035	40927600	1435.265268	100.0000
60476	9.3839	29818.1814	34976200	1413.864033	100.0000
47036	56.4281	8963.4741	63224000	1495.806995	100.0000
44004	20.1386	12249.6903	30836400	1780.979452	100.0000
41036	35.3560	20203.1257	89287800	167.891343	100.0000
39238	58.9427	9343.9963	68845000	547.338448	100.0000
45560	12.0809	33704.0757	50897000	773.439659	100.0000
41518	59.1906	5308.1635	39274200	839.106553	100.0000
47658	56.7475	9152.2344	64920800	892.418505	100.0000
33974	38.5069	14382.3019	69227200	932.027604	100.0000
52116	10.5693	30370.1464	40124000	1027.981234	100.0000
58262	62.8836	7892.9806	62042400	1087.968586	100.0000
38600	22.9087	14912.8463	42704200	1188.838559	100.0000
53558	47.9883	12482.6469	74877600	1266.622111	100.0000
49212	45.4786	9402.0750	53449200	1378.885712	100.0000
52336	71.9916	7020.8868	63180600	1474.356616	100.0000
58100	75.7687	7662.6017	72573200	104.788409	100.0000
33262	29.7995	8888.3610	33108600	192.569415	100.0000
42728	24.4194	11697.0038	35704200	461.005956	100.0000
34268	51.2080	8475.8947	54254200	541.430468	100.0000
39594	90.1870	3171.9705	35758800	742.643239	100.0000
39390	62.3356	7903.4422	61583200	860.723263	100.0000
54226	80.2571	7596.2041	76206200	1081.884906	100.0000
48542	25.3112	13468.1336	42611800	1206.151853	100.0000
42962	66.2600	7082.2383	58658600	1250.333654	100.0000
43222	42.4257	18652.0213	98915600	1399.110890	100.0000
48738	32.7578	13851.8835	56719600	1404.524886	100.0000
39900	71.0328	4630.8780	41118000	1488.100504	100.0000
57608	93.0250	6259.3587	72784600	1541.969884	100.0000
59672	94.6173	5493.9786	64978200	1711.031378	100.0000
33968	54.4740	4688.1531	31922800	167.404297	100.0000
45002	43.8182	11108.1760	60842600	233.083151	100.0000
48396	45.4591	7153.7507	40650400	268.872292	100.0000
41594	64.4719	5381.9939	43373400	381.598708	100.0000
45364	25.8293	21067.2461	68019000	844.381328	100.0000
58760	21.6958	12577.3929	34109600	1124.441054	100.0000
53466	68.9301	8958.8519	77191800	1415.234457	100.0000
33988	55.5405	8518.1004	59137400	1498.805093	100.0000
41752	83.9700	6624.6346	69533800	1599.024976	100.0000
35746	92.4492	2831.9455	32726400	1647.852769	100.0000
52812	54.2795	8542.8603	57962800	1671.049480	100.0000
43606	90.7056	7531.0718	85388800	1701.523429	100.0000
58476	56.5111	7854.5181	55483400	94.972457	100.0000
35926	55.5579	6183.4116	42942200	272.195699	100.0000
57522	46.5464	5977.9621	34781600	291.489414	100.0000
37460	42.6362	14785.8883	78801800	329.293619	100.0000
40516	53.0663	6183.9583	41020000	475.848660	100.0000
56004	28.8320	21216.3627	76463800	504.760761	100.0000
42612	87.7696	7667.6417	84123200	725.654124	100.0000
33348	49.4280	7391.8891	45670800	854.257722	100.0000
49316	24.2358	28191.5898	85405600	932.326337	100.0000
40400	80.7013	5059.9028	51042600	1629.409460	100.0000
51442	48.4270	7522.4753	45536400	1667.162445	100.0000
43672	28.5219	12402.0554	44216200	195.010560	100.0000
54226	45.9738	11847.3297	68083400	201.075683	100.0000
59824	36.7380	8355.0394	38368400	235.438089	100.0000
50638	27.4969	14543.7402	49988400	402.344442	100.0000
42394	21.3287	17088.7591	45560200	423.185740	100.0000
53138	58.0313	5947.2742	43141000	569.054096	100.0000
39052	17.8902	22934.3997	51287600	675.008370	100.0000
54884	23.3079	13103.4202	38176600	748.774334	100.0000
45656	26.7927	16885.6976	56551600	860.087036	100.0000
45456	83.5186	3055.2434	31896200	1390.147829	100.0000
58550	66.8427	8272.1437	69116600	1394.710811	100.0000
48112	26.3536	11097.7584	36558200	1403.930751	100.0000
52004	50.8342	5746.2697	36513400	1609.158271	100.0000
48614	90.5975	2989.0981	33850600	1751.725809	100.0000
38216	82.2828	4668.9111	48021400	126.998190	100.0000
47504	49.1188	10717.7949	65805600	133.457909	100.0000
34634	85.5782	3939.5826	42142800	147.569620	100.0000
52110	23.6598	20834.2311	61616800	464.125342	100.0000
59902	63.2991	5601.3194	44319800	580.797426	100.0000
36474	53.3868	5464.3937	36465800	648.815336	100.0000
58458	20.4503	28293.6667	72326800	974.313432	100.0000
37704	80.7771	8134.2247	82132400	1039.764010	100.0000
52664	42.0475	6415.9510	33721800	1047.707444	100.0000
45444	16.0877	19002.3124	38213000	1294.883542	100.0000
34888	43.7519	5738.2421	31382400	1396.359998	100.0000
55976	74.4442	5219.3499	48568800	1596.829699	100.0000
36096	66.4552	7811.0773	64885800	1657.928694	100.0000
35068	92.8697	3312.1347	38449600	114.764143	100.0000
36268	27.4563	11838.6794	40630800	291.327371	100.0000
40852	52.4944	13629.8166	89436200	298.935301	100.0000
60042	34.8445	9169.6926	39939200	310.411519	100.0000
34502	62.1369	12263.1181	95249000	607.061737	100.0000
59980	26.2294	28762.8737	94304000	593.924285	100.0000
59568	29.2819	12168.4950	44539600	629.263601	100.0000
57626	18.8972	32548.7727	76885200	730.402946	100.0000
33730	30.5661	9700.9372	37065000	763.635557	100.0000
57396	66.5218	11856.8267	98592200	896.821181	100.0000
36850	86.1651	3285.3203	35385000	1017.706910	100.0000
34364	59.2660	6027.8451	44655800	1072.083560	100.0000
42494	30.5336	17863.2467	68178600	1143.156326	100.0000
39250	17.5376	15373.0833	33700800	1160.923666	100.0000
51882	48.2617	8688.1626	52413200	1248.508809	100.0000
42520	35.1921	8023.4834	35295400	1431.032420	100.0000
33442	82.6427	5251.7910	54252800	1472.828213	100.0000
57804	85.6365	4613.4556	49385000	34.880578	100.0000
35080	41.5743	14615.0609	75951400	204.391360	100.0000
57388	30.7063	13908.1445	53383400	502.047232	100.0000
38646	28.7672	10313.4193	37086000	643.441913	100.0000
59230	68.3912	10793.1775	92269800	644.054038	100.0000
48408	41.0592	17108.0337	87805200	694.902033	100.0000
48462	56.7471	13035.6836	92467200	790.594938	100.0000
33648	62.7848	4859.2635	38136000	824.541449	100.0000
52176	83.0363	6301.4918	65406600	874.489483	100.0000
39610	31.7834	15732.5995	62504400	882.671919	100.0000
52736	55.6439	7696.9437	53536000	911.193860	100.0000
45626	55.2188	8071.9975	55715800	912.441749	100.0000
57312	81.4246	3441.1033	35023800	1042.416424	100.0000
39764	60.5113	6254.9143	47311600	1094.225629	100.0000
60378	34.7219	9844.3019	42726600	1617.080021	100.0000
59876	74.3071	4311.9653	40051200	1666.000300	100.0000
55600	33.8159	7651.5027	32342800	1677.783093	100.0000
37208	23.5491	26373.5466	77634200	1738.792598	100.0000
38300	77.8422	6784.8411	66018400	80.730143	100.0000
54582	66.6850	6188.9275	51588600	176.592174	100.0000
54536	43.4594	17508.6975	95114600	202.177820	100.0000
44214	54.5184	13292.8996	90588400	309.750444	100.0000
38908	65.6414	5254.0251	43110200	420.468214	100.0000
39018	64.2124	10843.0624	87032400	617.962855	100.0000
41022	90.6884	5587.5018	63340200	735.998723	100.0000
43132	77.2530	8585.0290	82902400	867.129265	100.0000
58086	54.2887	10379.7979	70438200	894.455491	100.0000
60864	56.2790	4972.0323	34977600	975.228044	100.0000
56260	27.2127	9159.9430	31158400	1046.626551	100.0000
43678	53.5546	5438.9033	36409800	1142.834733	100.0000
32902	48.3998	14081.9674	85195600	1285.041242	100.0000
54886	13.9756	38515.0069	67284000	1271.962526	100.0000
35096	26.1736	26507.4589	86724400	1372.893950	100.0000
48032	28.1637	23192.8447	81649400	1526.466661	100.0000
55074	88.1178	6794.9003	74844000	1570.078147	100.0000
60740	29.2908	8781.1873	32151000	1665.650370	100.0000
42414	53.8319	11086.2048	74599000	13.768392	100.0000
52732	43.5033	17300.7510	94080000	11.694859	100.0000
56078	19.9551	15127.6420	37734200	216.323216	100.0000
33402	24.4495	27410.0633	83770400	209.898701	100.0000
57494	27.8519	10932.6103	38061800	244.591482	100.0000
54366	31.7624	12118.0770	48112400	280.158257	100.0000
41478	69.9509	4894.4741	42796600	479.310045	100.0000
33106	40.4554	11161.1411	56441000	693.288476	100.0000
60152	33.7565	11664.9982	49221200	802.180767	100.0000
58740	22.2830	14085.0725	39232200	803.032182	100.0000
53806	55.3914	10657.8281	73794000	974.781210	100.0000
56186	25.2972	15454.1906	48868400	1209.052776	100.0000
60392	80.8387	3196.2920	32298000	1239.499950	100.0000
53350	63.1435	8069.6229	63693000	1324.912826	100.0000
37620	47.5697	5594.3864	33265400	1413.008328	100.0000
45906	22.4796	32036.6887	90021400	1441.721247	100.0000
46494	58.9565	11486.9545	84653800	1770.913776	100.0000
48892	31.4734	20053.2088	78892800	143.851173	100.0000
45378	25.1317	18678.6055	58678200	258.217893	100.0000
33990	76.3695	3335.0912	31837400	325.603438	100.0000
34092	39.2264	10047.5316	49266000	331.916588	100.0000
46814	65.0396	5690.0980	46260200	431.528539	100.0000
56826	82.7423	4718.7861	48805400	562.398155	100.0000
43780	43.4720	17370.6692	94392200	575.609719	100.0000
39690	52.4463	10115.7373	66316600	684.636758	100.0000
60316	83.8024	8806.7200	92253000	723.681743	100.0000
40424	43.1965	13349.2940	72080400	781.338406	100.0000
39716	48.7935	9959.4549	60744600	808.309556	100.0000
36328	23.8489	20020.0444	59682000	820.246821	100.0000
48758	8.4046	30932.2991	32496800	849.010003	100.0000
41374	92.1380	5493.8788	63274400	922.645649	100.0000
36940	21.3169	21262.6025	56656600	980.155319	100.0000
52102	22.0155	11656.5636	32078200	1117.776200	100.0000
52932	56.2983	11157.1771	78516200	1231.172490	100.0000
36086	36.8369	8798.0977	40511800	1375.946053	100.0000
41286	91.1969	5563.9602	63427000	1480.485293	100.0000
58276	80.9975	4742.7269	48018600	1601.789194	100.0000
44746	86.6827	3360.5403	36412600	1642.855100	100.0000
59938	86.8224	4346.1036	47167400	1682.264909	100.0000
35666	94.7756	5999.4494	71075200	1715.343593	100.0000
36616	45.0663	8798.9453	49567000	1724.812976	100.0000
56208	28.6493	9693.6237	34714400	167.217350	100.0000
38766	26.1102	16405.6591	53544400	451.177619	100.0000
58820	14.8802	22169.4095	41235600	842.579271	100.0000
37496	72.1709	6862.8441	61912200	865.601668	100.0000
40842	48.5042	9921.6489	60155200	948.461970	100.0000
50054	33.7717	8954.2359	37800000	1056.528778	100.0000
40814	32.9470	10693.8350	44041200	1287.745628	100.0000
48870	77.9744	4663.7463	45456600	1357.108170	100.0000
59818	22.7643	24811.9670	70603400	1456.453455	100.0000
54876	90.9485	5390.1269	61278000	1554.114316	100.0000
55934	44.0375	7728.2884	42541800	1668.733014	100.0000
50972	20.3712	21994.6160	56007000	36.824779	100.0000
52180	26.4972	11261.6236	37300200	161.373204	100.0000
49184	52.1973	10539.0516	68763800	273.249515	100.0000
37522	36.0720	9005.1533	40604200	367.416463	100.0000
52170	33.9316	14326.5988	60765600	383.797152	100.0000
58568	26.3090	9597.1927	31561600	424.788418	100.0000
55908	53.0589	12101.7718	80263400	454.436252	100.0000
43442	30.5174	12593.7503	48041000	518.887859	100.0000
56872	47.8315	6753.9742	40381600	543.794138	100.0000
37414	58.0585	7656.5507	55566000	946.156940	100.0000
43216	58.0374	8589.6929	62315400	992.577709	100.0000
43504	34.3255	7419.4536	31834600	1350.204315	100.0000
52300	72.2889	5672.7507	51259600	54.185734	100.0000
50424	23.1637	12359.1416	35785400	90.195718	100.0000
39218	58.6207	13309.3541	97525400	518.341641	100.0000
41138	86.2445	4819.4869	51956800	560.658058	100.0000
52664	10.5662	44940.0472	59355800	659.638357	100.0000
54900	53.8593	4765.9864	32086600	753.967055	100.0000
44626	30.9131	9789.5155	37828000	933.543610	100.0000
48768	89.3523	4657.8766	52024000	1226.533786	100.0000
47160	55.4224	13622.5089	94374000	1247.088902	100.0000
45094	23.8132	33056.5198	98397600	1312.141554	100.0000
58636	19.7370	12980.6851	32025000	1481.669994	100.0000
51322	76.4058	5064.3930	48368600	1737.554804	100.0000
35066	16.4912	19272.2325	39727800	37.781819	100.0000
33458	54.7848	11939.6902	81764200	80.856062	100.0000
40592	36.5534	21058.9682	96222000	82.218625	100.0000
41634	27.2160	15199.1898	51707600	88.925146	100.0000
37848	39.4173	13851.2156	68247200	164.331775	100.0000
58224	60.1752	7199.4323	54153400	260.667132	100.0000
51320	29.9189	13877.7187	51900800	572.610556	100.0000
43750	25.2322	10876.7624	34305600	714.307282	100.0000
54250	41.0032	7689.4279	39411400	1086.714392	100.0000
47656	33.9760	11746.8662	49889000	1153.179825	100.0000
34832	62.8862	4751.1614	37347800	1258.030832	100.0000
33104	18.6315	14353.8789	33429200	1312.705000	100.0000
44874	57.4473	10804.3707	77585200	1497.173087	100.0000
47918	78.3192	8470.4411	82924800	1563.971232	100.0000
33050	53.9560	8195.5341	55274800	0.140541	100.0000
36758	71.3634	9084.3368	81036200	325.006257	100.0000
53294	48.4104	15369.6258	93006200	329.555421	100.0000
50732	84.0042	4533.9059	47608400	452.647609	100.0000
50216	19.9935	31883.3502	79682400	471.953606	100.0000
51670	23.8394	20853.0211	62140400	513.478667	100.0000
47106	81.0285	7545.7290	76427400	685.969019	100.0000
40050	69.6575	9450.4010	82286400	754.968469	100.0000
39494	28.2314	27282.9384	96279400	900.483475	100.0000
48436	22.1613	34400.0906	95293800	1165.513680	100.0000
59046	85.5846	3745.2176	40066600	1353.174240	100.0000
51934	14.2016	39118.1921	69442800	1419.570684	100.0000
34218	30.3949	8947.8607	33996200	1473.351301	100.0000
59406	31.9586	19911.7144	79543800	1509.573822	100.0000
37574	59.8827	12864.0795	96292000	51.950002	100.0000
36232	42.9469	7543.5306	40496400	69.036388	100.0000
58542	35.7063	7457.5165	33285000	281.199313	100.0000
47506	54.8224	9839.5140	67428200	352.019360	100.0000
37556	70.0007	7205.5312	63049000	391.535227	100.0000
58928	21.5880	13170.4163	35540400	493.749744	100.0000
34452	24.2259	16370.6096	49574000	746.660014	100.0000
36210	65.4337	3763.4204	30781800	806.066510	100.0000
38074	82.8956	4739.9169	49114800	947.994345	100.0000
58414	35.2730	16925.2546	74625600	1053.929739	100.0000
40954	18.3274	35563.9253	81474400	1161.551942	100.0000
38928	51.9661	14648.1779	95151000	1264.578762	100.0000
57122	36.2360	9544.2401	43230600	1312.434281	100.0000
49334	30.6960	15734.6042	60373600	1313.337477	100.0000
50136	53.9978	9803.0995	66168200	1371.797721	100.0000
50170	93.3668	5054.9855	58996000	1760.854356	100.0000
55678	14.9382	25311.6761	47264000	476.940453	100.0000
60442	28.1754	10908.0587	38417400	789.622967	100.0000
39508	48.7141	12810.0451	78003800	1108.165239	100.0000
51848	60.1989	6340.2078	47709200	1234.843815	100.0000
60778	69.2450	4449.1098	38509800	1276.938157	100.0000
59170	19.7159	17451.6758	43009400	1610.062652	100.0000
59548	25.4427	26182.8989	83270600	1734.841890	100.0000
34610	42.8163	11720.4818	62728400	64.007397	100.0000
45418	24.5238	12234.0507	37503200	152.033306	100.0000
42796	29.9207	11228.5612	41995800	262.386085	100.0000
38170	22.5643	13099.4448	36947400	297.551511	100.0000
37414	21.0928	29873.7833	78765400	500.158574	100.0000
49682	25.6186	10593.7824	33924800	545.599697	100.0000
42594	27.4598	17486.1840	60020800	550.885562	100.0000
52110	58.8952	4555.8619	33539800	729.297116	100.0000
47192	28.1630	25202.4569	88722200	770.847817	100.0000
35402	51.9982	9658.8209	62780200	835.653802	100.0000
53490	51.2257	7252.0795	46436600	952.217188	100.0000
45284	54.3036	6516.4032	44233000	967.854855	100.0000
34962	76.6905	4587.6030	43978200	1179.218436	100.0000
51284	60.5606	11233.3621	85037400	1182.312769	100.0000
38248	72.6902	3672.4616	33369000	1216.159862	100.0000
38776	57.8872	10668.0785	77193200	1332.999352	100.0000
45292	74.8005	5281.6300	49383600	1457.942673	100.0000
57742	37.9767	14250.1330	67646600	1498.408258	100.0000
42214	28.5410	16296.3185	58139200	1670.622545	100.0000
34348	78.2069	5179.6153	50635200	1718.176102	100.0000
34418	77.3745	9446.1331	91361200	1783.127391	100.0000
56444	10.1716	35493.0001	45127600	1758.087219	100.0000
54800	40.1311	9915.8929	49742000	34.500667	100.0000
53812	37.1607	20502.2795	95235000	52.587069	100.0000
59402	66.0742	4537.3461	37475200	469.012816	100.0000
35270	29.5303	19240.8431	71023400	488.227515	100.0000
51102	29.2130	13889.4933	50719200	589.002190	100.0000
45954	23.9005	13344.1037	39866400	705.915796	100.0000
60756	25.0936	30601.2038	95986800	728.989423	100.0000
37128	12.4162	32132.8587	49870800	996.455300	100.0000
52188	71.0342	6873.9639	61035800	1031.641642	100.0000
55568	14.8194	18825.3607	34872600	1031.418051	100.0000
38982	63.2960	7017.5200	55522600	1056.955196	100.0000
39024	62.0918	11237.0068	87215800	1156.127347	100.0000
51394	44.8519	10567.4966	59246600	1318.728146	100.0000
52306	63.8200	3923.1607	31297000	1579.077784	100.0000
45058	44.8717	6644.8580	37270800	1606.777313	100.0000
40296	38.8701	18137.5173	88125800	187.263474	100.0000
43104	69.6257	4149.0679	36110200	363.578567	100.0000
35588	33.9688	17970.4188	76304200	401.808718	100.0000
51050	17.9062	24524.4464	54892600	453.473892	100.0000
54770	22.0476	11303.8468	31152800	539.292390	100.0000
56144	29.3069	20850.0508	76381200	801.466543	100.0000
40914	53.6480	10121.9294	67877600	991.012885	100.0000
60558	63.6162	5065.3012	40279400	1038.888341	100.0000
47834	31.2735	13588.5710	53120200	1131.247584	100.0000
39822	16.9900	40662.1661	86356200	1310.351349	100.0000
58974	35.2990	10863.3597	47933200	1379.684756	100.0000
59220	76.1886	4781.4377	45536400	1785.675485	100.0000
48524	92.4422	3078.2313	35569800	110.633807	100.0000
48110	66.7149	7563.0983	63071400	144.817987	100.0000
60698	34.0514	8735.3084	37181200	182.753286	100.0000
38950	48.0065	9492.5767	56963200	307.182176	100.0000
60236	68.5155	4000.6849	34263600	365.720867	100.0000
52232	63.3097	5148.7372	40745600	505.242379	100.0000
49538	65.2909	9651.3596	78768200	581.897061	100.0000
39468	39.7374	7932.4051	39401600	596.349119	100.0000
57942	53.4663	7122.8734	47604200	706.099036	100.0000
53784	77.6136	5979.8354	58014600	941.440329	100.0000
55458	74.2208	4321.5053	40093200	977.529118	100.0000
52216	55.5312	5840.0875	40538400	1012.922054	100.0000
59410	24.0825	14092.0259	42421400	1012.791468	100.0000
49374	51.4288	5074.8515	32624200	1090.459016	100.0000
36460	70.8055	4927.4611	43611400	1167.224755	100.0000
40976	56.8562	9758.3957	69353200	1252.198254	100.0000
54196	91.8647	6619.9295	76017200	1346.791112	100.0000
43020	62.2452	6255.3853	48671000	1383.479035	100.0000
46510	27.1242	18822.7323	63819000	1523.757488	100.0000
58730	42.2192	11301.0088	59640000	1595.206834	100.0000
45350	26.6092	20000.6681	66525200	293.183378	100.0000
50964	37.3170	13112.7354	61166000	540.351466	100.0000
38374	81.4504	4643.4737	47276600	668.819073	100.0000
44028	18.5379	34353.6584	79605400	684.065923	100.0000
60850	24.0828	30267.2261	91114800	1027.714959	100.0000
40090	22.6092	11639.7959	32895800	1107.098390	100.0000
55094	46.9375	6589.3627	38661000	1536.289911	100.0000
56676	95.0953	2654.3301	31551800	29.472310	100.0000
33574	25.0086	24762.3407	77408800	209.771513	100.0000
38074	29.5689	22225.4943	82147800	248.319693	100.0000
32864	35.8174	12869.6665	57619800	295.942698	100.0000
46196	34.8874	13141.4595	57309000	350.938323	100.0000
33894	28.0888	20456.7064	71825600	385.329732	100.0000
51744	46.1002	8212.1709	47322800	427.950885	100.0000
45466	20.9310	18285.1182	47840800	476.441082	100.0000
44426	79.2627	3433.5049	34018600	638.763950	100.0000
34334	24.9152	11755.0550	36610000	825.963148	100.0000
49706	29.2787	12466.2987	45624600	914.178056	100.0000
54256	63.9382	7642.8028	61083400	979.468582	100.0000
57802	31.9951	10102.1834	40402600	1072.830791	100.0000
59266	90.6681	7387.5584	83727000	1582.710630	100.0000
54170	28.5563	13339.7714	47616800	37.483618	100.0000
33526	53.1306	6022.5935	39998000	71.722420	100.0000
49616	50.1461	5427.7855	34022800	134.319505	100.0000
45750	42.2115	7594.5633	40072200	168.711478	100.0000
49896	56.9042	10076.6976	71675800	230.291063	100.0000
44398	30.5081	8772.9572	33455800	792.823992	100.0000
53082	32.2048	19897.5271	80099600	841.749615	100.0000
43472	71.3136	9448.7658	84228200	899.895159	100.0000
56908	34.8501	19128.9893	83330800	1062.616754	100.0000
38836	13.0909	47642.4292	77960400	1239.021531	100.0000
57914	46.2232	8851.0664	51140600	1307.838255	100.0000
47416	18.5861	16709.4930	38820600	1311.298166	100.0000
51118	13.0486	19098.7406	31151400	1378.629736	100.0000
57182	36.1012	21776.3239	98268800	1520.523718	100.0000
39308	33.7090	11955.2141	50374800	1741.511890	100.0000
42962	76.8700	5301.4621	50940400	36.678220	100.0000
51398	29.0985	16568.3940	60264400	278.003819	100.0000
58726	27.9429	25276.3461	88286800	339.546538	100.0000
36302	35.9479	6921.6703	31102400	362.339207	100.0000
42172	10.8194	61871.4579	83676600	474.920130	100.0000
57936	62.6199	8692.0865	68037200	609.789393	100.0000
48888	39.8313	8008.4593	39873400	1069.471922	100.0000
35244	65.4573	7756.9997	63469000	1188.635155	100.0000
36592	81.5495	5558.2801	56659400	1228.040785	100.0000
46106	43.4251	8865.5755	48123600	1306.820650	100.0000
39994	39.3616	11970.9478	58899400	1371.659327	100.0000
60616	86.1794	8101.9284	87277400	1458.843257	100.0000
55186	59.3798	5792.2195	42992600	1706.558868	100.0000
33502	78.3642	4151.1823	40663000	1794.701108	100.0000
33574	81.4751	3587.7080	36538600	246.384141	100.0000
46424	14.1610	18268.3595	32337200	478.537349	100.0000
38396	14.4673	24443.2766	44203600	474.392796	100.0000
46966	67.3823	6632.3368	55862800	622.556362	100.0000
48010	26.1965	12018.9316	39356800	903.343730	100.0000
59170	64.9895	4103.3108	33334000	911.500419	100.0000
43692	13.4197	39786.7080	66740800	942.890505	100.0000
57090	64.3026	10199.7727	81984000	1096.079718	100.0000
40524	59.6343	10164.3583	75768000	1102.540395	100.0000
43668	45.1744	7880.1444	44497600	1202.051467	100.0000
50716	60.4385	12026.3915	90857200	1262.389401	100.0000
58356	61.7778	12739.9603	98380800	1307.159342	100.0000
33706	35.9914	7732.9509	34790000	1406.307203	100.0000
52710	35.7594	14362.9266	64201200	1516.215125	100.0000
58014	28.5315	17300.0119	61699400	140.446994	100.0000
40306	28.0491	12372.2924	43379000	150.176328	100.0000
40540	53.9823	5357.6396	36152200	200.377942	100.0000
34582	70.2048	6372.0788	55918800	376.698966	100.0000
52760	90.3021	3337.5978	37674000	400.556699	100.0000
42712	17.6836	20748.7650	45864000	518.069699	100.0000
48882	83.6605	5046.7971	52777200	550.796696	100.0000
58370	25.4517	22314.4663	70992600	664.164106	100.0000
50310	54.1595	13524.9048	91562800	995.615717	100.0000
39760	10.4442	31362.2814	40944400	1099.530114	100.0000
35856	91.9600	3615.3987	41559000	1489.316892	100.0000
36022	77.3182	6624.6937	64026200	133.405890	100.0000
53096	62.0837	4033.0567	31298400	297.640583	100.0000
35388	51.3344	6947.4203	44580200	353.432613	100.0000
55368	68.4280	3723.1309	31845800	659.333218	100.0000
50956	39.8121	6629.9077	32993800	750.646964	100.0000
53736	25.6177	30466.0979	97559000	893.947738	100.0000
56992	35.1211	9865.7110	43311800	1528.450450	100.0000
56432	74.4542	4215.5974	39233600	1573.938044	100.0000
48740	43.1538	13727.6787	74050200	34.659950	100.0000
47276	43.5496	6534.6316	35572600	45.739687	100.0000
47136	59.6676	11423.0771	85198400	45.642207	100.0000
53852	53.8924	12845.2511	86532600	91.923236	100.0000
54668	47.1946	12056.8097	71127000	170.372652	100.0000
47418	30.0358	23971.8556	90001800	269.197784	100.0000
56834	27.0300	10408.5941	35168000	284.038077	100.0000
35276	18.5503	31669.1503	73434200	457.376738	100.0000
54828	29.4027	21537.8339	79158800	537.412396	100.0000
38422	92.6726	2902.5878	33623800	603.228180	100.0000
54928	20.5800	34247.0294	88100600	632.769227	100.0000
51242	15.3051	45082.3125	86248400	657.407961	100.0000
34068	58.9599	4807.8790	35434000	832.605974	100.0000
56862	27.2108	22099.2442	75167400	925.748629	100.0000
41730	78.2864	5004.3934	48972000	1210.393185	100.0000
35588	59.8079	6985.9628	52227000	1265.859237	100.0000
56884	77.5843	6054.2780	58714600	1301.115726	100.0000
45904	53.4162	6482.9176	43286600	1334.395794	100.0000
35810	13.3723	37685.6511	62993000	1516.712335	100.0000
56018	47.8327	7611.7235	45511200	1575.675656	100.0000
37120	43.6069	12196.2964	66480400	94.339625	100.0000
36204	43.1490	10746.0213	57960000	163.229167	100.0000
54020	45.0485	7679.4033	43243200	179.125400	100.0000
60138	39.7736	10351.3792	51464000	251.424986	100.0000
42246	26.7573	17491.9323	58504600	311.912444	100.0000
34202	72.4618	7655.7204	69343400	424.797007	100.0000
58242	17.1337	43109.0565	92327200	486.089752	100.0000
59338	21.4079	15134.2853	40499200	540.920263	100.0000
57720	68.2878	3689.7692	31495800	812.020301	100.0000
35326	40.7093	14413.0538	73343200	1083.520958	100.0000
52792	19.6630	17380.1452	42718200	1156.765672	100.0000
56722	20.5331	18240.7400	46817400	1232.636333	100.0000
33964	29.3415	8595.0107	31523800	1539.041910	100.0000
43528	46.2349	10570.1964	61089000	1689.073290	100.0000
33498	64.2826	4898.8420	39363800	24.552837	100.0000
45064	32.4709	19588.5846	79507400	182.157602	100.0000
59970	30.0486	16335.2449	61356400	191.647788	100.0000
57718	33.5826	15214.1964	63866600	193.667902	100.0000
45858	40.4581	18365.7098	92880200	259.478480	100.0000
48216	18.3969	36604.0739	84175000	281.466960	100.0000
52894	49.1275	10372.7900	63698600	341.312267	100.0000
40206	37.6198	20709.7169	97386800	477.455324	100.0000
33318	15.2689	19427.1504	37079000	478.863783	100.0000
37396	26.0895	9599.8166	31306800	599.713209	100.0000
46736	61.1046	9966.5233	76125000	627.174222	100.0000
43256	15.0817	16938.4408	31932600	669.176746	100.0000
52524	19.2152	17044.9280	40940200	670.478540	100.0000
36490	30.2674	10114.5531	38267600	750.902236	100.0000
54170	42.1699	9058.8147	47751200	1088.302499	100.0000
43554	67.3967	4425.3803	37282000	1162.060655	100.0000
56062	9.2696	46045.2291	53352600	1227.160358	100.0000
37396	42.6378	7318.2033	39004000	1370.025083	100.0000
36436	27.4188	9066.5844	31074400	1399.831774	100.0000
44796	25.5868	29968.4347	95849600	1504.794482	100.0000
46376	54.2389	11924.6103	80847200	1606.153822	100.0000
57954	90.2615	3044.6480	34351800	1705.771871	100.0000
57864	20.1485	14048.5730	35382200	279.498518	100.0000
44014	59.3039	5130.3228	38031000	339.432453	100.0000
52588	24.7196	17226.1862	53228000	500.452265	100.0000
34590	39.2843	9958.5840	48902000	628.461077	100.0000
34948	65.9544	6294.8469	51896600	646.261753	100.0000
54342	20.7276	18775.7732	48647200	808.604110	100.0000
49210	87.5677	3037.1366	33244400	892.256553	100.0000
37690	74.5634	8446.1818	78722000	932.932989	100.0000
42476	60.7214	7816.5809	59329200	974.550972	100.0000
46394	70.5824	4586.0033	40461400	1026.326799	100.0000
53640	22.2024	13624.1998	37811200	1187.959305	100.0000
47160	22.7884	12455.5253	35480200	1198.101745	100.0000
34868	15.8147	19974.8553	39487000	1271.805521	100.0000
59980	38.3932	19855.4977	95289600	1572.974172	100.0000
60698	47.7606	7120.9185	42512400	135.319413	100.0000
41188	61.6841	9809.1568	75633600	464.388134	100.0000
42720	78.0406	7826.5962	76349000	534.249118	100.0000
52926	62.2542	7463.8274	58081800	572.892318	100.0000
34156	53.5839	13974.3133	93599800	605.420408	100.0000
40340	17.6791	39355.8610	86972200	678.448507	100.0000
56898	15.4149	19927.6856	38397800	776.209245	100.0000
59702	65.4291	5005.7461	40940200	798.027289	100.0000
45814	58.0499	4946.5269	35893200	937.425145	100.0000
34248	30.6521	22534.7784	86342200	944.282199	100.0000
48382	74.4367	3851.4118	35835800	997.585024	100.0000
53332	49.6152	12630.4414	78332800	1061.421949	100.0000
42572	78.6031	6648.2072	65321200	1120.598378	100.0000
52926	14.0794	44862.3570	78954400	1254.408580	100.0000
40470	61.6191	7548.3911	58140600	1436.236838	100.0000
40056	81.9569	7188.8523	73647000	1593.570579	100.0000
40800	40.2332	10816.8854	54399800	1615.757749	100.0000
60966	24.8876	14490.7324	45080000	1681.794461	100.0000
38028	41.9133	11755.2034	61587400	466.542051	100.0000
54742	14.3507	34203.2165	61355000	482.548014	100.0000
35100	54.7106	13114.5605	89688200	514.915050	100.0000
43042	14.3938	54313.8648	97722800	478.301165	100.0000
50174	57.9681	5760.5477	41741000	569.105845	100.0000
60232	28.2146	25909.7956	91379400	587.490783	100.0000
52424	49.9852	14850.4483	92787800	770.042023	100.0000
54254	58.6913	7670.9416	56277200	1006.201132	100.0000
57318	73.0674	8715.6797	79604000	1247.538749	100.0000
53922	64.6186	4531.2311	36600200	1259.141163	100.0000
52550	34.2538	10896.3021	46655000	1318.706427	100.0000
34718	59.3992	4847.1741	35989800	1441.431409	100.0000
49606	69.4001	7274.8286	63109200	1445.122436	100.0000
51274	40.6899	7849.6527	39925200	1691.790680	100.0000
55122	40.0112	13097.2381	65504600	32.805852	100.0000
57236	71.7527	8953.2570	80302600	120.223197	100.0000
48826	51.6486	6856.7958	44268000	199.128106	100.0000
57894	21.3521	24789.6530	66164000	211.754640	100.0000
38032	21.6190	14737.3151	39825800	391.363252	100.0000
60068	28.6780	11574.5197	41491800	547.613412	100.0000
33176	24.6215	18552.0840	57097600	581.807353	100.0000
38818	58.2791	10135.1167	73833200	631.931616	100.0000
47968	62.6333	6046.5759	47339600	643.444849	100.0000
52802	72.9196	4703.8106	42875000	833.107373	100.0000
53198	54.9836	10158.7771	69820800	842.410801	100.0000
35094	59.7258	9449.6913	70548800	1025.987250	100.0000
60890	13.8899	25717.5230	44651600	1024.954632	100.0000
37356	41.5579	16431.8955	85359400	1081.584501	100.0000
43724	20.5594	18180.3897	46722200	1091.516263	100.0000
42448	23.3248	14247.2659	41539400	1135.080113	100.0000
34030	63.5433	9444.2400	75014800	1291.100750	100.0000
46564	48.5113	9724.6464	58969400	1366.532527	100.0000
60494	86.1331	5632.3064	60641000	1451.039445	100.0000
56238	18.2296	16129.4954	36754200	1527.249901	100.0000
51072	65.7032	7892.4661	64820000	1682.444177	100.0000
60528	62.5295	5343.7277	41767600	1687.946192	100.0000
43056	41.4823	10944.5081	56750400	94.856304	100.0000
60420	29.4956	10155.5616	37443000	158.371801	100.0000
44890	18.4331	25333.4144	58371600	227.443372	100.0000
45872	18.3541	29598.0524	67905600	284.501356	100.0000
55180	21.6911	12048.2744	32667600	323.189498	100.0000
50730	50.5441	15473.3063	97760600	515.145067	100.0000
53054	27.6523	9836.9486	34001800	749.314157	100.0000
50382	76.0301	5837.3069	55476400	822.967473	100.0000
46656	64.0607	11885.2294	95172000	932.022973	100.0000
36178	63.2484	11579.9508	91551600	1027.231135	100.0000
60910	21.9876	14111.3309	38784200	1186.752985	100.0000
49786	41.7241	6177.1153	32216800	1397.140689	100.0000
56148	51.5215	13565.0375	87361400	1399.293389	100.0000
52618	24.0302	17502.7018	52574200	1411.735074	100.0000
36490	18.9398	39409.7107	93301600	1438.847360	100.0000
38166	22.6475	20036.0945	56721000	1509.393433	100.0000
44432	44.9574	8060.4256	45297000	379.558907	100.0000
34998	28.2463	9589.2412	33857600	560.839027	100.0000
59972	17.6672	31494.3220	69552000	716.612661	100.0000
34016	14.6474	35651.4881	65275000	989.641271	100.0000
34224	44.6598	14804.8405	82647600	1066.884101	100.0000
56762	25.6295	9904.9479	31732400	1072.572886	100.0000
36744	24.6346	27494.6556	84665000	1091.060166	100.0000
44228	58.5471	8020.5968	58697800	1201.784812	100.0000
54388	72.3830	4343.6471	39300800	1221.174408	100.0000
54998	14.9802	28188.7852	52784200	1284.969387	100.0000
41332	41.3266	8956.1397	46265800	1367.062206	100.0000
36202	59.3387	7745.0449	57447600	1379.541947	100.0000
59914	80.4282	5980.2906	60123000	1404.168622	100.0000
42722	86.6748	5145.8765	55752200	1508.767731	100.0000
55032	37.4228	7160.0374	33493600	1667.665495	100.0000
58070	90.3934	4690.4682	52998400	1724.147969	100.0000
59276	53.8743	5280.2281	35558600	8.854295	100.0000
49324	61.2501	5808.8168	44473800	212.704497	100.0000
41522	39.1183	17948.5421	87764600	202.468460	100.0000
57202	76.4687	8024.3869	76701800	497.354430	100.0000
40228	39.7629	15284.5083	75969600	572.721481	100.0000
40926	44.3755	15231.8216	84490000	616.559053	100.0000
43822	25.4909	13027.4153	41510000	811.491616	100.0000
59240	85.6854	3826.5569	40985000	923.552864	100.0000
54536	39.5737	10441.0443	51648800	1166.190931	100.0000
56498	49.7658	7387.1755	45953600	1237.282428	100.0000
41386	16.7748	26054.3568	54632200	1297.741130	100.0000
42766	17.8797	36322.3414	81179000	1566.006959	100.0000
57206	32.2917	8513.5031	34364400	1680.369946	100.0000
44270	76.6161	3556.3485	34059200	25.455693	100.0000
36370	70.7792	9724.2349	86034200	70.006992	100.0000
56454	29.8372	12583.1441	46930800	96.235761	100.0000
49784	58.9733	9170.4937	67601800	187.238258	100.0000
39690	28.0527	18922.3808	66353000	225.716850	100.0000
39018	75.8793	6084.6346	57712200	369.141318	100.0000
34510	15.3242	20653.7096	39562600	458.302028	100.0000
60774	19.9114	32835.4371	81725000	504.587454	100.0000
55246	51.0596	6954.5395	44387000	621.981204	100.0000
50754	34.9084	19458.6204	84908600	690.901153	100.0000
48722	22.2131	29534.4086	82006400	786.729069	100.0000
42402	36.1800	17416.9571	78768200	800.622775	100.0000
58766	29.6412	11641.6366	43134000	888.984181	100.0000
57578	50.8243	6005.8775	38155600	1232.878204	100.0000
48864	54.5616	11977.6539	81690000	1235.239900	100.0000
46420	21.5106	19397.2163	52155600	1247.982984	100.0000
58404	10.1289	33863.4012	42875000	1240.536329	100.0000
53662	47.8508	10296.1090	61584600	1458.420810	100.0000
43300	64.8006	9068.4558	73455200	1599.579797	100.0000
58538	65.8229	5490.5162	45175200	1633.944114	100.0000
57596	75.6810	6278.4585	59395000	157.987126	100.0000
51994	75.7083	4619.7553	43719200	185.168873	100.0000
39300	83.1817	5642.9713	58674000	254.287404	100.0000
43800	23.4756	12830.8885	37651600	553.017335	100.0000
51934	15.6536	17653.9909	34543600	673.870445	100.0000
43464	20.2839	31858.5830	80777200	706.047159	100.0000
50122	14.9523	36393.3775	68020400	709.151864	100.0000
60690	17.3524	28994.6782	62890800	1014.992825	100.0000
33952	46.6191	7924.9553	46181800	1268.662160	100.0000
54612	47.0900	10867.0115	63966000	1333.562314	100.0000
60722	55.8183	6254.2952	43638000	1524.504907	100.0000
38558	78.9677	5547.1173	54755400	1751.654720	100.0000
54814	36.5533	8758.4984	40019000	162.550179	100.0000
34756	28.9144	14570.5791	52662400	206.233050	100.0000
45452	25.1092	20372.9727	63943600	282.146229	100.0000
36664	30.2160	18191.5005	68709200	284.472075	100.0000
54940	15.3221	33683.1325	64512000	701.600924	100.0000
37268	73.8600	3797.7813	35063000	966.779368	100.0000
59080	28.8009	18249.9929	65702000	1122.976220	100.0000
43896	25.0167	30090.4340	94095400	1162.556784	100.0000
33168	21.5883	31492.1755	84982800	1335.811687	100.0000
59752	14.1056	27780.9128	48983200	1468.373306	100.0000
38230	65.9564	10173.6042	83876800	1491.580704	100.0000
40980	63.4505	7360.5252	58378600	1781.385106	100.0000
52944	42.6252	15282.3682	81426800	229.003469	100.0000
37536	30.6085	8580.6136	32830000	237.145026	100.0000
48456	45.9260	12269.8512	70438200	419.837320	100.0000
50834	30.2473	10902.5688	41221600	499.058816	100.0000
38428	85.1354	4135.4354	44009000	528.849574	100.0000
53074	32.2118	22004.8298	88601800	637.237042	100.0000
49102	76.1018	8067.4844	76743800	710.164773	100.0000
38520	49.7752	6528.7159	40621000	823.863492	100.0000
51490	26.8474	13936.4923	46769800	930.205471	100.0000
33968	46.3391	7236.1567	41914600	1033.131230	100.0000
56620	50.9072	8972.8134	57097600	1139.268585	100.0000
34328	45.2832	11663.2155	66018400	1159.034621	100.0000
33648	76.8323	6664.4051	64005200	1219.735766	100.0000
51210	20.4509	21362.3094	54609800	1295.861128	100.0000
33192	44.2772	6822.3654	37759400	1439.893149	100.0000
48564	27.3469	13381.3176	45742200	1613.723448	100.0000
43450	24.4285	13708.5725	41860000	1779.457985	100.0000
58254	37.7728	7071.7569	33390000	183.493282	100.0000
34700	91.7784	3638.1728	41738200	387.118169	100.0000
42044	48.6189	6571.8033	39939200	718.188821	100.0000
60188	48.1555	15990.8127	96255600	800.997454	100.0000
40094	25.2934	10865.0446	34351800	1112.586858	100.0000
38856	44.3528	15771.6898	87439800	1159.733433	100.0000
36626	20.1535	26522.4619	66815000	1214.437770	100.0000
40110	9.5553	78805.6004	94126200	1184.022233	100.0000
54280	41.1018	9493.9705	48777400	1328.478167	100.0000
45654	64.6086	4803.2215	38791200	1432.240321	100.0000
48932	73.3712	3518.2438	32267200	1770.765159	100.0000
56446	42.9638	8349.4719	44840600	1773.532006	100.0000
47494	46.1281	10299.9168	59389400	238.638179	100.0000
60216	17.1534	17123.8309	36716400	286.049193	100.0000
57776	13.3404	49966.0277	83321000	290.808811	100.0000
47328	28.7555	12717.2782	45711400	341.079354	100.0000
35580	31.6026	15978.8807	63121800	468.218155	100.0000
33876	38.7469	16857.4137	81646600	507.075862	100.0000
38838	25.0620	14494.9196	45409000	584.907846	100.0000
56274	34.5763	15352.2697	66353000	1126.048672	100.0000
58046	55.8978	7479.0483	52257800	1277.929418	100.0000
51638	64.5195	7281.9678	58728600	1316.130079	100.0000
56794	49.6324	9130.3839	56645400	1321.483243	100.0000
50688	33.9264	11576.5526	49093800	1331.323645	100.0000
60676	9.6116	44037.5067	52908800	1300.506147	100.0000
42394	18.0138	24195.2312	54481000	1374.681881	100.0000
58746	48.5660	6222.6540	37776200	1406.959797	100.0000
56034	39.7479	12788.1318	63537600	1589.074321	100.0000
39818	48.2639	9012.6468	54373200	101.388159	100.0000
49210	70.5027	7592.0431	66907400	222.017922	100.0000
36248	58.6411	4359.2071	31953600	268.137970	100.0000
43232	81.9216	4669.9491	47821200	376.688974	100.0000
46328	83.5695	6221.2169	64988000	415.983536	100.0000
33128	41.3818	6987.9222	36146600	627.082850	100.0000
50328	62.8533	6844.7366	53776800	1002.176821	100.0000
45700	16.3098	25319.4781	51619400	1127.152288	100.0000
34508	55.4682	11627.8156	80621800	1148.412266	100.0000
34424	18.5719	14626.0835	33954200	1458.566679	100.0000
38138	39.7263	18709.6506	92908200	1654.060285	100.0000
44660	62.8750	8994.2030	70688800	1729.153888	100.0000
40472	49.3464	9471.5636	58423400	1732.042861	100.0000
49884	75.0593	5243.1290	49193200	1759.462075	100.0000
37458	18.3474	21594.9178	49526400	1746.738672	100.0000
33576	36.3545	9194.2679	41781600	136.876348	100.0000
58698	57.8253	5297.5329	38291400	571.848487	100.0000
46596	20.3154	12172.8304	30912000	724.875515	100.0000
60248	56.4182	11524.3340	81272800	785.623726	100.0000
58810	58.4380	11336.8423	82812800	1013.957462	100.0000
55946	19.3686	37473.7549	90727000	989.894408	100.0000
43548	24.7061	14666.1172	45292800	1387.988900	100.0000
37736	15.8286	43140.3186	85356600	1425.499311	100.0000
53158	40.6041	14474.9564	73467800	1520.618704	100.0000
49092	36.8664	7480.4546	34472200	1564.543376	100.0000
33942	40.1243	9593.2179	48115200	1568.725337	100.0000
37014	36.0820	11695.4045	52749200	1609.414931	100.0000
36844	95.4329	2703.6204	32251800	124.128284	100.0000
38422	55.0819	5669.1416	39033400	194.757806	100.0000
52946	14.5695	21195.4571	38600800	299.650619	100.0000
49078	21.7569	27822.2797	75665800	297.528930	100.0000
32862	30.0862	19245.6809	72378600	590.538201	100.0000
54910	29.7499	9529.6296	35438200	836.920931	100.0000
57086	50.6519	10721.9606	67886000	983.413559	100.0000
40544	25.8012	17891.8238	57703800	1051.468122	100.0000
57472	75.5396	3663.9626	34596800	1131.945545	100.0000
40246	14.2240	55637.9034	98924000	1089.406541	100.0000
59910	39.3754	7692.4389	37861600	1145.048392	100.0000
54582	19.8678	16809.7347	41746600	1403.094363	100.0000
43820	26.4332	18378.3908	60725000	1518.135953	100.0000
34228	77.5443	7370.8807	71446200	1618.759224	100.0000
51746	92.0983	4363.0953	50229200	1744.961525	100.0000
36406	38.7011	7543.1438	36491000	33.868672	100.0000
40928	86.0542	7795.8824	83858600	64.028176	100.0000
60108	52.3362	13910.2728	91001400	126.553350	100.0000
47612	30.1863	11921.1771	44982000	153.345735	100.0000
54726	44.5101	14070.5635	78285200	169.583955	100.0000
33100	14.1509	18793.4228	33243000	300.532673	100.0000
44220	47.7295	8602.7150	51325400	514.655504	100.0000
50268	13.1736	29323.7966	48287400	698.241187	100.0000
33732	58.9786	5442.8985	40126800	845.686494	100.0000
48628	24.0130	29616.8325	88898600	879.524230	100.0000
53068	25.0591	11129.8044	34862800	1173.062748	100.0000
43558	42.8013	14393.1281	77005600	1569.649695	100.0000
55948	39.2511	8399.6130	41211800	1645.025103	100.0000
42608	46.1420	7492.8016	43216600	8.064140	100.0000
54768	54.2413	9274.8878	62885200	11.633139	100.0000
42714	25.6197	16435.1919	52633000	228.467810	100.0000
48652	15.5343	35891.3302	69693400	281.558076	100.0000
38556	32.5901	8155.7981	33224800	748.844799	100.0000
51968	39.2157	9561.3072	46869200	990.192439	100.0000
45620	62.9092	7872.1517	61903800	1112.584340	100.0000
44906	34.6554	10479.1647	45395000	1583.428847	100.0000
34296	31.6876	11758.5909	46575200	1644.385856	100.0000
52006	30.7585	9882.0441	37994600	8.509637	100.0000
34396	40.3844	10400.8760	52504200	43.537362	100.0000
36722	44.2914	6853.3068	37942800	161.764275	100.0000
38702	46.4158	6922.3259	40163200	469.913478	100.0000
36302	42.6042	13178.4111	70182000	472.041083	100.0000
56012	37.8425	9634.7961	45575600	480.442135	100.0000
47922	19.8923	22356.2569	55589800	1033.533696	100.0000
59976	60.6816	4308.6016	32681600	1105.280894	100.0000
37988	69.7761	7525.6767	65639000	1200.996935	100.0000
57884	34.1932	7753.1158	33138000	1231.545387	100.0000
44666	49.2892	5413.7647	33355000	1234.134438	100.0000
41476	9.8834	57796.9971	71404200	1220.937505	100.0000
57218	39.4773	12848.2588	63401800	1294.160659	100.0000
34044	48.0542	8002.7015	48070400	1728.132480	100.0000
52746	55.2265	6768.2899	46723600	91.465554	100.0000
36616	84.0136	3589.8199	37699200	362.517077	100.0000
42002	50.1829	6054.9691	37982000	390.634037	100.0000
40212	84.8164	3046.5233	32299400	416.422657	100.0000
47550	40.7365	8436.7418	42960400	488.385087	100.0000
55862	48.3366	5824.2215	35190400	626.000276	100.0000
56816	89.4556	3678.8020	41136200	775.259799	100.0000
53770	39.8231	7711.1368	38385200	842.274003	100.0000
56330	20.0925	13946.1737	35026600	933.319560	100.0000
59670	11.3211	23944.1593	33884200	1019.666502	100.0000
47442	24.1193	14095.1515	42495600	1051.996048	100.0000
58766	73.3445	9418.7813	86352000	1354.737131	100.0000
39616	63.8779	10696.8151	85411200	1467.174982	100.0000
37826	73.2721	8276.3262	75803000	1628.705221	100.0000
37380	21.5310	11549.5746	31084200	1767.819332	100.0000
47504	54.4643	5121.2399	34865600	321.372180	100.0000
54060	94.4404	4523.9772	53405800	408.525788	100.0000
34766	27.5171	15251.0399	52458000	575.296867	100.0000
57406	85.6366	4328.0744	46330200	742.220709	100.0000
51080	56.4941	12982.8386	91681800	753.915936	100.0000
49546	56.3558	10397.5328	73245200	820.472758	100.0000
50966	47.3122	14023.8517	82937400	849.920800	100.0000
56610	50.9938	6480.7505	41309800	859.962499	100.0000
36452	25.5349	23155.4169	73908800	941.581253	100.0000
33054	44.7542	7183.0864	40184200	1034.872698	100.0000
44894	22.4667	15425.0715	43318800	1055.446841	100.0000
41052	50.9755	5211.1659	33205200	1277.217572	100.0000
53436	47.6173	8198.4293	48798400	1292.945208	100.0000
42162	46.1688	5825.5134	33619600	1321.246203	100.0000
50980	66.1612	4334.5062	35847000	1344.068438	100.0000
39386	46.6637	10094.7945	58882600	1376.555467	100.0000
38094	71.0378	5499.8995	48837600	1389.257853	100.0000
55782	25.1549	13818.9303	43451800	1416.759927	100.0000
40452	45.8318	15870.7306	90923000	1518.641030	100.0000
38688	87.4501	8125.8467	88825800	1543.195394	100.0000
51344	38.8939	10274.2255	49950600	3.445046	100.0000
34018	65.9057	5190.4737	42760200	21.305824	100.0000
43546	95.1658	6105.6081	72630600	75.431238	100.0000
37964	46.1333	9827.0277	56669200	81.425195	100.0000
59166	19.3351	25986.0254	62805400	238.496864	100.0000
43694	66.0194	8334.2585	68777800	342.562524	100.0000
49420	48.0057	12017.3290	72112600	502.846042	100.0000
48206	80.5501	4019.2006	40468400	830.512806	100.0000
37566	76.5175	4360.5633	41707400	971.494388	100.0000
46146	46.7256	6508.2639	38012800	989.710575	100.0000
40528	72.0808	4266.3028	38439800	1122.411803	100.0000
36398	58.8566	4613.6562	33943000	1124.538470	100.0000
51136	55.5904	7818.9900	54332600	1151.831102	100.0000
43796	76.5313	3786.1000	36219400	1213.840951	100.0000
46664	65.9105	10494.8855	86465400	1392.799421	100.0000
33888	82.2695	3649.0421	37525600	1430.063236	100.0000
56160	69.8987	4001.7896	34965000	1492.849118	100.0000
42150	42.6331	16162.7594	86133600	1562.509617	100.0000
32980	57.6634	5383.6892	38805200	1627.285851	100.0000
59840	76.4759	3473.3878	33203800	1780.994437	100.0000
55000	28.7461	10843.4528	38963400	6.104925	100.0000
54240	39.3624	12217.1158	60111800	209.824061	100.0000
52068	42.0542	15550.0544	81743200	214.185304	100.0000
54192	87.2841	3181.6098	34713000	536.227731	100.0000
42062	72.2468	4317.4209	38990000	632.194243	100.0000
60740	81.0172	6359.1415	64400000	667.107412	100.0000
34478	77.4467	8418.8016	81501000	710.143549	100.0000
41290	91.6588	4903.7005	56183400	770.312702	100.0000
56810	87.0343	3656.1937	39776800	817.839903	100.0000
41856	45.9235	5398.1273	30987600	1109.913621	100.0000
44252	77.4903	3385.8576	32796400	1680.742900	100.0000
60230	22.2555	19468.0953	54159000	1756.773817	100.0000
