38142	25.4759	4390.1581	13980400	6.153537	100.0000
37752	44.7440	2223.2814	12434800	31.511099	100.0000
46902	31.9410	4594.1644	18342800	58.174374	100.0000
34170	11.7039	8514.9093	12457200	62.131431	100.0000
34742	1.9351	57022.5235	13792800	405.866630	100.0000
59502	0.9868	191539.1612	23626400	303.184791	100.0000
42640	8.5455	9735.3675	10399200	518.477293	100.0000
48254	6.8784	23489.7895	20196400	602.896041	100.0000
44868	0.3987	282250.0564	14065800	638.447656	100.0000
35668	0.3270	301433.7227	12322800	677.154947	100.0000
59228	0.4133	269550.0176	13924400	797.024482	100.0000
60130	0.2235	463505.5084	12947200	982.762362	100.0000
38456	4.7541	17756.2844	10551800	12.684337	100.0000
45560	9.5322	12240.7353	14585200	61.658193	100.0000
59062	10.1957	11741.8398	14964600	83.698208	100.0000
39456	5.6913	33919.0734	24130400	90.904081	100.0000
53454	4.9764	28236.2246	17564400	141.609267	100.0000
46854	1.3164	79991.2055	13162800	305.629983	100.0000
58824	2.0442	51710.0231	13213200	410.534808	100.0000
33834	1.0845	223813.9170	30339400	387.378264	100.0000
41006	0.2213	736155.4322	20363000	763.081913	100.0000
36538	2.8781	48109.3829	17308200	129.116286	100.0000
58310	1.4071	62882.0477	11060000	341.116654	100.0000
38602	1.0206	102657.4756	13097000	399.591967	100.0000
49738	14.0591	8933.4704	15699600	512.829711	100.0000
37940	3.8310	48714.8313	23328200	559.878555	100.0000
42964	0.5817	345082.9408	25093600	331.986508	100.0000
51512	5.1675	16430.8979	10613400	664.327490	100.0000
39630	0.7660	319526.6355	30592800	480.366444	100.0000
34284	0.3686	236809.3015	10911600	623.680470	100.0000
44280	0.3239	365967.3706	14819000	660.175896	100.0000
51250	0.2951	391702.3730	14448000	786.152932	100.0000
49896	0.2747	797858.3151	27396600	714.921398	100.0000
39224	34.8907	2524.6822	11011000	1.962840	100.0000
57390	24.4368	3306.3620	10099600	63.959107	100.0000
59862	16.6063	11292.8564	23441600	79.407171	100.0000
59992	27.8373	5270.6231	18340000	127.022968	100.0000
53264	5.7204	22527.5876	16108400	180.059270	100.0000
43864	4.7698	17289.2334	10308200	227.371264	100.0000
55484	7.8058	11096.9701	10827600	455.195939	100.0000
52354	1.1871	167219.5907	24813600	367.109205	100.0000
39566	0.6862	160172.5869	13738200	461.314579	100.0000
45590	0.4955	514240.7307	31851400	440.120860	100.0000
46784	0.2984	331240.5895	12353600	878.768039	100.0000
55104	0.2902	681382.2182	24715600	550.694224	100.0000
51338	0.1760	487135.2345	10718400	921.671833	100.0000
58860	0.1938	712214.3256	17253600	892.528814	100.0000
50302	10.6669	13272.7209	17697400	8.860160	100.0000
54232	38.4041	3225.4894	15484000	34.065861	100.0000
38766	30.3098	5353.9381	20284600	42.111456	100.0000
42228	4.3480	34326.7896	18656400	93.161934	100.0000
44542	3.6222	25029.9396	11333000	219.196992	100.0000
57356	7.4890	12459.1627	11663400	300.450365	100.0000
32870	1.2339	183134.6634	28246400	299.216945	100.0000
53124	2.8933	32717.6162	11832800	474.881502	100.0000
51824	0.8434	133851.7245	14110600	374.110233	100.0000
48094	1.0041	169292.4326	21249200	420.422158	100.0000
49396	0.6336	178224.9682	14116200	469.666131	100.0000
50692	0.5232	316614.2126	20704600	528.780869	100.0000
56880	0.4454	442474.8996	24635800	425.125024	100.0000
40086	0.5154	372307.3067	23987600	542.077654	100.0000
34376	0.3967	534649.0964	26511800	458.001043	100.0000
50038	0.2414	437725.8325	13207600	739.827815	100.0000
46666	0.3603	631393.8356	28434000	564.732368	100.0000
37968	0.2568	391618.3832	12570600	880.901784	100.0000
43282	0.1902	622740.6160	14803600	833.938340	100.0000
52656	35.1853	5260.4705	23136400	50.230255	100.0000
47102	35.4170	5853.7760	25915400	52.622703	100.0000
44340	6.0698	16247.0094	12327000	111.493138	100.0000
46360	5.0961	42124.6940	26833800	173.122120	100.0000
40294	4.0986	28559.0158	14631400	273.203113	100.0000
42422	1.1947	67355.2603	10059000	308.114920	100.0000
35116	1.3679	60235.5758	10299800	342.145256	100.0000
33136	3.1438	27271.2183	10717000	579.156831	100.0000
34266	0.6007	249365.5669	18725000	538.671088	100.0000
60840	0.5361	325151.0993	21791000	466.398224	100.0000
59092	0.3743	516235.9399	24154200	524.886111	100.0000
58960	0.2908	302953.4704	11011000	751.109843	100.0000
34310	0.2964	386671.2785	14327600	733.543485	100.0000
54358	0.2052	407051.0828	10442600	947.625723	100.0000
41926	5.7070	21660.2725	15451800	249.932895	100.0000
33934	1.9893	66925.6566	16641800	392.586025	100.0000
35692	5.9446	22578.5050	16777600	462.893251	100.0000
37810	1.1370	96429.7201	13704600	520.295886	100.0000
37852	3.7738	41454.5310	19555200	628.209741	100.0000
48386	0.4097	333144.7869	17060400	719.817273	100.0000
38504	0.3000	312966.6797	11734800	780.638253	100.0000
34746	0.2391	376220.8553	11246200	822.931543	100.0000
47968	0.2513	791820.1761	24876600	667.374178	100.0000
49694	0.1577	749895.4964	14778400	877.427259	100.0000
40832	0.2052	945992.8704	24260600	818.051404	100.0000
56764	28.4707	7207.6316	25650800	50.118514	100.0000
36402	11.9703	9526.7948	14254800	70.484956	100.0000
48730	19.0396	4678.3415	11134200	121.271535	100.0000
43716	3.0555	31647.8633	12087600	121.990296	100.0000
41026	7.4886	12042.6205	11272800	179.599421	100.0000
49356	5.6804	14373.7281	10206000	192.800475	100.0000
38352	5.6058	28562.2307	20014400	247.231689	100.0000
36186	2.5441	46629.7782	14828800	257.891138	100.0000
39762	1.5534	89778.4430	17432800	217.200138	100.0000
46532	2.8454	48694.1263	17319400	333.370195	100.0000
36520	0.7830	139776.0828	13680800	361.456390	100.0000
33300	1.0504	98835.1007	12976600	486.536329	100.0000
48850	0.4577	179519.1178	10270400	728.261993	100.0000
43390	0.3515	313161.6860	13757800	640.232753	100.0000
59748	0.4969	521904.6627	32414200	495.482753	100.0000
33208	0.4799	501426.3369	30080400	525.356709	100.0000
40026	0.4376	457708.0973	25034800	571.212340	100.0000
35252	0.2850	590830.3506	21051800	543.983949	100.0000
51624	0.3353	609782.0817	25561200	648.592805	100.0000
36936	0.3615	568779.1401	25704000	693.482184	100.0000
40980	0.2249	429627.9618	12080600	1031.055669	100.0000
41560	15.4276	11447.1297	22075200	58.807306	100.0000
47246	7.8577	14532.9295	14274400	131.097816	100.0000
55066	3.6868	28810.9414	13277600	149.597970	100.0000
54866	4.6254	24294.2289	14046200	245.548688	100.0000
33688	0.6091	363880.5718	27703200	372.606429	100.0000
50866	0.1884	502704.7813	11841200	975.487541	100.0000
39180	0.2144	850930.2369	22804600	669.238491	100.0000
39884	0.1932	889711.1132	21484400	773.752675	100.0000
58154	9.4636	19933.4266	23580200	112.964145	100.0000
46380	5.4390	24298.3831	16520000	243.094083	100.0000
33748	6.2564	15578.0055	12182800	293.624663	100.0000
48034	1.2501	70876.0226	11075400	281.217729	100.0000
49964	0.7747	181108.5130	17539200	330.443202	100.0000
53554	0.7673	128562.3668	12331200	407.566989	100.0000
50136	0.9561	177769.4453	21246400	370.188721	100.0000
51970	1.0021	238162.3137	29832600	397.119345	100.0000
50684	4.9701	50007.1888	31067400	614.592630	100.0000
37348	0.8809	120013.5591	13214600	566.121836	100.0000
40444	0.9951	119946.1846	14919800	673.444060	100.0000
33120	0.3606	294229.1753	13263600	623.062551	100.0000
37186	0.2826	286822.5753	10131800	737.416448	100.0000
40016	0.2649	609253.7823	20175400	826.059509	100.0000
53984	8.4609	24617.4101	26035800	76.512056	100.0000
40100	3.9224	20778.8004	10187800	136.910787	100.0000
33838	4.5494	20285.9631	11536000	267.215879	100.0000
50222	7.4149	17855.3860	16549400	282.386513	100.0000
49810	1.5875	145272.6243	28827400	221.584983	100.0000
39870	2.1219	89818.7191	23823800	344.733895	100.0000
36538	0.7012	160838.8923	14096600	321.583117	100.0000
48832	0.3998	373319.0522	18657800	554.816508	100.0000
38786	0.2133	443921.8897	11838400	774.415135	100.0000
43214	9.8087	12176.5701	14929600	170.126312	100.0000
45456	4.3835	19208.6773	10525200	225.670726	100.0000
58116	1.4078	57917.4401	10192000	322.733588	100.0000
42504	1.0028	185210.8829	23216200	325.301202	100.0000
55640	0.3594	359570.9273	16154600	519.192549	100.0000
55796	0.4283	221875.2684	11877600	732.745552	100.0000
46810	0.2921	298150.5059	10885000	658.719666	100.0000
37152	0.2878	525577.2742	18909800	693.661595	100.0000
39838	0.2752	347940.0088	11968600	891.347270	100.0000
35114	0.2250	534627.7090	15036000	882.331631	100.0000
33718	0.2373	528646.0642	15681400	896.841585	100.0000
52074	3.1150	33441.5400	13021400	140.677645	100.0000
52620	4.4185	28785.0439	15898400	265.257505	100.0000
40288	0.7514	156097.6634	14660800	331.147220	100.0000
54242	0.7954	185833.3130	18475800	317.637777	100.0000
35482	0.7110	148080.5257	13161400	505.221539	100.0000
35526	1.4046	97376.0863	17096800	669.895174	100.0000
34176	0.3013	376108.6489	14166600	595.949650	100.0000
42812	0.4281	325355.7479	17409000	697.970761	100.0000
47632	0.3129	488323.9852	19100200	693.708744	100.0000
38978	0.2260	447985.9065	12657400	769.915364	100.0000
57264	0.1942	464582.5091	11277000	1009.430093	100.0000
51484	0.1838	852533.6304	19581800	640.290958	100.0000
39562	6.3387	21174.7745	16777600	105.283750	100.0000
52244	5.9950	15231.6284	11414200	145.527545	100.0000
43806	2.7519	38196.2757	13139000	204.868215	100.0000
43700	3.2941	72121.0354	29696800	209.844344	100.0000
53766	2.5238	83584.9681	26369000	204.403420	100.0000
39200	4.6315	24917.3378	14425600	289.207511	100.0000
41474	1.1848	79850.9466	11825800	294.722000	100.0000
60932	1.6549	114964.1377	23781800	330.982190	100.0000
53520	0.8051	110108.9124	11081000	378.176837	100.0000
56270	0.7114	119110.7862	10592400	486.057733	100.0000
60466	0.6199	381969.3410	29596000	328.333993	100.0000
36340	0.3394	322523.0243	13683600	617.454257	100.0000
54566	0.4240	603483.9371	31985800	411.684617	100.0000
40588	0.3610	441657.6529	19929000	604.067635	100.0000
35762	0.2978	349409.0948	13004600	737.228072	100.0000
48264	0.2669	323793.0409	10802400	796.798932	100.0000
34634	0.2142	410742.5333	10998400	875.755395	100.0000
56564	0.2206	645487.1119	17801000	667.266551	100.0000
41476	0.2812	915052.9705	32159400	410.070189	100.0000
54174	0.2566	676243.2183	21693000	650.701980	100.0000
39554	12.1225	7636.9464	11572400	26.659029	100.0000
55802	36.4603	6774.6186	30875600	40.085249	100.0000
36836	6.0643	16706.7458	12664400	81.433601	100.0000
53750	0.8755	169725.2516	18575200	301.384722	100.0000
40942	21.4006	4396.1443	11760000	474.666037	100.0000
50956	0.7737	156024.2232	15089200	355.330045	100.0000
50310	0.9814	85459.0837	10483200	506.557265	100.0000
40500	0.7667	167342.2411	16037000	430.225302	100.0000
41572	0.4691	231764.5616	13589800	591.377056	100.0000
37030	0.2255	586447.8704	16534000	917.995897	100.0000
47414	26.3613	4672.6651	15397200	27.389740	100.0000
43424	8.2493	18819.0189	19405400	69.705609	100.0000
36484	7.4443	13533.0916	12593000	133.918393	100.0000
52862	4.0200	43800.1941	22009400	110.073662	100.0000
35982	6.7965	30515.7676	25925200	127.950028	100.0000
40936	6.6414	18837.0120	15638000	163.066114	100.0000
37142	4.8645	25499.2442	15505000	182.445334	100.0000
58670	4.1611	25282.2658	13150200	223.881166	100.0000
48246	2.1126	43950.2261	11606000	341.421705	100.0000
39450	1.2409	200249.2428	31060400	301.959323	100.0000
56240	0.9966	103724.8708	12922000	532.659991	100.0000
43600	1.0318	91073.6351	11746000	551.744340	100.0000
36666	0.6769	286411.9203	24234000	487.786549	100.0000
37924	0.3648	442300.1644	20168400	602.267568	100.0000
39800	0.2523	420478.8247	13262200	885.270803	100.0000
47156	0.1732	621484.0245	13454000	789.207800	100.0000
39434	0.1332	875161.4707	14571200	870.837218	100.0000
45752	1.7918	46603.9012	10438400	399.450436	100.0000
33122	1.1580	186461.1738	26989200	303.207340	100.0000
39968	0.2341	516065.0653	15101800	798.451089	100.0000
39092	0.2410	695172.4981	20941200	801.440004	100.0000
54594	0.2046	577058.3657	14760200	928.140023	100.0000
50608	16.9972	11620.9462	24690400	3.601937	100.0000
33680	16.4456	12833.4209	26381600	23.522935	100.0000
55016	5.9333	42026.8828	31169600	142.907999	100.0000
51656	9.8351	13058.4102	16053800	179.079526	100.0000
37738	6.6289	24424.4102	20238400	172.999675	100.0000
38746	5.6461	33930.4915	23947000	242.495767	100.0000
39460	2.2004	63893.2924	17574200	341.199462	100.0000
45790	1.2305	110400.9062	16980600	336.505649	100.0000
53152	0.3939	301035.7946	14821800	599.950378	100.0000
47812	0.2694	498712.8233	16794400	697.299263	100.0000
38266	0.1626	644286.2583	13095600	996.584061	100.0000
50202	4.4210	19544.7899	10801000	86.705466	100.0000
51720	9.2118	17573.5567	20235600	116.160863	100.0000
55800	11.9212	15290.4049	22785000	273.427292	100.0000
56418	2.4999	33319.6611	10411800	354.313607	100.0000
40364	2.5880	73540.2082	23790200	316.828709	100.0000
55862	1.1772	81922.8559	12055400	320.229263	100.0000
53176	1.8314	85465.0626	19565000	369.579920	100.0000
42662	0.5686	319068.7121	22678600	375.841240	100.0000
44260	0.2224	378706.8764	10526600	854.759051	100.0000
43592	0.2221	615890.4984	17099600	771.246374	100.0000
49120	0.1756	536147.6827	11765600	920.073643	100.0000
39178	0.1315	748033.6838	12293400	1047.794604	100.0000
51200	10.6553	17394.9135	23168600	276.509416	100.0000
41908	9.2871	10979.1794	12745600	303.017601	100.0000
49698	0.6577	178911.9196	14709800	349.000192	100.0000
33830	0.6908	220051.8298	19000800	531.931306	100.0000
56062	0.5051	433317.2768	27357400	400.750877	100.0000
42190	0.2669	336205.4079	11218200	768.016045	100.0000
57376	0.1385	637004.8899	11025000	1007.967208	100.0000
32834	17.3140	11181.2361	24199000	146.899529	100.0000
39706	71.7155	1453.0301	13025600	206.217699	100.0000
56166	64.6958	2991.3054	24190600	214.411987	100.0000
53174	51.7686	2893.4308	18723600	297.627852	100.0000
60446	85.6693	1611.9654	17262000	368.128754	100.0000
39312	13.6135	12703.5542	21617400	388.101666	100.0000
38706	40.4182	3899.6712	19702200	477.960591	100.0000
43366	59.0674	3874.3792	28606200	568.396635	100.0000
53484	47.6704	1953.8151	11642400	632.186793	100.0000
57914	51.5429	2228.3561	14357000	634.308806	100.0000
42484	18.3943	6894.9960	15853600	635.058601	100.0000
45178	9.4523	13764.9175	16263800	628.718980	100.0000
48564	68.4660	1530.6625	13099800	689.274859	100.0000
52692	46.3524	5361.2225	31063200	850.102236	100.0000
55302	49.7743	2064.7423	12846400	868.919733	100.0000
41426	13.8958	5779.0022	10038000	871.226409	100.0000
45636	15.4132	9884.6011	19044200	920.103616	100.0000
50952	70.5371	1641.3254	14471800	961.010861	100.0000
38360	23.2993	6976.9023	20319600	969.207001	100.0000
55954	54.3209	3789.0083	25727800	1026.500083	100.0000
57058	11.7483	16486.8467	24211600	1081.913385	100.0000
57972	9.3342	13712.3897	15999200	1097.416958	100.0000
59816	52.7837	2628.5706	17343200	1121.411940	100.0000
41642	43.1560	2555.0088	13783000	1176.148520	100.0000
56822	91.9554	1124.1977	12922000	1186.030009	100.0000
39570	36.7766	3262.5529	14998200	1338.685621	100.0000
51598	55.8165	2417.7218	16868600	1451.082736	100.0000
35554	68.7220	1262.2457	10843000	1664.677222	100.0000
37710	5.6456	19909.7705	14050400	1701.673793	100.0000
36078	65.3122	1628.7554	13297200	62.683731	100.0000
40116	46.1132	3859.3698	22246000	71.202515	100.0000
34068	84.1319	1588.3057	16703400	172.780718	100.0000
56468	66.2985	2055.5753	17035200	191.563802	100.0000
39212	10.1320	19446.2876	24628800	179.170965	100.0000
53354	72.4287	2710.1288	24536400	359.812700	100.0000
52484	59.6644	2268.7437	16920400	407.294946	100.0000
50246	17.4615	8966.3015	19570600	508.940004	100.0000
50104	6.2837	23801.8404	18695600	540.817098	100.0000
53798	60.8465	3684.7111	28025200	616.331060	100.0000
36118	70.4784	1502.5320	13237000	622.190743	100.0000
41548	11.8038	18581.2860	27416200	687.357591	100.0000
51948	12.5574	17672.1985	27739600	862.123523	100.0000
37296	15.3821	10584.6737	20351800	1071.495576	100.0000
56194	35.2756	5430.5173	23945600	1223.420214	100.0000
54686	1.5953	51883.0104	10346000	1412.245463	100.0000
46844	35.7422	6111.6842	27305600	1527.031157	100.0000
45796	13.0764	6687.6044	10931200	1527.515719	100.0000
50710	15.3690	11903.2474	22867600	1528.834006	100.0000
57176	30.7761	4238.1928	16304400	59.605811	100.0000
54648	22.9150	4317.2351	12366200	86.329845	100.0000
37968	38.8660	2183.4605	10607800	136.568427	100.0000
57036	19.2141	12116.2527	29100400	151.095370	100.0000
47704	78.8926	1210.9633	11942000	242.816993	100.0000
59342	19.6231	5125.9497	12573400	248.316390	100.0000
39404	68.3722	1834.1727	15675800	426.790314	100.0000
42582	44.4085	2071.6038	11499600	513.934038	100.0000
39324	8.8127	13542.5944	14918400	658.943716	100.0000
37974	57.7530	1968.7709	14212800	693.076166	100.0000
34118	15.1450	6351.7006	12024600	757.107762	100.0000
46970	62.9312	3084.4360	24263400	921.800126	100.0000
53466	14.5529	17924.1154	32606000	1005.032137	100.0000
38276	9.2062	11226.4702	12919200	1067.606432	100.0000
49622	32.3355	7841.0927	31693200	1257.501750	100.0000
36194	66.3871	1651.6450	13706000	1275.784748	100.0000
45860	59.1119	4026.2619	29750000	1304.354968	100.0000
57524	34.5959	3732.3706	16140600	1432.242503	100.0000
39854	72.8684	1961.6950	17868200	1492.511993	100.0000
58136	15.7488	9140.5794	17994200	1626.708061	100.0000
47936	66.7865	1531.5911	12786200	1645.766688	100.0000
57668	39.9218	3482.7302	17379600	1654.097324	100.0000
43170	21.2325	9057.5753	24039400	66.050153	100.0000
59658	56.7957	2041.7877	14495600	249.103451	100.0000
39344	69.9855	2208.7788	19322800	264.170209	100.0000
54412	8.5174	11283.6517	12013400	334.487239	100.0000
38330	13.1645	8274.6270	13616400	340.702081	100.0000
43222	79.9270	1399.5980	13983200	385.007862	100.0000
49748	41.7986	4815.6203	25160800	420.656358	100.0000
57708	12.7119	6670.5319	10599400	471.770481	100.0000
34818	13.2907	18004.2350	29911000	541.631316	100.0000
49312	13.3741	17317.4152	28950600	619.846623	100.0000
45554	18.0790	9267.7577	20944000	732.659632	100.0000
48202	40.5551	2706.1655	13718600	759.057558	100.0000
55034	13.3422	6306.7264	10518200	793.163235	100.0000
55088	9.7153	20063.6259	24365600	921.899805	100.0000
52454	78.9899	2665.6563	26320000	998.752100	100.0000
58522	24.8539	6903.2600	21446600	1072.426749	100.0000
55024	3.5351	25304.3404	11181800	1060.845444	100.0000
60224	12.7558	7100.6193	11321800	1127.977468	100.0000
42950	46.7388	2952.4772	17249400	1299.921655	100.0000
59282	32.4656	6061.6620	24599400	1437.857187	100.0000
40926	17.7491	7933.1671	17600800	1630.810426	100.0000
50840	48.8374	3331.2822	20336400	1688.273488	100.0000
52228	65.6939	2064.9465	16956800	154.841471	100.0000
33532	9.4424	10473.6278	12362000	185.880715	100.0000
35294	9.2647	15270.7024	17684800	229.279614	100.0000
41462	63.5077	1516.3142	12037200	359.380955	100.0000
58852	13.0554	6692.3217	10921400	487.812601	100.0000
35924	7.8200	16685.3331	16310000	513.216655	100.0000
46172	18.6159	4511.0677	10497200	530.493092	100.0000
58522	13.7261	5989.9693	10277400	676.177249	100.0000
46864	67.8447	1305.1463	11068400	688.107498	100.0000
34190	8.7867	18760.2774	20605200	762.407580	100.0000
42500	23.4945	7165.3960	21043400	830.790979	100.0000
46774	9.7284	10549.0802	12828200	881.248411	100.0000
53634	12.7879	9546.5242	15260000	926.880820	100.0000
38242	9.1940	13234.3016	15209600	1044.178685	100.0000
48556	35.3829	5951.8449	26324200	1068.697149	100.0000
45240	5.6460	18988.0936	13400800	1093.638985	100.0000
41860	10.5841	9635.8993	12748400	1139.772864	100.0000
51232	33.3905	4158.2609	17355800	1207.309330	100.0000
53466	22.3167	10741.4448	29964200	1321.026580	100.0000
39562	14.2185	6419.0394	11408600	1330.446485	100.0000
46708	22.7514	9295.6846	26436200	1534.736958	100.0000
42974	30.4098	3583.9447	13623400	1540.461743	100.0000
56116	5.6303	32418.4164	22815800	1523.326140	100.0000
51544	74.0471	2857.5111	26448800	1586.102845	100.0000
55254	7.8208	31147.5961	30450000	1633.703888	100.0000
36448	9.8202	17932.0983	22012200	1703.429967	100.0000
57158	10.5850	19242.6581	25460400	1743.048539	100.0000
51056	60.8061	1901.4131	14452200	1773.312214	100.0000
57442	23.7032	10176.4532	30151800	16.391451	100.0000
45240	83.4541	1377.0820	14365400	145.491289	100.0000
34852	21.9725	9477.8972	26031600	197.353440	100.0000
41162	37.6649	6490.1636	30556400	229.481788	100.0000
37340	21.9486	8381.4040	22995000	229.864036	100.0000
58940	11.1043	12529.0439	17390800	341.595602	100.0000
45366	59.8045	2277.8504	17028200	430.963259	100.0000
59184	63.9383	1702.6412	13608000	469.859262	100.0000
41436	33.4101	7666.6695	32018000	505.542397	100.0000
56746	38.7214	5881.2349	28466200	524.042403	100.0000
48108	76.2267	2372.3350	22604400	560.607994	100.0000
50628	18.3319	5846.8712	13398000	563.343677	100.0000
45380	18.9977	5879.5428	13962200	854.332358	100.0000
33496	6.8260	11852.9845	10113600	921.045390	100.0000
50274	89.6038	929.2104	10407600	996.535517	100.0000
54124	49.4868	1807.6409	11181800	1094.811894	100.0000
55204	36.3813	2949.5154	13413400	1235.396270	100.0000
43752	41.7416	5932.7662	30955400	1317.556732	100.0000
34368	6.8322	23118.9988	19744200	1334.768449	100.0000
57198	47.2977	1728.6263	10220000	1387.492726	100.0000
44806	56.4796	2227.3258	15724800	1430.405201	100.0000
40602	45.7014	3290.2992	18796400	1470.851216	100.0000
50218	43.8759	5018.0027	27521200	1472.226776	100.0000
49998	20.0106	4206.1744	10521000	1624.426222	100.0000
55052	30.7847	6688.4032	25737600	1776.176789	100.0000
55988	11.9753	9265.6366	13869800	13.270296	100.0000
42044	58.1730	3345.9644	24330600	57.568547	100.0000
41886	25.1524	3283.5321	10323600	267.367432	100.0000
53026	67.2462	3805.5517	31988600	369.861630	100.0000
56414	35.7027	4719.0105	21060200	373.226136	100.0000
60216	48.5481	2150.8083	13052200	472.378039	100.0000
47726	59.0905	2641.8042	19513200	519.969893	100.0000
49482	22.3347	8895.9367	24836000	536.998029	100.0000
59696	38.6462	3808.3773	18397400	551.294724	100.0000
54740	61.5868	2888.9839	22240400	589.067529	100.0000
34588	49.9806	3142.1453	19630800	593.679196	100.0000
54522	71.1246	1286.3740	11436600	637.114597	100.0000
59236	20.1156	8324.9835	20932800	669.616276	100.0000
47370	57.0016	3540.6755	25228000	719.962360	100.0000
59442	48.3766	2617.9912	15831200	738.011722	100.0000
36250	57.6390	2209.5332	15919400	908.439483	100.0000
51328	19.3529	5040.6870	12194000	1009.260583	100.0000
47290	7.5973	14689.0898	13949600	1102.398627	100.0000
51988	14.9103	8656.3422	16133600	1119.165884	100.0000
51380	40.7270	2276.4678	11589200	1127.144841	100.0000
56620	12.0943	7964.0959	12040000	1142.574802	100.0000
54086	35.1912	6559.6783	28855400	1177.344191	100.0000
51302	7.0740	27296.9870	24137400	1231.868488	100.0000
57654	28.5043	3731.1942	13294400	1259.816826	100.0000
51204	37.4224	5126.4745	23980600	1327.938295	100.0000
60996	37.1876	3707.7739	17235400	1454.514707	100.0000
57814	28.9925	3742.9258	13564600	1560.033139	100.0000
36610	55.3812	1531.5241	10602200	1574.815614	100.0000
40346	39.0886	3075.3145	15026200	1582.601791	100.0000
39400	18.8263	7767.1695	18278400	1618.170738	100.0000
54682	15.2378	5819.8413	11085200	1634.406406	100.0000
46070	6.1102	15554.7780	11880400	1730.502458	100.0000
56862	20.4957	6322.5085	16198000	78.793573	100.0000
48086	63.0995	2585.7823	20395200	189.145765	100.0000
36774	11.1332	9250.1810	12873000	227.408183	100.0000
46520	41.8981	5746.7450	30097200	234.967667	100.0000
42352	72.7407	2874.6483	26138000	411.173679	100.0000
44636	28.6742	3841.1056	13767600	421.402880	100.0000
35342	58.6636	2692.5328	19744200	527.354815	100.0000
46568	68.2665	2273.0914	19397000	575.114287	100.0000
57240	56.4538	3630.1828	25617200	830.067767	100.0000
45170	25.6198	3660.8007	11723600	851.247849	100.0000
52774	11.7078	10917.9723	15978200	964.826080	100.0000
56086	6.7001	15353.8188	12859000	966.982892	100.0000
51548	53.2767	3081.6651	20522600	1099.459196	100.0000
46842	71.9294	1305.1471	11734800	1167.760962	100.0000
46780	57.2337	1417.1788	10138800	1209.894549	100.0000
55394	51.5066	1653.4726	10645600	1242.994959	100.0000
35498	35.5105	6926.4864	30745400	1339.042909	100.0000
48260	40.6575	5967.2785	30326800	1428.008401	100.0000
36376	42.2664	2802.2287	14805000	1513.200557	100.0000
43288	17.4490	6590.0843	14373800	1533.648322	100.0000
38892	51.5943	1801.5312	11618600	1559.583479	100.0000
49462	4.2733	41064.3394	21935200	1528.546959	100.0000
51788	34.6487	3976.8757	17224200	1757.264906	100.0000
40724	49.4661	1798.8871	11123000	1773.963753	100.0000
46122	23.4592	5763.4821	16900800	97.440453	100.0000
49020	59.9360	1995.1682	14947800	110.673401	100.0000
48582	66.3729	3649.4163	30277800	126.705400	100.0000
44594	23.5675	7767.1792	22881600	192.602354	100.0000
52498	79.4880	1656.3011	16457000	287.191754	100.0000
36074	76.8007	1587.3808	15239000	296.702000	100.0000
51396	77.5106	2829.8159	27417600	493.219785	100.0000
39342	12.2031	17055.5099	26016200	475.507628	100.0000
43598	9.9995	17801.0913	22250200	517.904705	100.0000
35092	39.8118	3232.4067	16086000	541.685506	100.0000
60772	18.2698	5258.5953	12009200	545.572442	100.0000
37366	72.7800	2215.6870	20157200	653.647974	100.0000
54862	69.4427	1692.8373	14694400	780.442874	100.0000
53148	5.9524	29048.2505	21613200	818.742521	100.0000
58986	35.8641	3036.7047	13613600	854.661063	100.0000
56550	51.2615	2583.3948	16553600	1007.296269	100.0000
35812	46.4606	5374.0496	31210200	1279.217929	100.0000
39546	10.5347	13774.1998	18138400	1375.719853	100.0000
36018	11.0080	13247.1329	18228000	1408.126096	100.0000
55154	31.4970	2671.1882	10516800	1481.344369	100.0000
49026	13.0831	18909.7119	30924600	1558.748844	100.0000
59736	11.0043	14916.6021	20518400	1581.724087	100.0000
37594	44.3817	4013.2187	22264200	1775.880968	100.0000
60956	40.3958	3382.5303	17080000	1789.897525	100.0000
35748	65.2587	2931.5189	23913400	86.182821	100.0000
41450	35.8078	3516.2813	15738800	216.160299	100.0000
52154	48.4310	4070.3504	24641400	496.899177	100.0000
36182	22.8452	3728.8822	10648400	507.299597	100.0000
39704	10.5618	11633.8811	15359400	509.646982	100.0000
43044	11.1016	12697.5187	17620400	516.283293	100.0000
41288	14.4463	8626.6185	15577800	569.879305	100.0000
48346	25.2790	3618.8816	11435200	762.539665	100.0000
46722	17.8891	14272.0903	31914400	753.012088	100.0000
44108	69.8015	3647.1419	31822000	817.855973	100.0000
45710	29.8687	7498.7369	27997200	869.891756	100.0000
45512	47.6622	3423.5243	20396600	902.503006	100.0000
44780	61.6873	1665.8201	12845000	930.910289	100.0000
56092	13.1994	6520.0324	10757600	1313.114458	100.0000
35202	8.1155	18056.9696	18317600	1315.901231	100.0000
42202	11.9540	11298.4119	16882600	1354.450902	100.0000
58434	40.2242	4819.7853	24234000	1384.914737	100.0000
60610	48.9545	3757.5496	22993600	1579.163853	100.0000
43028	7.6422	21335.2876	20381200	1608.776648	100.0000
46382	40.7505	2129.2104	10845800	1699.375982	100.0000
54378	39.5722	3770.2013	18649400	27.771948	100.0000
54326	62.4142	1416.9084	11054400	161.437278	100.0000
34700	12.7482	8905.0350	14190400	227.042775	100.0000
39946	7.7289	25795.6182	24921400	214.890205	100.0000
48768	18.1928	4450.9926	10122000	253.190810	100.0000
33666	21.8128	4120.5211	11235000	332.520392	100.0000
32928	44.6534	4961.9927	27696200	348.680682	100.0000
36276	51.4180	1556.7773	10005800	441.962311	100.0000
52938	11.5157	17259.4415	24844400	477.314583	100.0000
57568	10.9906	7890.5363	10840200	673.311060	100.0000
33794	6.0523	17635.5826	13342000	868.023846	100.0000
38884	21.2595	8952.3200	23790200	963.430780	100.0000
55274	10.9072	19639.3859	26776400	1019.316859	100.0000
53812	79.1807	1952.5573	19325600	1060.977504	100.0000
50446	31.8661	6647.0128	26476800	1089.496034	100.0000
50694	51.1977	3120.1693	19968200	1166.805665	100.0000
34062	46.7319	2942.1285	17186400	1306.702887	100.0000
43772	57.9503	4097.3006	29680000	1326.438418	100.0000
56878	34.8403	5850.0448	25477200	1535.639532	100.0000
45928	37.9837	3874.2139	18394600	1571.025209	100.0000
50068	37.8928	2584.4703	12241600	1598.801604	100.0000
46658	9.7194	23564.1748	28628600	1639.014920	100.0000
38720	10.9703	8562.5873	11741800	1705.575906	100.0000
42416	63.1587	1500.5759	11846800	71.056586	100.0000
59986	54.3741	2080.4024	14140000	185.054129	100.0000
48672	46.8691	2066.7965	12108600	204.765339	100.0000
49290	50.5227	2773.4724	17515400	250.395451	100.0000
52306	69.7958	2453.8798	21408800	299.337635	100.0000
39264	46.1156	3819.0958	22015000	331.718299	100.0000
39718	9.7336	17586.5957	21397600	318.668779	100.0000
60326	90.3147	1224.3590	13822200	380.989997	100.0000
50314	73.9389	1924.3575	17785600	512.062014	100.0000
50586	38.9998	6380.8756	31106600	532.578494	100.0000
36306	41.1880	2373.3488	12219200	547.125994	100.0000
33950	14.2862	6399.5848	11428200	561.804658	100.0000
34608	44.0285	5441.7155	29948800	676.910034	100.0000
53736	8.2834	12222.9808	12656000	771.762135	100.0000
56946	60.0730	1354.2989	10169600	917.290892	100.0000
38478	12.2071	14050.5397	21439600	963.619252	100.0000
40990	65.4749	2595.4606	21242200	1001.684626	100.0000
35892	15.0589	10264.4610	19321400	1152.290571	100.0000
37598	8.5765	27694.0110	29689800	1229.894290	100.0000
51386	51.9621	4936.9814	32067000	1308.227648	100.0000
51092	20.1733	7240.7732	18258800	1318.776429	100.0000
38514	14.8077	7255.7951	13430200	1321.436423	100.0000
33218	41.2833	2931.6274	15128400	1342.935839	100.0000
47844	35.3469	2908.4524	12850600	1505.636348	100.0000
37322	31.0582	4766.5828	18505200	1553.511687	100.0000
47134	56.8777	3725.4111	26486600	1594.099652	100.0000
45102	43.2313	2124.6468	11481400	1633.661301	100.0000
60122	15.8036	5388.9654	10645600	1653.907935	100.0000
49970	53.8222	3774.7965	25396000	101.672150	100.0000
47060	51.3129	2380.6556	15269800	365.313475	100.0000
45164	36.9472	5053.5736	23339400	373.474402	100.0000
48602	20.3951	12452.5480	31746400	448.991528	100.0000
53118	31.9652	4907.7934	19609800	478.204480	100.0000
49706	69.7845	3682.6969	32124400	600.084665	100.0000
39912	83.3721	1024.8604	10680600	657.065330	100.0000
34098	25.6708	4280.9162	13736800	695.994925	100.0000
55402	75.9233	1154.0271	10952200	771.564691	100.0000
59004	65.9263	1528.9792	12600000	878.309788	100.0000
43184	48.3823	2425.3159	14667800	940.341175	100.0000
50246	43.8792	2602.4879	14274400	941.163950	100.0000
60050	6.3670	14797.2071	11776800	959.238300	100.0000
46906	68.3340	2020.0769	17255000	1022.986616	100.0000
43962	42.4907	3989.6497	21190400	1064.199356	100.0000
46308	29.6149	3813.2681	14116200	1091.267880	100.0000
45166	40.3619	4352.4169	21959000	1124.231457	100.0000
54116	41.7149	2575.0812	13427400	1170.769628	100.0000
56692	42.6500	2426.7076	12937400	1178.046208	100.0000
50894	37.3435	6257.5035	29209600	1210.815159	100.0000
40380	37.0221	6406.1995	29646400	1227.998513	100.0000
32780	14.6740	15342.9309	28142800	1310.209123	100.0000
40636	34.7188	4983.7184	21628600	1343.205838	100.0000
58174	13.3277	15618.0471	26019000	1524.714747	100.0000
34998	34.2391	4715.6316	20182400	1790.873387	100.0000
56490	83.9024	2500.6384	26226200	9.527043	100.0000
53348	61.7175	2206.8813	17025400	55.981888	100.0000
55268	44.8316	4692.1907	26294800	95.480914	100.0000
57712	62.9941	1699.3578	13381200	115.651635	100.0000
56562	56.2815	1779.8534	12521600	390.649727	100.0000
43304	24.1984	3792.5095	11471600	390.053729	100.0000
35986	12.5060	9320.2212	14569800	390.430450	100.0000
49850	68.8763	3108.6243	26763800	468.464428	100.0000
58232	40.9632	2782.2847	14246400	488.164882	100.0000
55982	47.9736	4254.8389	25515000	708.968105	100.0000
47752	15.5339	10286.5654	19973800	720.330844	100.0000
42694	11.1710	12567.4893	17549000	733.793650	100.0000
52760	14.7257	5900.5400	10861200	743.173092	100.0000
60284	31.3815	7360.3173	28872200	898.989998	100.0000
39662	68.9226	1809.7750	15591800	948.922071	100.0000
45270	82.6565	1129.9387	11674600	989.418781	100.0000
58566	34.9471	6384.3716	27889400	1044.429112	100.0000
56080	36.7327	2615.4789	12009200	1065.051628	100.0000
56908	30.1518	3578.9564	13489000	1177.471031	100.0000
44206	26.3365	4949.6688	16294600	1213.161853	100.0000
44222	65.3629	2309.2987	18867800	1239.297075	100.0000
60756	53.2623	3526.1891	23476600	1482.754821	100.0000
59106	11.3238	9674.0993	13693400	1478.903528	100.0000
56366	7.4811	13951.5725	13046600	1526.190835	100.0000
40884	34.5601	3812.3966	16469600	1539.092602	100.0000
50092	3.9408	28778.3646	14176400	1536.571876	100.0000
60006	56.2807	1856.8915	13063400	1579.603151	100.0000
35994	31.5158	5823.9259	22943200	27.282107	100.0000
40264	81.9583	1285.6490	13171200	178.494608	100.0000
51156	68.8586	2044.5372	17598000	187.628913	100.0000
49804	76.5154	1624.7717	15540000	245.906381	100.0000
34504	10.7872	10177.0655	13722800	245.913824	100.0000
50170	22.5099	3692.3820	10389400	293.652558	100.0000
44110	61.9154	3445.2701	26664400	323.122770	100.0000
33510	84.3725	2284.8014	24096800	381.885769	100.0000
38510	34.0289	7484.1365	31834600	389.423985	100.0000
47696	62.5658	1713.4971	13400800	402.677649	100.0000
41958	84.4521	2144.7230	22640800	409.024894	100.0000
51996	42.7873	2311.3411	12362000	440.666011	100.0000
58596	48.5955	2112.2934	12831000	486.168310	100.0000
53872	47.8342	4910.4274	29360800	498.990654	100.0000
49770	60.9839	2368.7841	18057200	592.809152	100.0000
42142	65.8464	2065.2672	16998800	647.946848	100.0000
50336	56.5188	2825.0289	19958400	696.309939	100.0000
51740	38.7490	2456.5498	11898600	729.230079	100.0000
55186	17.4331	5476.9489	11935000	855.645576	100.0000
43258	27.0927	3580.0087	12124000	886.023919	100.0000
40326	62.5792	3778.6583	29558200	972.791170	100.0000
39874	40.8066	5133.8810	26187000	1043.987074	100.0000
43526	18.4255	4349.7920	10018400	1062.414575	100.0000
47512	59.5947	2795.7365	20826400	1083.488383	100.0000
37566	68.3923	2035.0595	17397800	1152.268145	100.0000
44226	58.7075	2163.4048	15876000	1170.630459	100.0000
45190	33.4800	3378.7350	14140000	1180.602953	100.0000
48308	11.5976	7935.2856	11503800	1306.660499	100.0000
57556	36.5728	4314.5957	19724600	1357.434836	100.0000
35524	39.4002	2501.2234	12318600	1386.577475	100.0000
33558	40.0846	4561.3523	22855000	1553.976118	100.0000
45236	55.8703	2524.2460	17628800	1597.135511	100.0000
33374	38.7613	3396.8752	16458400	1598.174928	100.0000
50886	45.5295	2730.0466	15537200	1638.148183	100.0000
41310	56.2615	1939.5442	13640200	21.044340	100.0000
41294	13.2447	8263.3829	13680800	189.698170	100.0000
54848	60.0936	1946.3248	14620200	527.838929	100.0000
53368	42.4219	2764.2331	14658000	550.325633	100.0000
33540	14.5616	5687.8520	10353000	730.370969	100.0000
52988	5.6441	16666.8421	11758600	759.032687	100.0000
37596	43.7220	3000.1924	16396800	799.959637	100.0000
54102	8.1869	14174.2435	14505400	878.877906	100.0000
42752	67.4546	3568.3121	30087400	985.392403	100.0000
49980	67.3808	1351.0325	11379200	1010.828535	100.0000
41012	64.4876	2720.1245	21926800	1282.849058	100.0000
34922	31.6671	4301.8054	17028200	1316.539529	100.0000
58538	7.3381	29586.9715	27139000	1326.287446	100.0000
48950	60.9735	1334.4823	10171000	1573.168965	100.0000
36272	56.9883	1663.2467	11848200	1591.423650	100.0000
43406	10.3630	20877.1031	27043800	1667.065684	100.0000
53862	67.5469	1727.9132	14589400	93.185170	100.0000
45848	13.8284	6170.0368	10665200	95.687226	100.0000
34102	22.0332	8309.5875	22885800	162.342183	100.0000
55950	43.9733	4489.0897	24675000	200.168492	100.0000
34172	12.4875	7005.6606	10935400	220.645096	100.0000
34880	43.0495	5011.3136	26966800	392.674898	100.0000
59994	17.0724	5395.2008	11513600	436.999943	100.0000
53008	40.6781	5031.1529	25582200	475.256794	100.0000
49370	79.6245	1036.1030	10312400	484.433231	100.0000
40400	5.9445	20877.7376	15513400	540.226163	100.0000
55368	61.9171	2268.3225	17556000	573.889614	100.0000
49490	65.4215	2354.3074	19252800	579.971230	100.0000
43638	60.2880	2943.6034	22183000	650.510450	100.0000
33798	69.7335	1370.3379	11944800	658.316942	100.0000
55282	69.6326	1764.9434	15362200	662.401733	100.0000
46928	34.7947	3319.6282	14438200	765.026934	100.0000
36132	62.9736	3293.4712	25925200	834.914613	100.0000
35506	42.3410	4515.3377	23898000	965.203130	100.0000
42594	22.4577	3991.2120	11204200	971.564671	100.0000
43192	42.3874	2767.8064	14665000	1089.619205	100.0000
38970	8.6115	28979.6797	31194800	1089.972724	100.0000
34974	44.2649	2081.3579	11516400	1217.995620	100.0000
38434	64.1447	3640.8698	29192800	1248.324407	100.0000
50668	52.1877	3077.7243	20077400	1349.765101	100.0000
44376	16.1706	8107.0475	16387000	1446.665091	100.0000
41692	4.5394	21272.8581	12070800	1562.788582	100.0000
35720	26.8507	3883.8165	13035400	1626.689686	100.0000
51428	48.2803	2828.7457	17071600	1640.551348	100.0000
42322	63.3094	3625.5720	28691600	1794.130997	100.0000
37800	45.0207	1927.7549	10848600	17.490786	100.0000
34624	13.4933	15771.6763	26601400	87.503519	100.0000
50726	31.6974	2715.0704	10757600	204.911054	100.0000
59390	54.6614	3812.9399	26052600	262.338293	100.0000
38364	72.3614	2616.9972	23671200	327.895032	100.0000
56284	24.4315	5222.8380	15950200	390.396284	100.0000
55778	31.7705	7271.9576	28879200	520.261961	100.0000
53308	53.1303	1720.5710	11426800	548.778571	100.0000
48276	8.5533	12066.4180	12901000	633.326284	100.0000
36574	35.1071	7089.0341	31109400	678.005647	100.0000
46630	30.2422	3616.7719	13672400	801.946834	100.0000
46872	38.3994	2094.1995	10052000	825.947247	100.0000
42512	5.4220	23647.6455	16027200	909.363538	100.0000
34380	67.6004	3661.5171	30940000	1030.751873	100.0000
46024	11.4599	18431.2899	26402600	1092.020429	100.0000
47938	64.0152	1403.1676	11228000	1376.843650	100.0000
55044	43.6247	2757.5960	15037400	1446.240289	100.0000
35032	61.7928	1842.9597	14235200	1465.423341	100.0000
47550	77.9026	1486.4300	14474600	1477.547534	100.0000
33278	46.9909	2257.8317	13262200	1509.070872	100.0000
46710	74.4914	1187.4875	11057200	1523.967457	100.0000
45360	46.2008	2971.5851	17161200	1543.649676	100.0000
42776	19.9576	7643.9720	19069400	1624.864364	100.0000
41312	45.2981	4022.0337	22773800	73.747402	100.0000
57064	66.0086	2506.4369	20680800	362.984437	100.0000
37980	10.1691	8067.6168	10255000	477.196545	100.0000
50632	9.6025	13332.6659	16003400	480.369162	100.0000
55474	56.2148	2159.9157	15177400	542.520893	100.0000
39688	9.2048	15965.0646	18369400	542.565908	100.0000
48142	54.9997	2127.4010	14625800	625.400970	100.0000
41270	80.1028	1235.5918	12371800	665.000260	100.0000
34952	27.8807	8322.6540	29005200	692.227469	100.0000
55022	14.2554	6230.3223	11102000	702.883741	100.0000
33026	35.8063	3511.4261	15716400	803.233795	100.0000
44138	14.9775	10167.6505	19035800	953.697752	100.0000
58162	23.0216	5003.6545	14399000	1045.656863	100.0000
44832	40.2799	2520.5598	12691000	1082.056511	100.0000
50324	59.7116	1931.2019	14414400	1402.042531	100.0000
37114	8.4472	20056.6509	21177800	1412.771795	100.0000
46640	35.9724	2852.5887	12826800	1486.851467	100.0000
39566	7.1318	20213.0884	18019400	1534.396017	100.0000
45394	5.4329	43155.7653	29307600	1545.439548	100.0000
56690	40.4609	2277.3184	11517800	1602.751902	100.0000
36514	5.6231	28058.0350	19721800	1578.627527	100.0000
47010	44.5653	3971.0495	22121400	1616.160866	100.0000
46650	61.1130	3119.0238	23826600	1670.366424	100.0000
42552	50.5857	4320.0840	27316800	1709.453342	100.0000
59312	4.1427	35238.0615	18247600	1694.503991	100.0000
33462	12.6680	11384.7910	18027800	1744.660483	100.0000
57264	68.5598	2176.7862	18655000	91.598471	100.0000
55052	86.0214	1534.9302	16504600	177.580596	100.0000
51042	61.7396	1380.1460	10651200	282.647672	100.0000
41404	22.6580	4268.3308	12089000	305.866461	100.0000
34388	66.0005	3014.4727	24869600	631.333650	100.0000
52176	78.5289	1692.6459	16615200	769.025861	100.0000
53970	48.4019	4115.3785	24899000	873.565507	100.0000
50656	57.7275	1777.7584	12828200	963.197103	100.0000
44692	32.5464	6599.2667	26847800	1041.725048	100.0000
52340	40.6824	2515.7199	12793200	1177.293381	100.0000
37892	41.5984	3871.6912	20132000	1235.964511	100.0000
46746	52.3618	2139.6070	14004200	1245.188186	100.0000
47466	55.6801	1904.4777	13255200	1258.993163	100.0000
52150	43.1203	1953.4947	10529400	1306.048322	100.0000
40528	6.6799	23446.7427	19577600	1369.516554	100.0000
52044	47.4083	3875.6082	22967000	1481.413727	100.0000
54602	12.6927	10309.9127	16357600	1496.033635	100.0000
49196	34.4247	3363.1197	14471800	1543.036840	100.0000
38350	47.0107	2619.4873	15393000	1668.361021	100.0000
42140	9.7970	8348.8670	10224200	1702.699295	100.0000
50744	35.0506	4925.0395	21578200	1719.796801	100.0000
49180	30.6994	3134.5981	12028800	3.525516	100.0000
57944	74.8906	3360.1233	31455200	245.504795	100.0000
56860	19.4069	5916.0130	14351400	262.859998	100.0000
33604	43.8981	3944.6623	21645400	323.343366	100.0000
38030	5.7542	15244.2032	10964800	392.061787	100.0000
59838	82.1418	2764.6255	28386400	531.665673	100.0000
49000	66.2761	2726.3180	22586200	653.680461	100.0000
60252	20.2831	5309.2364	13461000	682.995701	100.0000
42280	28.0657	2911.1666	10213000	688.776079	100.0000
42772	48.4276	3946.2089	23888200	726.836140	100.0000
40018	58.2970	3711.1724	27043800	1040.706407	100.0000
38348	61.8591	2138.6398	16536800	1197.740281	100.0000
41212	30.6892	2849.8878	10932600	1268.132038	100.0000
48782	37.2486	3803.0285	17707200	1433.166100	100.0000
43574	31.1103	6832.9867	26572000	1490.742065	100.0000
45764	32.2123	6745.9489	27162800	1512.668490	100.0000
43838	45.2140	3092.1778	17476200	1576.508312	100.0000
51104	65.1379	3607.7081	29374800	1658.411419	100.0000
36124	37.8105	6410.0729	30296000	1693.439611	100.0000
51310	53.2495	4650.6182	30955400	1697.352834	100.0000
58232	6.2004	36039.7898	27932800	1681.370511	100.0000
58792	70.0779	1246.2938	10917200	30.940849	100.0000
54390	68.6270	2203.0517	18898600	66.567667	100.0000
52468	36.3355	2724.2116	12373200	239.320632	100.0000
49570	15.6596	12745.8892	24949400	414.113304	100.0000
57768	51.0257	4744.4298	30261000	433.729349	100.0000
47418	67.9991	1507.7372	12815600	447.868384	100.0000
37254	15.2123	13770.7384	26185600	564.393236	100.0000
48168	53.8851	3578.3375	24102400	623.470573	100.0000
47678	8.5537	15163.9461	16213400	679.557760	100.0000
33554	12.2352	11066.1526	16924600	760.229230	100.0000
58152	7.9152	27302.2360	27013000	761.729707	100.0000
60992	62.9313	2391.9409	18816000	811.693511	100.0000
50552	74.0349	1341.8545	12418000	819.523951	100.0000
38900	39.7945	2238.0580	11132800	940.870107	100.0000
59410	16.5053	12719.1059	26241600	985.804793	100.0000
54842	14.0789	9246.3223	16272200	1096.861595	100.0000
33666	51.1202	1853.7339	11845400	1107.088487	100.0000
59358	70.4746	1321.9183	11645200	1112.427938	100.0000
35468	36.8502	2798.6162	12891200	1227.338820	100.0000
38910	4.5894	48134.3475	27613600	1252.702357	100.0000
57456	6.1022	13572.8886	10353000	1391.783161	100.0000
36562	67.2966	2987.8711	25134200	1457.818144	100.0000
40618	42.0569	3139.4781	16504600	1615.544513	100.0000
36908	40.9756	2007.6325	10283000	1686.802071	100.0000
41968	8.0220	11905.1046	11937800	134.742977	100.0000
54042	39.8887	2365.0203	11792200	166.943201	100.0000
50500	37.8770	3233.7064	15310400	396.496498	100.0000
59780	40.1032	3310.8615	16597000	430.958190	100.0000
46572	13.0210	9381.6429	15269800	429.211213	100.0000
37912	18.3305	11492.3450	26332600	489.991575	100.0000
43964	35.3151	2443.2800	10785600	527.106510	100.0000
43794	54.7886	1683.2119	11527600	612.391419	100.0000
38878	33.7468	2798.1099	11803400	763.683374	100.0000
39688	38.7344	3734.3525	18081000	856.406463	100.0000
46150	39.9668	5852.0972	29236200	885.458895	100.0000
53156	44.8779	2308.4840	12950000	978.221557	100.0000
53306	8.9907	15854.4283	17817800	1288.083551	100.0000
34980	4.1693	29186.7657	15211000	1386.617983	100.0000
37132	10.7264	8335.4923	11176200	1526.659670	100.0000
39424	37.4036	4060.3560	18984000	1624.856832	100.0000
51376	66.7803	1426.2402	11905600	1750.625188	100.0000
48046	24.4193	3418.7996	10435600	1781.818544	100.0000
46768	20.6307	4615.0212	11901400	134.612327	100.0000
39148	42.2898	5391.5930	28501200	164.551834	100.0000
56740	56.4930	1669.6997	11790800	363.629403	100.0000
57008	44.5773	3120.7637	17389400	568.886525	100.0000
52670	66.9473	2573.1762	21533400	578.151117	100.0000
48162	61.8782	2378.7134	18398800	586.579961	100.0000
50778	66.9989	1801.8911	15090600	740.528786	100.0000
52348	41.7393	4590.3609	23949800	813.928228	100.0000
48866	10.8726	19938.9421	27098400	818.063635	100.0000
36370	53.4855	2017.8048	13490400	870.534472	100.0000
54662	57.8122	2626.9905	18984000	925.368296	100.0000
56576	31.4085	2981.1048	11704000	1019.278524	100.0000
50254	4.6276	22568.8958	13055000	1064.522389	100.0000
38638	52.3205	4553.8068	29782200	1297.020147	100.0000
58138	15.3293	6138.7307	11762800	1473.695172	100.0000
45028	53.4669	2556.8556	17088400	1480.721526	100.0000
55498	17.1087	4680.6661	10010000	1480.960801	100.0000
44098	33.2772	4951.9024	20598200	1491.618730	100.0000
58566	7.3075	14436.3344	13186600	1476.285315	100.0000
53112	23.3036	7819.0746	22776600	1531.646443	100.0000
36262	23.2174	9191.5939	26675600	1630.072658	100.0000
57440	19.6003	5536.4847	13564600	17.069101	100.0000
39770	57.6598	2210.4830	15932000	48.676801	100.0000
40286	32.7146	3659.4275	14964600	74.268560	100.0000
51274	52.9951	4015.6803	26601400	135.141387	100.0000
60816	36.5018	3193.8393	14572600	164.929816	100.0000
35584	87.6119	1464.6232	16039800	170.930725	100.0000
39040	21.9530	4877.8488	13385400	244.345706	100.0000
51014	24.0701	8177.3191	24603600	303.724044	100.0000
40518	69.5133	1194.2235	10376800	439.585880	100.0000
38274	80.4031	1365.8185	13727000	484.836191	100.0000
48876	18.7294	8209.2176	19219200	518.733327	100.0000
45322	68.2810	1878.9404	16037000	772.200909	100.0000
43112	25.1955	5121.8070	16130800	794.505688	100.0000
49548	7.9134	11926.8893	11797800	796.934823	100.0000
53496	30.3362	3975.5013	15075200	870.075606	100.0000
33916	69.2841	2549.4340	22079400	933.076283	100.0000
50996	11.8352	9769.9076	14453600	994.421484	100.0000
56118	37.9523	2346.9889	11134200	1065.046219	100.0000
55262	66.8441	3818.8903	31908800	1135.384520	100.0000
33728	8.2455	16521.2310	17028200	1171.482204	100.0000
46076	39.7611	2562.7474	12737200	1224.222234	100.0000
40160	47.9822	3437.1100	20615000	1374.340483	100.0000
34898	9.3287	9478.6681	11053000	1371.463991	100.0000
42372	3.6837	38726.0358	17831800	1347.525599	100.0000
50268	65.3848	1420.7096	11611600	1385.680678	100.0000
48378	18.5684	7499.8928	17407600	1440.628216	100.0000
57352	22.4563	7840.7997	22009400	1512.313419	100.0000
42334	28.9748	7252.7138	26268200	1531.892237	100.0000
58128	4.9895	24950.1342	15561000	1575.749100	100.0000
44528	29.4736	3930.7295	14481600	1601.469403	100.0000
37626	11.1571	15518.4931	21642600	1590.129645	100.0000
37268	58.7238	1571.1783	11533200	1744.757402	100.0000
46348	62.3481	1688.0450	13155800	1753.992548	100.0000
40640	22.9307	9044.2218	25923800	1775.332860	100.0000
57830	23.1562	5717.0107	16548000	13.022260	100.0000
33786	44.8217	2248.9126	12600000	59.944630	100.0000
47946	66.6655	2845.4670	23711800	61.864682	100.0000
33852	31.8219	6922.6831	27536600	74.037714	100.0000
43610	14.4773	12395.7502	22432200	202.230120	100.0000
44094	40.5980	3120.9797	15838200	332.555404	100.0000
50782	5.6313	15807.6840	11127200	329.161446	100.0000
49020	6.9255	13765.7195	11916800	333.602088	100.0000
50174	69.4957	3285.7503	28543200	427.619317	100.0000
54906	33.0707	5268.6622	21779800	478.907301	100.0000
41068	53.8710	1672.3802	11261600	543.327423	100.0000
37212	61.9860	2189.5516	16965200	612.640154	100.0000
59034	23.3577	3434.6544	10028200	615.458539	100.0000
38048	6.4616	17381.8052	14039200	681.717669	100.0000
42566	6.8070	14768.8721	12566400	681.368840	100.0000
48476	15.8945	6956.2565	13820800	713.127723	100.0000
35842	33.0201	6016.1700	24831800	789.804936	100.0000
57090	8.2865	31020.5024	32131400	789.348080	100.0000
33418	56.7010	2747.8016	19475400	1077.075272	100.0000
41294	12.6302	6556.7511	10351600	1077.445782	100.0000
33378	42.6991	3407.0232	18184600	1089.375997	100.0000
57386	13.7511	15218.5697	26159000	1088.762005	100.0000
38762	37.9588	2507.3950	11897200	1127.443601	100.0000
55598	23.0276	5321.8897	15318800	1170.269133	100.0000
50584	30.8130	2891.1438	11135600	1177.375464	100.0000
52970	38.7192	5163.3361	24990000	1320.892371	100.0000
33070	33.0809	4153.5030	17175200	1380.519648	100.0000
43378	11.5912	15666.8477	22699600	1397.222054	100.0000
41034	22.3464	7191.2147	20087200	1512.240536	100.0000
59034	44.6660	2964.6164	16552200	1553.011328	100.0000
50700	22.7480	7215.3974	20517000	1614.157469	100.0000
35732	8.1471	17039.7681	17353000	1623.089347	100.0000
36264	60.3431	1522.3343	11482800	1744.225779	100.0000
52610	36.7806	3740.5835	17197600	1791.323725	100.0000
33122	49.7417	2057.7666	12794600	1798.402773	100.0000
36478	38.3283	5889.8254	28218400	72.246144	100.0000
34180	58.7438	2630.7043	19317200	157.387436	100.0000
53372	59.8704	3878.5358	29026200	163.529370	100.0000
45370	63.7123	3735.7165	29751400	433.747181	100.0000
39684	41.1788	2964.0868	15257200	464.670846	100.0000
46778	49.8884	1857.7453	11585000	502.220217	100.0000
40772	50.7894	1617.2816	10267600	505.992545	100.0000
54252	12.7142	16125.8864	25628400	552.147570	100.0000
52732	53.4719	3000.8734	20057800	595.043249	100.0000
56864	34.1719	2455.2083	10487400	617.546991	100.0000
34132	18.9331	9444.7814	22352400	639.570401	100.0000
58304	64.7360	2904.1532	23500400	734.096866	100.0000
37862	10.7637	13171.0466	17721200	817.033441	100.0000
45832	70.1585	1219.9573	10698800	844.406778	100.0000
45662	51.1639	3095.3084	19796000	920.290229	100.0000
45902	43.0091	1892.9224	10176600	1120.864837	100.0000
50936	10.8995	11192.2876	15248800	1151.019345	100.0000
58262	68.8956	1283.9360	11057200	1252.271202	100.0000
52998	5.8986	27740.9054	20454000	1231.347393	100.0000
54766	15.5196	5696.8376	11051600	1279.543502	100.0000
37756	5.9797	21642.6424	16177000	1282.228327	100.0000
41724	44.2791	4688.2643	25949000	1330.045797	100.0000
59612	77.0269	1287.1142	12392800	1447.172367	100.0000
55680	56.4194	2516.9502	17750600	1475.709757	100.0000
42816	31.3522	5151.2831	20188000	1483.645363	100.0000
47106	12.8256	18243.2002	29247400	1550.572907	100.0000
41308	40.5369	4300.1980	21789600	1697.649136	100.0000
38118	75.0325	2157.0813	20231400	21.632573	100.0000
43544	42.8724	5924.6694	31750600	64.126245	100.0000
49628	20.4957	7427.9767	19030200	172.645996	100.0000
53672	64.0043	3230.9813	25849600	209.554790	100.0000
45816	22.7398	4067.2959	11561200	427.606984	100.0000
58878	69.3586	2105.6954	18256000	558.012042	100.0000
54678	61.4243	2023.5892	15537200	599.941163	100.0000
39452	17.0835	13366.4121	28543200	656.818482	100.0000
57416	47.7582	2438.4839	14557200	709.244989	100.0000
32922	59.1958	2463.2276	18226600	718.725546	100.0000
51010	46.6861	2041.0716	11911200	756.786893	100.0000
45734	73.0734	1258.1971	11492600	1156.346013	100.0000
57726	11.9252	20435.7118	30462600	1146.581840	100.0000
59710	39.4150	2600.8750	12814200	1172.165042	100.0000
34796	17.3011	4719.8854	10207400	1199.956294	100.0000
49290	32.5529	3448.8150	14033600	1232.096585	100.0000
42728	6.4217	25988.6444	20861400	1241.951861	100.0000
49972	79.9036	1713.2837	17112200	1289.934418	100.0000
60054	56.8160	1560.8574	11085200	1377.754844	100.0000
34178	11.3201	8884.7126	12572000	1429.554219	100.0000
46802	22.7973	3552.9767	10124800	1516.402861	100.0000
37926	73.7817	1738.1009	16030000	1550.830131	100.0000
49582	33.4606	4013.9891	16788800	1571.799503	100.0000
41816	49.7310	4624.9465	28750400	1640.738355	100.0000
44404	13.6784	10139.3302	17336200	1644.087652	100.0000
46750	73.2783	1989.5432	18223800	1711.973839	100.0000
57094	72.8354	1850.6388	16849000	194.580884	100.0000
43852	58.6836	3643.2140	26724600	207.572096	100.0000
53046	37.0382	5098.6068	23605400	226.803109	100.0000
46864	7.0533	13660.8151	12044200	233.455773	100.0000
45820	69.4460	1352.4640	11740400	274.257304	100.0000
34278	10.1902	13094.6066	16679600	275.070006	100.0000
42012	34.0428	4485.2193	19086200	398.891910	100.0000
38184	22.7671	3831.2154	10903200	403.421605	100.0000
38664	39.4256	5565.6882	27428800	454.443766	100.0000
44264	59.7087	1390.3239	10376800	464.189392	100.0000
46446	90.6326	953.7578	10805200	545.513270	100.0000
60186	24.8764	3452.3261	10735200	617.076470	100.0000
55650	58.6865	2071.2377	15194200	672.141674	100.0000
47446	64.0524	1776.7192	14225400	673.381637	100.0000
34926	51.2100	1806.5213	11564000	714.664795	100.0000
55790	73.1992	1551.4932	14196000	817.576213	100.0000
57842	7.9038	18772.8969	18547200	833.872534	100.0000
59230	7.1460	12384.8983	11062800	854.902526	100.0000
43408	49.1942	4116.0308	25310600	872.979614	100.0000
38442	40.7128	4156.4509	21152600	1007.586478	100.0000
55320	57.9437	1402.7133	10159800	1032.402547	100.0000
56774	67.1101	3116.5048	26143600	1073.189685	100.0000
39742	73.4041	2636.1260	24187800	1199.843384	100.0000
45438	28.3776	4345.7949	15415400	1232.032656	100.0000
43256	45.5060	5711.4946	32488400	1241.149401	100.0000
35676	39.6148	2067.8343	10239600	1270.286773	100.0000
59382	40.8414	5520.0122	28180600	1267.163728	100.0000
55512	33.1553	3524.9832	14609000	1338.017805	100.0000
35976	44.7379	3831.3100	21425600	1348.835070	100.0000
48736	58.0735	1378.5571	10007200	1442.614824	100.0000
39832	61.6281	2322.2126	17889200	1466.005723	100.0000
57458	38.8614	2199.2845	10683400	1636.447140	100.0000
39120	28.8460	4395.1957	15848000	1655.539299	100.0000
43934	4.4334	29415.9286	16301600	1702.588276	100.0000
60150	18.0151	7312.4328	16466800	1778.198658	100.0000
58244	77.3484	1287.1224	12444600	52.558452	100.0000
60132	57.3819	3631.3897	26047000	78.397938	100.0000
52806	85.2505	2183.0997	23263800	124.610646	100.0000
56930	15.0646	6143.9963	11569600	192.866687	100.0000
52654	48.5256	2815.8338	17080000	197.245786	100.0000
57394	62.4900	1720.0567	13435800	212.731985	100.0000
34682	21.9883	8334.6786	22908200	309.401697	100.0000
41986	22.5198	6236.1384	17554600	585.596472	100.0000
45382	20.3041	8223.4493	20871200	605.869132	100.0000
56064	15.1757	13170.7792	24984400	686.314538	100.0000
45078	37.8972	6252.6684	29619800	698.858393	100.0000
54268	19.5313	4096.6469	10001600	708.456573	100.0000
48300	28.9044	3393.5903	12261200	753.666314	100.0000
38424	16.8224	7689.0978	16168600	749.849643	100.0000
52330	48.6831	5126.6383	31197600	830.007483	100.0000
49210	88.8114	925.6470	10276000	863.799078	100.0000
37840	35.7141	3112.1852	13893600	1047.261207	100.0000
43326	14.4753	7012.3230	12688200	1046.028433	100.0000
38436	27.4010	4705.4637	16116800	1062.542404	100.0000
60128	38.5989	2620.7603	12644800	1125.601173	100.0000
40846	48.1022	3659.2762	22002400	1217.520606	100.0000
53896	44.8814	5124.4378	28749000	1234.437321	100.0000
39650	38.4302	4984.1641	23942800	1244.692878	100.0000
32918	78.8698	1062.6320	10476200	1264.239586	100.0000
34864	65.6122	1509.1587	12377400	1465.164431	100.0000
40914	53.2509	3263.4013	21722400	1608.632364	100.0000
44346	25.7786	6696.0354	21576800	1654.363427	100.0000
57904	47.4392	2561.1200	15187200	1675.834362	100.0000
44188	47.3152	2008.4866	11879000	1750.907676	100.0000
44654	42.2713	3842.9060	20305600	12.088575	100.0000
45048	57.3771	3851.0950	27620600	186.443772	100.0000
52850	62.0389	2565.8991	19898200	247.832170	100.0000
49454	38.3378	3060.1662	14665000	335.225233	100.0000
59048	64.0662	2639.7714	21140000	347.466165	100.0000
46782	44.0292	2991.4698	16464000	348.712297	100.0000
44060	62.8904	1979.9769	15565200	415.947915	100.0000
37232	51.3340	4076.0185	26154800	428.499698	100.0000
49550	54.1537	1863.2308	12612600	509.323668	100.0000
45114	38.8428	2956.9456	14357000	634.138336	100.0000
53534	60.0858	3976.6630	29867600	647.985388	100.0000
53390	81.9804	1112.4809	11400200	663.659984	100.0000
39534	11.9485	17673.8742	26397000	667.524200	100.0000
36728	10.8582	15608.4036	21184800	742.139596	100.0000
47462	26.0127	9681.5379	31480400	800.857532	100.0000
55752	5.3848	34179.6307	23006200	871.647902	100.0000
38442	36.7705	2824.4806	12982200	967.429924	100.0000
60888	19.6539	5589.1869	13731200	1281.677448	100.0000
35892	64.0267	2925.4815	23413600	1354.041429	100.0000
52862	3.3292	33086.4122	13769000	1688.940906	100.0000
59402	62.3008	2583.6991	20120800	1798.140498	100.0000
40160	65.7805	2423.8675	19930400	49.153707	100.0000
56608	6.4992	12678.2393	10299800	151.401485	100.0000
36860	72.2147	1239.5047	11188800	365.056070	100.0000
51690	15.8224	12592.0816	24904600	595.219271	100.0000
53972	12.5082	13615.6350	21288400	663.881148	100.0000
39672	58.1310	1903.7561	13833400	722.936408	100.0000
40378	8.1240	30524.3809	30997400	783.216129	100.0000
52314	15.4937	8947.0246	17327800	813.593845	100.0000
52414	40.0969	2145.7624	10754800	856.589299	100.0000
38430	61.9128	2008.3471	15542800	919.653049	100.0000
38346	10.3564	8384.5195	10854200	925.013565	100.0000
38132	6.3381	20261.5565	16052400	1135.496011	100.0000
40964	39.8508	3437.2233	17122000	1172.582081	100.0000
55210	47.7579	1897.9381	11330200	1278.362410	100.0000
38952	38.7949	2404.2744	11659200	1291.577398	100.0000
38388	36.8168	3033.5697	13960800	1332.785458	100.0000
35024	3.9145	38808.8092	18989600	1345.708947	100.0000
48328	9.5949	9356.9504	11222400	1388.538524	100.0000
60944	80.3018	2491.2804	25006800	1408.487868	100.0000
43758	15.7215	8694.8372	17087000	1493.276753	100.0000
44272	68.3034	3519.2180	30046800	1501.437638	100.0000
49242	4.6207	32622.7275	18842600	1566.304620	100.0000
33056	37.3559	4021.4695	18778200	1666.881687	100.0000
51120	76.6100	1222.4822	11706800	1737.750312	100.0000
40372	45.4786	2159.0481	12273800	45.558088	100.0000
52314	22.7669	11379.1378	32383400	99.890859	100.0000
45556	6.7604	13571.6745	11468800	328.205533	100.0000
45412	59.8373	1520.9772	11376400	352.874117	100.0000
32788	11.6243	15858.1931	23042600	388.346372	100.0000
55254	64.1181	2814.4047	22556800	473.158808	100.0000
39986	44.2347	4849.7003	26815600	546.248552	100.0000
57320	43.2431	5506.0999	29762600	567.490942	100.0000
52846	13.7566	8529.0976	14666400	582.316437	100.0000
52738	11.5686	11578.9306	16744000	594.013280	100.0000
41466	64.3880	1668.6583	13430200	651.481022	100.0000
33124	53.0724	1728.9887	11470200	826.267868	100.0000
50188	39.9194	5693.7908	28411600	831.501178	100.0000
50718	50.2373	1808.9507	11359600	1083.956335	100.0000
60958	86.7315	923.5678	10012800	1140.848749	100.0000
44648	86.3344	2646.3236	28558600	1142.284854	100.0000
43556	31.2399	3256.3968	12716200	1175.923841	100.0000
47292	69.2191	1894.5766	16392600	1274.965115	100.0000
44538	4.9980	21205.7955	13248200	1311.420785	100.0000
38366	9.0727	21000.8354	23816800	1329.690098	100.0000
42390	11.6258	10612.5666	15422400	1536.539362	100.0000
58560	46.2784	3131.4143	18114600	1665.534869	100.0000
52708	56.7374	1550.9765	10999800	1716.070474	100.0000
50608	38.9075	5654.4813	27500200	1720.924471	100.0000
50532	66.6667	1509.6470	12580400	200.496200	100.0000
54174	17.3453	8040.3569	17432800	338.356266	100.0000
35990	33.4287	5986.8488	25016600	396.796749	100.0000
59496	13.4302	6232.8849	10463600	409.035643	100.0000
59600	73.5886	2663.9137	24504200	419.671146	100.0000
50322	64.7691	2989.4759	24203200	572.789032	100.0000
55848	15.6172	7472.7870	14588000	595.503444	100.0000
57634	12.4338	7813.2845	12143600	595.451635	100.0000
50238	30.0883	5074.3424	19084800	624.360106	100.0000
35244	48.0794	1779.4885	10694600	715.669159	100.0000
49160	16.9569	4836.8272	10252200	722.856768	100.0000
44964	11.0438	14733.5061	20339200	716.498153	100.0000
34308	55.2937	1462.8507	10110800	824.824803	100.0000
51824	10.3706	18701.8710	24243800	812.896811	100.0000
35148	10.6840	21026.7101	28081200	1193.301750	100.0000
46914	4.7452	49263.7025	29220800	1227.568876	100.0000
50078	47.0761	3042.6635	17904600	1315.679271	100.0000
45168	13.3387	6190.8113	10322200	1316.495778	100.0000
57348	38.4252	5893.3433	28306600	1468.495470	100.0000
38900	10.0340	11090.5787	13910400	1510.735869	100.0000
53464	7.1453	25258.1779	22559600	1505.456673	100.0000
51688	75.7764	2077.8173	19681200	1606.947057	100.0000
39496	6.2184	19135.0248	14873600	1697.356579	100.0000
49528	46.8809	2653.2589	15548400	1731.665247	100.0000
40494	33.0454	3005.9480	12416600	4.867028	100.0000
32814	14.8349	5581.5497	10350200	132.966720	100.0000
50500	10.9720	18204.5179	24967600	218.564184	100.0000
39146	81.5576	1353.4879	13798400	318.556432	100.0000
33064	27.0396	6855.5558	23171400	332.521597	100.0000
58622	30.8648	4214.4002	16259600	721.771722	100.0000
58904	12.2566	15469.6385	23700600	710.817491	100.0000
47176	72.6771	2286.7833	20774600	734.334960	100.0000
44448	17.1544	8774.8774	18816000	806.865400	100.0000
43162	53.7610	3281.1910	22050000	823.263654	100.0000
51386	15.2023	6392.6291	12147800	1018.166532	100.0000
59572	69.3691	1391.4213	12065200	1031.140426	100.0000
36662	23.1495	3893.7196	11267200	1088.766460	100.0000
44982	9.5854	11287.1188	13524000	1090.664148	100.0000
40974	13.6402	13307.5783	22689800	1111.245824	100.0000
37532	11.3694	9710.1159	13799800	1122.118892	100.0000
47278	8.8084	20484.0533	22554000	1194.059835	100.0000
45872	8.9502	16435.4084	18387600	1271.492872	100.0000
40358	65.2594	2782.3495	22696800	1547.804149	100.0000
58718	47.4347	3160.6228	18740400	49.199887	100.0000
41786	26.8404	8977.3889	30119600	230.035599	100.0000
50612	23.6350	5793.1142	17115000	296.532472	100.0000
37066	13.9133	13850.5922	24088400	312.474087	100.0000
36346	61.3659	2932.7822	22496600	327.717913	100.0000
42620	9.9880	14864.5050	18558400	330.087863	100.0000
59134	53.0220	4272.4018	28316400	417.569512	100.0000
45176	46.8519	2383.1027	13956600	464.677993	100.0000
51836	31.5467	5959.1592	23499000	758.322904	100.0000
35496	60.5459	1981.3604	14995400	769.841618	100.0000
38354	74.6652	1283.4251	11978400	1057.604731	100.0000
58994	29.2413	4104.8226	15003800	1231.853130	100.0000
55886	10.8917	9569.4561	13028400	1227.963690	100.0000
39938	6.3411	27760.1784	22003800	1258.709862	100.0000
53656	5.7735	27059.8332	19528600	1279.806204	100.0000
34912	63.1291	3613.9274	28518000	1334.031647	100.0000
54852	45.2255	2591.8818	14652400	1381.952767	100.0000
57816	20.9476	10628.6334	27830600	1437.642990	100.0000
40096	51.6437	4573.1507	29521800	1517.436955	100.0000
47854	8.4549	29314.9207	30982000	1568.676474	100.0000
35942	41.7538	2991.9385	15615600	1618.241309	100.0000
43236	29.4803	3266.8834	12038600	1696.714945	100.0000
53706	42.2371	2553.3181	13480600	1790.529226	100.0000
56738	44.0149	1852.2105	10190600	39.667345	100.0000
56192	24.3196	4254.4061	12933200	48.572921	100.0000
49638	6.2497	13693.3788	10697400	211.820748	100.0000
45316	13.8372	16095.9436	27840400	314.329492	100.0000
33306	47.2167	3616.4129	21344400	457.822944	100.0000
42972	16.7634	11255.1717	23584400	508.229346	100.0000
48184	13.4931	6968.3214	11753000	554.203840	100.0000
38786	12.5866	7710.3939	12131000	794.643653	100.0000
57194	40.4430	5988.3949	30273600	803.743977	100.0000
33804	12.8934	20112.1794	32414200	824.303438	100.0000
59912	50.3353	3836.4829	24138800	899.081255	100.0000
43876	58.4947	1725.7209	12618200	949.778636	100.0000
53746	15.0695	16679.4059	31418800	942.556968	100.0000
43114	7.7573	10418.4736	10102400	1137.332579	100.0000
37446	55.4447	1780.6565	12341000	1223.150794	100.0000
39376	53.8533	1927.0713	12972400	1243.123153	100.0000
50184	26.6597	3516.3212	11718000	1282.975184	100.0000
45010	4.4649	46050.0020	25701200	1244.720951	100.0000
41140	27.3504	3326.3773	11372200	1347.126139	100.0000
38784	45.4052	2465.6923	13994400	1360.280544	100.0000
60298	10.5562	21944.4686	28956200	1373.816240	100.0000
35580	51.5535	2325.6630	14987000	1399.870949	100.0000
57246	39.8255	5657.1638	28162400	1481.969293	100.0000
33698	6.6666	13725.7146	11438000	1603.149311	100.0000
44186	58.2992	2611.9622	19034400	1683.350518	100.0000
41976	15.5477	9528.9950	18519200	11.728793	100.0000
38978	32.2693	3370.1363	13594000	66.481028	100.0000
57912	33.9344	6405.2437	27169800	97.164636	100.0000
36256	37.9809	2754.8144	13078800	101.908495	100.0000
48056	89.6559	1721.1763	19289200	255.449598	100.0000
46306	55.9840	4594.9162	32155200	279.210036	100.0000
34568	46.5623	2314.9347	13473600	499.727789	100.0000
37930	36.7425	5071.3527	23291800	550.136444	100.0000
51392	44.9427	2170.5864	12194000	588.598376	100.0000
47494	76.7294	1879.6246	18027800	704.099781	100.0000
59868	36.4053	5994.8129	27280400	761.642451	100.0000
57750	75.1996	2902.1872	27280400	774.667999	100.0000
48554	48.0475	1986.7352	11932200	786.500938	100.0000
54816	7.3486	16189.0923	14870800	772.358541	100.0000
55432	54.7630	2122.6870	14530600	833.083119	100.0000
56332	57.3184	1512.5901	10837400	860.193175	100.0000
36990	6.2000	36466.8264	28261800	857.378947	100.0000
42252	74.2910	1306.6241	12133800	894.941822	100.0000
46176	71.6737	1449.9704	12990600	938.679243	100.0000
50760	55.2880	1772.3351	12248600	1007.546139	100.0000
60826	40.7770	2334.6486	11900000	1254.839472	100.0000
32878	4.9024	36832.5365	22570800	1228.040060	100.0000
39354	4.4028	54478.6837	29982400	1340.537177	100.0000
35488	8.8690	13267.3033	14708400	1409.391417	100.0000
60756	49.7533	3196.7977	19881400	1499.647390	100.0000
60270	27.2990	9083.3978	30996000	1494.086434	100.0000
40058	62.0950	3661.6676	28421400	1505.141698	100.0000
60694	65.0957	2428.2035	19758200	1521.559387	100.0000
35898	47.2885	2951.7864	17448200	1536.065401	100.0000
38834	8.7947	12877.6083	14156800	1525.720432	100.0000
43948	38.7703	3764.1229	18242000	1601.739315	100.0000
47520	19.1762	6497.0570	15573600	1650.475537	100.0000
36112	7.5626	32316.2413	30549400	1659.970744	100.0000
45394	19.7975	6783.0899	16786000	86.523709	100.0000
47944	31.0572	3367.5200	13073200	267.915858	100.0000
56406	68.5164	1817.5616	15566600	307.092085	100.0000
47918	13.4028	14461.6562	24228400	341.260537	100.0000
33786	60.1430	2295.3823	17256400	358.798878	100.0000
58070	14.2847	7315.2559	13062000	389.141353	100.0000
46026	45.9536	2399.4660	13783000	399.587681	100.0000
49764	45.7260	2516.7299	14385000	547.062305	100.0000
39386	51.9436	3905.7138	25359600	603.773777	100.0000
51774	8.9390	16106.4574	17997000	598.900141	100.0000
53908	17.5193	7030.3180	15395800	620.247385	100.0000
41812	50.3789	2120.4412	13353200	730.848588	100.0000
44302	19.8342	7237.5314	17943800	803.594560	100.0000
43612	37.2440	2640.3202	12292000	841.715197	100.0000
45690	63.7804	2000.6389	15950200	849.164012	100.0000
60760	48.0373	2320.7963	13935600	861.431588	100.0000
33396	18.3347	8048.1288	18445000	893.394503	100.0000
54000	33.3528	2503.7510	10438400	1015.877665	100.0000
58122	13.7227	15973.1974	27399400	1055.062255	100.0000
47576	30.3617	5863.0626	22251600	1104.223450	100.0000
46802	4.3394	22586.6012	12251400	1088.652946	100.0000
53512	8.4662	12841.4762	13589800	1238.769426	100.0000
50984	30.7496	5272.9988	20267800	1262.520776	100.0000
59146	29.0772	5574.7246	20262200	1280.062722	100.0000
60900	41.0302	2192.4930	11244800	1528.959667	100.0000
54144	10.4041	18651.4187	24256400	1641.247681	100.0000
49158	39.5942	2493.2159	12339600	1687.091497	100.0000
45678	49.3492	4042.9602	24939600	1727.142599	100.0000
35314	84.1704	1518.7866	15979600	2.560166	100.0000
50982	48.7060	4785.5110	29135400	40.841569	100.0000
50538	34.4987	3870.1498	16689400	43.415519	100.0000
50856	60.1912	3500.2321	26335400	90.588232	100.0000
48220	59.0586	2199.0899	16234400	116.116084	100.0000
42844	31.2541	2820.9539	11020800	216.549554	100.0000
58924	24.3400	3360.0027	10222800	538.415063	100.0000
57612	14.0183	6170.3304	10812200	674.538173	100.0000
55140	57.0355	3887.5124	27715800	682.448660	100.0000
42062	39.8353	3653.3583	18191600	688.650099	100.0000
58084	42.7029	4894.3600	26125400	707.022004	100.0000
52426	6.2140	32152.7189	24974600	705.871935	100.0000
51152	35.3022	6254.7882	27601000	786.230802	100.0000
44140	4.9743	25625.3770	15933400	802.377988	100.0000
41056	26.9628	3594.7581	12115600	868.529282	100.0000
60008	54.9435	4721.8834	32429600	940.928039	100.0000
34674	5.6860	24101.7447	17130400	923.933637	100.0000
52606	45.6018	5611.5673	31987200	1014.776024	100.0000
48824	47.5829	4699.3346	27951000	1047.268849	100.0000
40714	9.6153	20042.9886	24089800	1055.292165	100.0000
55504	39.1736	4290.8883	21011200	1075.560151	100.0000
40182	7.0826	35060.0929	31039400	1058.274741	100.0000
56674	29.1282	5258.5238	19146400	1104.269858	100.0000
42818	42.2364	2297.7331	12131000	1235.972834	100.0000
58410	11.3912	7533.3870	10726800	1258.665492	100.0000
38748	50.3266	3327.5106	20932800	1265.412397	100.0000
51992	8.6640	13070.5860	14155400	1426.317182	100.0000
54210	11.6104	14937.6106	21679000	1498.686637	100.0000
33250	33.9379	4296.4642	18226600	1637.820035	100.0000
41824	13.2405	7421.8463	12283600	1651.998962	100.0000
38046	6.1475	37448.8222	28777000	1645.725083	100.0000
38130	64.7499	2101.6240	17010000	1708.890420	100.0000
40570	60.5935	1887.2002	14294000	3.362937	100.0000
51338	89.5333	1722.5327	19278000	38.249750	100.0000
33250	69.0724	2004.1591	17304000	110.695069	100.0000
48752	20.8834	6637.9277	17327800	209.856621	100.0000
45252	73.1725	1998.2374	18277000	218.809271	100.0000
36630	19.5379	5346.6472	13057800	297.559321	100.0000
33800	19.7145	7607.5489	18747400	363.921184	100.0000
36228	20.1023	9005.7777	22629600	548.550465	100.0000
54440	13.3208	12828.8028	21361200	760.127327	100.0000
34760	14.8178	12475.9810	23108400	794.195466	100.0000
58938	31.3530	7170.5179	28102200	852.652827	100.0000
41808	65.9754	1839.8623	15173200	896.354527	100.0000
58234	56.6291	1541.8797	10914400	909.929162	100.0000
34504	75.4397	1864.5450	17582600	928.627823	100.0000
53644	9.3350	9090.7671	10607800	974.600108	100.0000
45230	59.4568	1708.1564	12695200	1025.658068	100.0000
36738	5.8528	20888.8683	15282400	1094.469948	100.0000
43662	76.2861	1053.4024	10045000	1119.799260	100.0000
39436	54.4048	4119.7545	28016800	1150.293735	100.0000
40072	27.3921	9499.0252	32524800	1223.754455	100.0000
47550	53.6078	1751.4161	11736200	1248.039870	100.0000
38784	39.6684	3469.9662	17206000	1308.573307	100.0000
38380	29.3831	4599.9815	16895200	1332.957911	100.0000
33876	58.1051	4130.1432	29997800	1379.124895	100.0000
47922	39.1537	5808.0033	28425600	1568.932955	100.0000
49518	23.7596	9614.4575	28554400	1569.294875	100.0000
48058	39.5747	3282.6243	16238600	1601.758559	100.0000
33726	5.9199	32533.7473	24074400	1675.237943	100.0000
40450	45.4530	2185.1491	12415200	1756.637388	100.0000
41208	73.5560	1738.1036	15981000	452.516297	100.0000
58306	22.7330	4422.2642	12566400	585.908821	100.0000
43146	57.0186	1799.8614	12828200	623.774157	100.0000
49812	18.3917	12162.3492	27960800	652.713589	100.0000
36672	14.8622	16774.9146	31164000	767.692923	100.0000
40518	16.1352	6242.3405	12590200	810.142588	100.0000
52724	17.7040	13979.7345	30937200	828.895260	100.0000
49196	10.9031	18197.4162	24801000	875.649575	100.0000
46812	30.3013	3896.5506	14758800	903.353579	100.0000
56076	86.0256	985.6970	10599400	948.258171	100.0000
41588	44.9636	3042.1388	17098200	1116.994117	100.0000
44210	44.7792	3671.4541	20550600	1339.286321	100.0000
45110	23.8758	3604.5261	10757600	1346.404754	100.0000
39892	3.4402	40834.9293	17560200	1330.850077	100.0000
50612	50.8614	1995.5112	12686800	1378.738520	100.0000
54160	50.7320	5085.6133	32250400	1411.545688	100.0000
49122	28.5410	5397.7143	19257000	1624.984638	100.0000
60042	50.8222	4072.5540	25872000	1643.157346	100.0000
48238	43.9165	5681.7998	31190600	78.980906	100.0000
46074	21.3569	4536.2449	12110000	139.705615	100.0000
57712	27.0002	3088.2789	10423000	229.156664	100.0000
36498	36.0568	5673.4941	25571000	227.109289	100.0000
44538	46.2494	1792.2643	10361400	235.421131	100.0000
47860	43.2150	2179.0963	11771200	278.333343	100.0000
40858	52.8108	2037.0068	13447000	340.264995	100.0000
39620	39.0845	3099.4174	15142400	527.431284	100.0000
45916	50.7241	2988.5612	18949000	538.419303	100.0000
53234	16.5902	9014.5825	18694200	632.046760	100.0000
33736	6.5152	30514.7573	24851400	867.100112	100.0000
55142	61.3919	2797.2685	21466200	916.524675	100.0000
43182	48.2673	3999.6957	24131800	918.565674	100.0000
35634	58.6757	3886.8849	28508200	934.905961	100.0000
52516	60.0402	1449.8012	10880800	1016.476874	100.0000
40402	13.3368	6079.1700	10134600	1055.691856	100.0000
52862	7.2448	14793.0733	13396600	1055.794796	100.0000
50746	34.0271	6898.3199	29341200	1074.310724	100.0000
38052	39.4035	2481.1219	12220600	1250.788184	100.0000
60528	25.1226	10191.7449	32005400	1347.350150	100.0000
40234	8.0102	11346.5542	11361000	1409.446427	100.0000
46522	29.1162	5956.1564	21677600	1577.516590	100.0000
56592	12.8841	9397.0024	15134000	1626.819608	100.0000
60208	26.8123	3031.3855	10159800	1668.632794	100.0000
46192	34.0344	2716.5473	11557000	1695.894399	100.0000
32814	36.5669	4399.8209	20111000	1732.239205	100.0000
52846	67.8918	2124.6272	18030600	1788.220326	100.0000
33098	15.3863	10261.5195	19735800	14.436224	100.0000
45172	72.0662	2883.8354	25978400	182.552118	100.0000
57624	23.8794	3605.3852	10761800	230.276069	100.0000
45606	50.4649	2124.5983	13402200	234.415138	100.0000
53122	50.5558	3865.8252	24430000	259.292159	100.0000
39506	68.2512	3108.0459	26516000	343.338907	100.0000
37490	13.9045	10655.8748	18520600	370.530507	100.0000
33854	30.8056	3713.5055	14299600	398.156611	100.0000
57078	21.1897	6486.4583	17180800	467.876976	100.0000
45916	17.4488	4629.8710	10098200	487.130964	100.0000
44712	12.1422	8271.1535	12553800	703.901815	100.0000
36564	36.2528	6061.1213	27466600	730.199366	100.0000
44694	28.6045	6905.7151	24691800	753.554333	100.0000
49964	14.5011	8365.3559	15163400	756.410587	100.0000
47290	48.6511	4071.7345	24761800	849.342862	100.0000
50140	82.9961	1074.8457	11151000	1036.920972	100.0000
51506	9.5921	9433.2295	11310600	1157.065678	100.0000
45808	37.5873	2778.2982	13053600	1176.837714	100.0000
54122	45.1213	3035.7300	17122000	1192.586830	100.0000
40380	49.9282	2567.8179	16025800	1194.001762	100.0000
56040	10.0019	13739.8026	17178000	1251.160027	100.0000
58790	52.7473	4812.5313	31731000	1305.002686	100.0000
36944	36.3094	2870.2243	13027000	1359.202801	100.0000
37714	48.1135	1735.3980	10437000	1414.741306	100.0000
42330	49.5085	3218.9411	19920600	1429.332265	100.0000
37560	58.9229	2464.7536	18153800	1507.168184	100.0000
55180	50.8946	2035.3583	12948600	1536.110100	100.0000
39198	9.0916	13661.8968	15526000	1545.220280	100.0000
36942	4.1481	35894.3319	18611600	1593.724021	100.0000
42584	3.2396	64809.2179	26244400	1569.406599	100.0000
53566	49.9607	2354.0740	14701400	1683.920785	100.0000
44276	57.6239	1751.9962	12619600	1780.746150	100.0000
34746	8.8293	17972.0819	19835200	1768.611979	100.0000
57976	42.8503	3681.7262	19720400	40.506155	100.0000
54186	21.7713	9989.8849	27186600	144.412515	100.0000
55358	21.5552	12103.4872	32611600	177.119351	100.0000
57846	55.6108	2194.8524	15257200	246.659894	100.0000
40284	69.0944	1807.8677	15614200	315.744903	100.0000
60626	56.5521	2863.7641	20244000	348.545927	100.0000
52960	11.6014	7051.2627	10225600	458.532244	100.0000
59578	47.8849	1731.9876	10367000	503.185840	100.0000
34010	43.3983	3778.7298	20498800	549.388225	100.0000
55750	66.0670	3247.5893	26819800	579.630659	100.0000
45294	12.4245	6669.7928	10358600	963.484926	100.0000
39686	7.0844	17584.8673	15572200	1107.603935	100.0000
57294	76.4044	1959.0075	18709600	1254.531072	100.0000
47528	43.3569	1960.6576	10626000	1438.254877	100.0000
47862	77.8399	1256.9803	12230400	1462.548250	100.0000
57500	46.7556	1912.0356	11174800	1552.358746	100.0000
57524	41.0012	4757.9430	24385200	1552.442220	100.0000
36496	36.5684	6098.5524	27876800	1633.077359	100.0000
59446	39.9259	3529.4994	17614800	1686.854910	100.0000
54696	10.4965	9508.2484	12475400	1695.188097	100.0000
57834	10.9849	9891.9679	13582800	1708.709446	100.0000
40646	33.6476	2804.6899	11796400	1778.186599	100.0000
49644	53.8588	4735.0523	31878000	13.614403	100.0000
55028	19.7045	11540.7321	28425600	81.190213	100.0000
45682	49.8668	2963.7983	18474400	161.519949	100.0000
47454	31.3106	5643.8959	22089200	167.147068	100.0000
43700	13.5189	18093.7437	30576000	212.160739	100.0000
57088	17.2524	13120.7150	28295400	288.601506	100.0000
48814	54.7225	3231.3120	22103200	353.453169	100.0000
40968	57.9614	1700.8289	12322800	458.157007	100.0000
58708	17.1312	11171.7440	23923200	468.089107	100.0000
36000	69.1714	2043.3882	17668000	486.605573	100.0000
45184	13.1444	8269.3911	13587000	566.146601	100.0000
48106	30.3392	3641.0168	13808200	730.659225	100.0000
54030	9.0219	19859.1318	22395800	741.414242	100.0000
59200	44.8653	3728.5630	20910400	814.297741	100.0000
54692	7.9507	16457.5637	16356200	862.419961	100.0000
54982	46.9315	1792.7082	10516800	904.344103	100.0000
37902	16.4678	6070.0276	12495000	1084.795354	100.0000
57242	15.7056	13433.0647	26371800	1133.269095	100.0000
40506	11.9208	7699.4809	11473000	1135.736325	100.0000
56592	69.5215	1316.5188	11440800	1287.804166	100.0000
38242	4.8482	22008.5747	13337800	1320.829288	100.0000
51536	32.7448	5529.0588	22631000	1345.323596	100.0000
44774	28.0474	5670.7956	19881400	1351.127682	100.0000
52074	43.3408	4716.8897	25554200	1362.310305	100.0000
46842	7.3212	14202.6681	12997600	1531.039161	100.0000
55232	28.1819	5267.3893	18555600	1578.730606	100.0000
44550	15.6576	5356.9367	10484600	1613.753158	100.0000
34604	6.6682	13477.3123	11233600	1625.002768	100.0000
39116	9.1990	9378.5677	10784200	1773.746846	100.0000
60932	33.3562	2617.9944	10915800	195.987465	100.0000
59306	15.1054	8451.1254	15957200	277.533515	100.0000
54596	36.6335	4072.9448	18650800	323.322695	100.0000
50892	49.5937	3152.4320	19542600	331.968643	100.0000
55264	9.3172	12311.6339	14338800	363.348198	100.0000
49926	68.2664	1467.5446	12523000	415.372234	100.0000
42536	80.0170	2266.6791	22671600	467.440370	100.0000
45860	38.3561	4835.8263	23185400	513.399979	100.0000
39004	66.4811	2893.4538	24045000	563.739036	100.0000
53066	11.3942	10569.7103	15054200	697.396439	100.0000
44970	26.3256	4425.0173	14561400	725.464711	100.0000
34018	5.9907	13515.0901	10120600	724.627258	100.0000
35164	36.1423	2600.8779	11750200	798.849555	100.0000
33354	53.8184	3172.8024	21344400	827.199220	100.0000
33046	22.2768	10509.3219	29264200	908.770577	100.0000
47336	61.1156	2652.1268	20260800	976.061288	100.0000
40768	43.3611	2347.9101	12726000	990.700271	100.0000
52516	55.8830	3984.3256	27832000	1042.876042	100.0000
58746	41.2809	3872.4342	19982200	1205.853398	100.0000
48622	38.4333	2229.9005	10712800	1259.762033	100.0000
33740	3.6842	24754.5981	11400200	1357.075147	100.0000
59926	11.7619	19767.2256	29062600	1368.331298	100.0000
44838	38.5011	3877.9956	18663400	1469.404752	100.0000
59256	5.9377	25203.9423	18706800	1486.203808	100.0000
44754	73.2680	2144.2160	19637800	1563.905605	100.0000
40312	11.0515	8372.0385	11565400	1596.531079	100.0000
48700	79.4689	1033.9044	10270400	1705.637099	100.0000
47890	4.4490	23341.7017	12980800	1711.624607	100.0000
36104	69.5419	2566.3942	22309000	129.459721	100.0000
39652	21.5346	7353.5931	19794600	209.368561	100.0000
33770	32.6771	3908.3467	15964200	227.924303	100.0000
35756	69.5884	2362.8551	20553400	317.611755	100.0000
39826	9.1870	12733.5826	14623000	319.437909	100.0000
49080	54.3311	2462.5897	16724400	339.201558	100.0000
44176	71.6338	1157.6214	10365600	602.941689	100.0000
54554	13.3918	8312.2960	13914600	602.480876	100.0000
58104	26.6004	7897.9835	26261200	693.863072	100.0000
33596	74.3365	1745.0151	16214800	882.771131	100.0000
44306	38.3779	2557.6411	12269600	893.432038	100.0000
58874	6.0183	16551.6079	12451600	970.693373	100.0000
48418	9.5232	24080.0434	28665000	977.278089	100.0000
51666	57.9274	2141.1071	15503600	1169.805096	100.0000
37472	57.5673	2601.9785	18723600	1182.889570	100.0000
59904	50.5365	3282.8870	20738200	1250.491129	100.0000
60972	7.1512	12613.9347	11275600	1397.514467	100.0000
60202	72.1152	2228.0343	20084400	1420.098932	100.0000
47348	56.3068	3698.3365	26030200	1429.522493	100.0000
59220	60.7154	3734.9054	28345800	1560.131868	100.0000
51846	21.2017	5931.3031	15719200	1623.471677	100.0000
39578	8.6376	29083.8819	31402000	1725.498994	100.0000
39684	14.0709	9027.8760	15878800	1763.468641	100.0000
35478	14.1899	6504.5553	11537400	91.941743	100.0000
52544	42.5479	6047.2473	32162200	107.401632	100.0000
59960	52.4663	2148.5809	14091000	159.196604	100.0000
51192	56.7678	3846.2635	27293000	194.919337	100.0000
58664	7.7624	13669.6598	13263600	217.592529	100.0000
44128	22.6422	7731.8924	21883400	378.620849	100.0000
51172	14.7622	6046.0370	11156600	396.926114	100.0000
49322	45.9421	2785.4869	15996400	456.194310	100.0000
38096	39.8848	2860.3166	14260400	472.530548	100.0000
54398	15.7104	7869.0365	15453200	538.006244	100.0000
45776	14.9465	7086.4938	13239800	555.082762	100.0000
55072	38.4552	2302.6064	11068400	703.104803	100.0000
60842	7.5930	20374.6897	19338200	764.633886	100.0000
58196	52.1198	2035.0024	13258000	805.898411	100.0000
41922	44.1622	5508.4275	30408000	963.055421	100.0000
53880	47.3745	4670.8304	27659800	976.898100	100.0000
33786	4.3836	22108.0314	12114200	1062.767530	100.0000
59678	12.2359	13748.4324	21028000	1081.857928	100.0000
33628	52.4829	3692.9387	24227000	1100.260964	100.0000
39566	41.5288	5888.1941	30566200	1203.410731	100.0000
47476	29.0954	8703.9035	31655400	1208.047240	100.0000
41370	9.8251	15814.4206	19422200	1227.159406	100.0000
48306	7.0270	14840.4625	13035400	1387.437903	100.0000
37114	13.2873	7236.4077	12019000	1561.154365	100.0000
33676	22.5796	5816.3772	16416400	1722.515983	100.0000
54750	7.9294	23945.6572	23734200	1725.304474	100.0000
52674	55.3957	2866.3289	19847800	27.645582	100.0000
57290	42.8367	5752.6044	30802800	106.823343	100.0000
46652	18.9266	12396.1582	29327200	349.050457	100.0000
39742	40.8793	2026.6119	10355800	382.357483	100.0000
50944	18.1220	11641.8797	26371800	443.831536	100.0000
46184	30.8885	4730.4077	18264400	456.124216	100.0000
49142	57.3234	1925.1069	13794200	577.279572	100.0000
52094	73.0370	1319.0901	12042800	609.683664	100.0000
60578	56.4760	2945.9572	20797000	686.781331	100.0000
39462	35.6180	2660.5448	11845400	695.455653	100.0000
55656	88.0264	1242.3184	13669600	702.922328	100.0000
50544	70.1490	1180.0478	10347400	744.794294	100.0000
60042	11.0719	11699.8009	16192400	779.304349	100.0000
40590	44.5950	3018.3145	16825200	829.712742	100.0000
33004	34.1188	3233.4065	13790000	841.772115	100.0000
41550	18.4812	8796.3748	20321000	859.444541	100.0000
59922	25.6958	9768.6907	31376800	964.416606	100.0000
47926	53.4002	1717.7469	11466000	1004.920873	100.0000
52108	59.1771	1783.9865	13196400	1005.375639	100.0000
47642	7.9990	28432.0411	28428400	1119.520791	100.0000
35226	44.6641	2138.2353	11937800	1221.626548	100.0000
55956	22.7886	6945.0124	19783400	1322.319619	100.0000
38532	5.3625	15906.7445	10662400	1364.128536	100.0000
49044	30.8207	3791.9949	14609000	1398.044830	100.0000
58588	82.7893	1020.0356	10556000	1551.358248	100.0000
36798	2.8723	39485.0455	14176400	1561.822690	100.0000
56196	26.6000	7578.1066	25197200	1629.347221	100.0000
41802	3.6110	68651.1166	30987600	1568.829043	100.0000
57062	61.4490	2163.1192	16615200	1692.064460	100.0000
46446	76.6677	2420.9194	23200800	1765.847636	100.0000
52586	29.2002	3033.5643	11072600	43.221697	100.0000
34158	17.5422	8014.5882	17574200	113.868498	100.0000
49128	20.3702	9539.9582	24291400	135.012167	100.0000
33844	22.1324	4139.9524	11453400	156.095882	100.0000
34598	84.2576	1217.8655	12826800	192.929010	100.0000
33582	51.8404	4589.0675	29737400	203.958558	100.0000
40986	63.1294	1945.1616	15349600	273.722459	100.0000
34658	41.5438	3886.2086	20181000	323.918187	100.0000
41888	11.4478	14316.2842	20486200	314.921718	100.0000
55406	18.0303	4814.1302	10850000	470.920822	100.0000
45318	30.2805	6085.9151	23035600	476.347132	100.0000
59140	61.0104	2987.6853	22785000	567.368726	100.0000
35000	44.7680	3178.2685	17785600	599.154364	100.0000
44336	44.9406	2616.7901	14700000	788.598647	100.0000
42946	7.5430	14779.9869	13935600	877.476779	100.0000
46582	12.5496	6818.3944	10696000	1078.274760	100.0000
37340	59.5271	3436.9264	25573800	1093.059260	100.0000
34232	54.7755	1531.2822	10484600	1138.694439	100.0000
41002	9.6168	18483.8406	22219400	1120.732634	100.0000
33240	55.5973	1926.4515	13388200	1151.579995	100.0000
37590	61.5074	1903.2256	14632800	1194.132072	100.0000
33992	35.6026	5679.8053	25277000	1205.735146	100.0000
53274	64.6911	1373.6176	11107600	1253.453555	100.0000
32838	3.9351	36567.9865	17987200	1243.367976	100.0000
60352	59.1860	1762.1468	13036800	1301.514384	100.0000
33638	7.3971	11473.8708	10609200	1342.121175	100.0000
46598	4.0717	21472.0054	10928400	1334.680876	100.0000
44976	10.0828	11032.4997	13904800	1382.820028	100.0000
54230	4.9007	28151.5788	17245200	1389.520759	100.0000
58314	39.4718	4714.7373	23262400	1557.173634	100.0000
55268	48.4523	2627.5412	15913800	1589.857535	100.0000
49104	57.8866	3274.6768	23695000	1592.536939	100.0000
60730	7.6790	14560.4431	13976200	1635.610261	100.0000
59286	39.1061	2449.8654	11975600	1689.791050	100.0000
43302	47.2684	4397.9341	25985400	1733.156524	100.0000
53536	11.8687	6952.8493	10315200	1748.413340	100.0000
41438	64.3651	3073.4919	24728200	1768.537412	100.0000
59152	29.8266	4346.0772	16203600	73.275828	100.0000
46758	55.9385	3107.2145	21726600	83.959341	100.0000
36086	16.0712	5292.9531	10633000	406.585002	100.0000
60178	76.7342	2846.1872	27300000	495.095636	100.0000
60902	36.1954	2832.2237	12814200	529.631057	100.0000
52532	26.8315	5707.8016	19143600	707.232015	100.0000
57814	11.6023	8754.5512	12696600	705.596622	100.0000
50656	50.4364	1908.6225	12033000	713.003098	100.0000
34556	15.5522	7789.9223	15143800	763.176586	100.0000
57910	15.2240	7098.5764	13508600	792.317682	100.0000
48760	22.8425	6711.9220	19164600	885.947516	100.0000
47712	50.1896	2654.4119	16653000	990.219582	100.0000
44768	32.1663	4229.4719	17005800	1212.541118	100.0000
52608	46.4231	5052.2048	29317400	1227.666453	100.0000
59704	50.2930	4610.8964	28987000	1313.250628	100.0000
55656	85.5978	2328.1149	24910200	1423.706709	100.0000
51310	15.8891	13834.0641	27476400	1425.245209	100.0000
43228	11.2273	11419.1282	16025800	1577.738323	100.0000
50500	45.2109	2573.3954	14543200	1667.661602	100.0000
58616	48.8068	2770.9280	16905000	1753.332140	100.0000
35874	50.1334	2546.3599	15957200	63.460207	100.0000
42104	41.2443	2207.4529	11380600	174.103181	100.0000
35862	52.8169	3828.4096	25275600	203.648453	100.0000
40776	13.3621	8224.3154	13736800	215.842334	100.0000
45290	13.1829	7641.1922	12591600	406.478507	100.0000
44190	43.7926	5221.4076	28582400	497.107373	100.0000
40518	63.3864	1766.9414	14000000	502.686252	100.0000
59544	61.9599	2084.3671	16143400	511.355319	100.0000
48480	12.8079	11247.3230	18006800	518.243328	100.0000
44478	81.4636	2307.5423	23497600	608.990090	100.0000
57910	20.5602	12030.0696	30917600	629.269966	100.0000
48016	72.7246	1222.4962	11113200	744.411141	100.0000
43920	6.6303	33743.5391	27966400	751.404478	100.0000
58662	31.3346	2726.1356	10677800	870.581575	100.0000
54912	4.3959	41254.3568	22668800	863.273288	100.0000
34640	71.0486	1248.1822	11085200	913.214093	100.0000
48088	58.8767	3047.2624	22426600	1127.598290	100.0000
42890	42.9859	1864.5019	10018400	1147.604976	100.0000
34410	51.4584	1807.3796	11625600	1158.752317	100.0000
44212	49.0461	4783.3884	29325800	1187.270734	100.0000
52254	55.5275	1536.7660	10666600	1418.398264	100.0000
45834	11.7657	10971.8619	16136400	1614.462247	100.0000
44598	13.8998	6123.0401	10638600	1630.662531	100.0000
46888	5.4452	20710.3372	14096600	1725.671484	100.0000
60078	17.7388	6746.9754	14960400	17.369624	100.0000
40664	56.0520	1599.1144	11204200	137.019394	100.0000
59158	35.4869	5939.1413	26345200	164.759582	100.0000
56202	71.4593	1398.5254	12492200	226.001097	100.0000
45892	82.8622	1049.8197	10873800	355.558319	100.0000
60380	43.8771	4793.4971	26290600	506.604771	100.0000
40510	11.1818	9813.9890	13717200	699.618085	100.0000
35530	12.7210	7757.5334	12335400	836.583768	100.0000
52946	36.4565	4087.8121	18628400	853.536842	100.0000
53496	39.7534	2656.4947	13200600	918.749150	100.0000
43058	41.4854	3453.7865	17910200	964.439201	100.0000
41962	41.0098	3409.1770	17476200	969.412691	100.0000
47030	9.8498	19174.5058	23608200	950.379257	100.0000
58266	7.4069	14764.0887	13669600	1091.687545	100.0000
36838	8.2712	10808.4175	11174800	1239.181989	100.0000
57950	66.2852	2993.4158	24802400	1276.842098	100.0000
42940	4.2960	59279.8965	31833200	1318.672522	100.0000
37768	63.1681	1504.9629	11883200	1425.692459	100.0000
54356	47.0639	3247.8715	19107200	1664.275333	100.0000
45846	52.2670	3607.0459	23566200	27.286595	100.0000
34722	20.8217	10772.5506	28037800	159.290627	100.0000
34824	39.3972	2189.5553	10782800	382.579819	100.0000
43214	17.1886	5861.7334	12594400	404.226935	100.0000
48010	59.2248	1434.9667	10623200	415.189484	100.0000
42586	15.4859	7461.6553	14443800	451.029904	100.0000
36216	55.4480	3188.2243	22097600	632.457916	100.0000
60628	28.1336	2889.0148	10159800	759.395928	100.0000
54902	24.1082	6010.6232	18113200	797.127471	100.0000
60356	61.0328	1694.8792	12930400	972.291914	100.0000
52354	66.7571	1311.8127	10946600	1143.914667	100.0000
58962	71.6797	1628.1329	14588000	1161.918075	100.0000
47112	6.8931	12228.4151	10536400	1286.783059	100.0000
46568	12.3105	6506.8449	10012800	1315.454245	100.0000
52244	15.6256	7072.4083	13813800	1511.901150	100.0000
50958	55.7067	4039.3526	28127400	1663.032333	100.0000
49606	5.0215	30639.0036	19231800	1686.772108	100.0000
58938	28.1782	3107.0247	10943800	1719.823193	100.0000
36002	39.1212	4866.6364	23798600	1727.461308	100.0000
54356	3.8101	32817.5570	15629600	1707.977713	100.0000
46494	3.9286	61516.7877	30209200	1678.525135	100.0000
34526	41.8227	3215.1700	16808400	1777.905144	100.0000
58822	62.9597	2009.1073	15811600	158.248266	100.0000
50934	26.8255	3689.1407	12370400	189.024473	100.0000
44406	71.3602	1251.9919	11167800	221.565816	100.0000
53818	29.7346	5752.0655	21379400	532.485919	100.0000
40920	10.2948	12981.1513	16704800	702.029586	100.0000
39976	65.0421	1959.2464	15929200	933.563993	100.0000
48184	17.3191	9693.1852	20984600	991.196024	100.0000
35916	57.5432	1697.0337	12206600	1112.103840	100.0000
37970	47.9553	2782.2901	16678200	1112.602345	100.0000
59412	35.4189	2655.2577	11755800	1291.088476	100.0000
55486	11.8564	20878.3580	30942800	1278.382900	100.0000
35478	7.6908	12301.2189	11825800	1350.109901	100.0000
50146	58.6934	2065.8406	15156400	1604.412498	100.0000
46368	31.6998	3059.3504	12122600	1623.747530	100.0000
52194	8.8702	10333.5489	11457600	1663.817499	100.0000
57528	19.6555	5253.7080	12908000	277.271170	100.0000
51224	4.4808	20378.7122	11414200	787.186937	100.0000
53972	55.8864	2090.0415	14600600	815.670867	100.0000
44580	5.2200	40349.8266	26328400	865.820648	100.0000
55468	30.4120	4260.5775	16196600	1045.910903	100.0000
39516	9.6077	8985.4562	10791200	1191.375045	100.0000
54732	17.2463	10554.9146	22754200	1197.624552	100.0000
41872	41.8747	4190.9045	21936600	1214.517330	100.0000
50382	8.3950	12935.7621	13574400	1222.483248	100.0000
43638	13.3698	7933.9517	13259400	1284.695984	100.0000
51726	61.3730	1412.6598	10837400	1373.159410	100.0000
35140	3.9559	26143.7120	12927600	1366.561236	100.0000
47008	76.1782	2366.3450	22533000	1406.062541	100.0000
43686	10.7374	19051.9237	25571000	1391.035450	100.0000
40796	77.1886	1466.3715	14148400	1419.894785	100.0000
43876	16.0355	8710.3780	17459400	1520.402049	100.0000
57432	45.1328	4293.3563	24221400	1529.911337	100.0000
56340	6.6390	28064.9598	23290400	1556.219580	100.0000
49660	7.0341	28977.1636	25478600	1584.055957	100.0000
37548	47.2011	1976.8002	11663400	1689.519119	100.0000
48834	32.6540	5099.9129	20816600	1689.758837	100.0000
39362	41.6299	3238.3998	16851800	28.623978	100.0000
36896	63.3512	1798.6835	14243600	98.962853	100.0000
34776	18.5233	5022.1713	11628400	185.564578	100.0000
42688	75.9977	1485.5186	14112000	313.218015	100.0000
56332	9.5179	9027.9182	10740800	420.544695	100.0000
59212	57.7346	2290.0664	16527000	687.991250	100.0000
55104	66.6409	3062.8170	25513600	740.304127	100.0000
50166	71.9518	1836.9419	16521400	778.910907	100.0000
59980	70.0934	3431.2619	30063600	866.466831	100.0000
43906	20.2490	9356.4587	23682400	1020.651268	100.0000
37126	13.3700	7241.8662	12103000	1059.719724	100.0000
47608	12.1334	11776.5392	17861200	1181.003945	100.0000
60014	34.6201	6797.9391	29418200	1336.647878	100.0000
49706	51.4660	2114.6076	13603800	1360.536041	100.0000
59808	16.5661	6610.0196	13687800	1572.049878	100.0000
43654	59.2181	1795.4242	13290200	1653.389373	100.0000
47244	7.1177	32817.6600	29198400	1701.367157	100.0000
36372	44.9621	3716.0559	20885200	1732.752946	100.0000
48190	32.6776	4752.8106	19413800	1754.824749	100.0000
39044	52.1442	2534.7254	16521400	27.750180	100.0000
39996	57.2368	1505.9410	10774400	41.810453	100.0000
56630	48.5239	2907.3355	17634400	43.730056	100.0000
44312	79.3358	1359.3466	13480600	288.733872	100.0000
39374	56.7846	1727.7933	12264000	295.151482	100.0000
33718	71.4034	1212.1778	10819200	307.259436	100.0000
40374	21.2012	4453.8649	11803400	441.392648	100.0000
49508	37.3340	2580.5557	12042800	535.379846	100.0000
46142	21.4837	11936.2690	32054400	642.570564	100.0000
51990	15.3730	12960.2146	24904600	754.511974	100.0000
35590	55.4638	1876.9704	13013000	788.622255	100.0000
34026	23.7733	8935.1905	26552400	797.307977	100.0000
45370	21.7475	9426.0836	25624200	800.542077	100.0000
59002	34.0605	2356.7016	10033800	855.738706	100.0000
57448	74.1476	1978.0007	18333000	881.433364	100.0000
33554	71.7201	1622.9989	14550200	982.289235	100.0000
49536	12.9233	9748.9977	15748600	975.933928	100.0000
54792	27.8402	5420.1250	18862200	1068.181588	100.0000
36764	14.4562	8401.4334	15181600	1106.642022	100.0000
34472	40.4170	3122.4908	15775200	1220.301510	100.0000
51842	46.7138	3781.6972	22082200	1238.401551	100.0000
37332	58.7410	3014.8359	22136800	1527.368443	100.0000
35466	68.0059	2637.8641	22423800	1650.502868	100.0000
51146	9.4950	10737.6450	12744200	1648.974630	100.0000
39174	10.7115	10816.7878	14483000	1653.489458	100.0000
39916	20.4133	10080.5685	25722200	79.180075	100.0000
38754	20.9476	7694.9401	20148800	145.854081	100.0000
36392	23.1421	5284.4284	15286600	230.781910	100.0000
51860	68.5736	1310.7090	11235000	249.679236	100.0000
45760	73.8422	2268.4474	20938400	267.021489	100.0000
38984	22.2157	8162.6578	22667400	437.790476	100.0000
44784	15.6489	12126.8782	23721600	539.826791	100.0000
48110	16.1374	5564.1198	11223800	564.899187	100.0000
36654	62.5724	1897.3212	14840000	607.483101	100.0000
54472	50.2214	1699.5769	10669400	677.804503	100.0000
36088	25.4378	3986.3856	12675600	762.177745	100.0000
57018	31.7448	5683.8333	22554000	887.059189	100.0000
47802	53.0247	3342.8074	22156400	1025.843334	100.0000
60440	44.1601	1969.8848	10873800	1147.727752	100.0000
52396	59.7550	1494.0216	11159400	1159.059955	100.0000
53662	44.1362	3410.0226	18813200	1260.250263	100.0000
56186	69.7774	3640.6984	31754800	1294.070015	100.0000
43832	83.7125	969.8533	10148600	1548.145184	100.0000
54088	7.1543	23523.0383	21036400	1671.507802	100.0000
