1	1.366086
3	3.293860
1	4.976828
1	5.418627
5	5.516607
1	5.241035
1	7.253256
4	8.427360
2	8.746349
1	9.203617
1	12.644952
1	13.529057
1	18.713070
1	17.550004
1	18.994908
1	17.355177
1	19.837423
1	19.858153
2	19.881704
1	29.555977
1	32.411203
4	33.352732
3	33.656085
1	40.538114
1	41.652502
1	41.967425
1	42.458705
2	46.200932
4	48.416539
1	48.823018
5	49.687090
1	49.784173
2	50.178239
1	51.093177
3	51.506402
1	52.825787
5	50.598286
1	54.648311
1	55.608607
1	56.185207
1	58.041212
6	58.055965
1	57.784341
1	60.233392
1	63.697751
1	64.218151
1	64.980685
2	66.217318
1	64.969227
1	67.067231
1	72.365763
1	73.188128
1	75.052203
2	77.496148
1	78.899560
2	79.127688
1	79.369511
3	79.737922
1	81.234246
1	84.184529
4	85.260237
1	87.304518
2	88.919964
3	91.551038
1	94.109885
6	94.643193
2	95.202946
6	95.214551
3	95.932347
2	96.335568
4	97.287582
1	98.428340
1	99.466870
3	99.342447
1	101.560579
1	102.571944
2	102.780876
1	105.818651
1	106.624971
2	109.346954
1	111.145565
1	111.731565
1	113.929043
1	118.647487
1	119.029435
3	122.442567
1	122.412423
1	123.469220
1	124.658187
1	124.735417
1	125.619550
3	127.909892
1	128.144389
1	132.240481
1	133.897321
1	134.997774
1	135.079898
1	135.259156
3	136.396133
1	139.807809
1	141.802282
1	143.823802
1	144.080840
1	146.210464
2	147.566372
1	148.086005
1	148.484802
3	149.245803
6	149.802017
1	150.837752
1	155.770619
1	156.601930
1	157.886008
1	159.326944
3	159.372673
1	159.772819
1	160.174911
1	160.502494
1	166.263790
1	172.412100
1	174.024485
1	180.325792
1	180.866497
1	183.749029
1	185.272439
1	185.296283
2	187.656556
2	195.318121
1	196.819585
1	198.636454
1	201.660480
1	203.775777
4	205.979952
1	206.835545
1	207.145141
4	213.064091
1	220.882166
3	221.300974
2	220.344077
1	223.169808
6	233.128691
1	234.435011
1	238.822453
2	239.358642
2	240.031105
3	240.645957
6	243.902497
1	247.146460
1	248.500073
1	250.789258
1	251.420099
1	255.066178
1	255.438972
1	258.880878
3	259.485479
2	260.051411
1	260.378873
3	260.683448
1	260.790431
3	261.512909
1	261.665291
1	264.757232
5	265.651411
6	269.078602
1	269.609768
1	270.919179
6	273.895209
1	277.019461
2	278.316970
2	281.862539
1	283.679780
1	286.168951
1	286.951136
1	287.078891
1	291.314002
1	291.784109
5	292.558641
1	295.226651
1	296.385819
1	297.696246
1	298.521701
2	302.590610
1	302.966207
1	305.210441
1	314.095132
1	315.107143
1	315.486715
1	317.913624
2	320.726722
1	321.037973
1	323.068187
1	323.493088
1	325.785811
1	332.909885
1	333.484727
1	335.231069
1	335.946093
2	338.941449
1	342.366287
1	344.234926
1	344.326400
5	346.598607
1	348.185769
1	349.225027
1	350.080400
1	352.144267
1	352.915750
2	354.947004
1	355.709592
1	355.750212
1	357.175246
1	362.225050
6	363.632623
1	364.516835
1	369.499145
6	369.978232
2	370.565471
1	370.900417
3	374.110354
1	374.258979
3	374.721125
3	376.647467
1	377.178414
1	378.218751
4	382.335470
1	384.106655
1	386.925828
1	387.628940
2	388.910466
5	390.339420
1	393.408262
1	394.356115
2	396.157218
6	407.165047
1	407.712594
1	412.804002
5	415.347484
3	415.461198
1	417.274985
1	419.056927
1	423.629316
1	428.436014
1	430.416895
1	432.030932
1	432.406350
1	434.094991
1	439.766077
3	443.037121
5	448.350017
1	450.977420
1	452.768026
1	454.006260
3	454.193577
1	454.256939
1	459.022271
1	459.186076
4	461.941796
1	461.936365
1	462.361597
1	462.865243
1	463.187655
2	467.053137
1	476.492329
1	480.676937
1	484.806341
1	486.694263
1	489.980740
1	490.889403
6	493.644515
1	493.668930
1	495.241009
1	496.012115
1	496.498417
1	497.161261
1	497.974417
1	507.308118
1	510.778142
5	513.344389
1	514.209023
1	516.470302
1	518.249178
1	521.333954
4	524.628990
1	524.932128
1	526.395938
1	537.660685
1	539.652314
1	540.529065
1	540.730195
1	543.797910
1	544.126166
1	545.773055
1	548.992495
1	550.030608
2	550.363407
1	551.134713
1	551.179845
1	559.695267
1	561.605732
2	562.405473
3	565.205947
3	567.695059
1	570.324909
1	571.086396
1	571.442751
4	580.533824
4	585.844033
1	587.344903
1	589.701443
1	591.257558
1	592.938007
3	593.215835
1	593.680694
1	593.947137
1	598.410855
2	599.678884
4	601.191781
1	604.125731
1	607.421359
1	610.474075
1	611.174578
1	613.234948
1	614.160040
1	615.201362
6	615.433722
1	620.201312
1	620.524500
1	621.283785
1	621.443667
1	626.021013
1	626.605417
1	626.859387
1	627.438359
1	634.747315
1	636.385166
1	636.740855
1	638.802209
2	639.053340
1	641.116592
1	649.333505
1	649.669333
1	651.079564
1	651.570677
2	655.052420
1	657.610636
1	659.336048
1	660.434359
1	661.832655
3	664.314467
6	668.384891
2	670.278714
3	670.933671
1	673.846565
1	675.722940
1	681.280110
1	682.089933
1	682.579985
1	683.244243
1	683.883862
1	685.084752
1	687.323203
2	688.297040
1	688.964560
1	690.574027
1	692.383564
1	693.650592
1	695.654527
2	698.766989
1	698.770355
1	702.853125
2	704.588845
3	704.881622
1	708.938063
1	709.376369
1	710.086281
3	713.100847
1	713.909407
2	715.781653
3	717.629770
1	719.406383
1	721.880701
1	723.805472
6	724.254088
1	727.344553
4	728.937999
2	729.963331
4	729.993062
1	732.440494
1	735.638122
1	736.646814
1	737.226169
1	740.916126
4	743.332814
2	746.590194
1	748.384879
1	748.652351
1	750.794821
1	754.914387
1	755.944187
4	755.968433
1	756.695782
1	759.968698
1	762.393163
1	764.651251
1	767.116453
1	767.630516
3	771.838302
2	773.560054
1	776.372425
3	777.857166
1	777.967597
4	778.358317
1	780.746542
3	781.697882
2	782.109843
1	784.312925
1	791.969788
5	793.948145
1	794.818629
1	795.385871
1	795.857129
1	796.217914
1	797.014537
1	798.967413
3	799.690942
1	802.791613
5	803.622432
1	804.495675
2	806.337888
1	807.365639
1	809.765717
1	811.573662
3	813.683484
1	815.850825
1	816.379164
1	818.064752
1	818.738556
1	819.661932
3	821.172302
1	821.404682
1	822.161890
1	825.192172
1	825.728340
1	825.862056
1	826.333682
1	827.140128
1	829.001482
1	831.054046
1	832.670663
1	833.914594
4	836.927397
1	837.519689
1	841.150563
1	841.942122
1	844.710105
1	848.747469
1	849.499323
1	849.646685
1	851.414585
1	852.422907
1	853.016673
6	854.054291
1	856.229382
1	857.126010
1	860.389812
3	864.131564
1	864.609363
6	872.228557
1	875.227585
3	879.875631
2	880.510099
1	879.238993
1	881.730712
1	882.609442
1	884.371144
1	886.306462
1	889.149113
1	896.316948
1	904.997150
1	909.569122
1	910.111629
1	910.359181
4	910.632349
4	916.634266
1	921.544564
1	925.027609
2	928.703647
1	936.327661
1	938.683925
5	941.615917
1	943.807451
1	949.274307
1	949.302518
1	955.987841
4	960.143481
1	963.818457
1	971.194020
1	975.099704
1	975.879677
6	978.117630
1	978.386421
1	978.633354
1	989.684366
1	990.636159
2	991.215602
2	991.944160
2	993.605551
1	997.693552
1	999.141916
1	1002.213125
5	1002.890958
1	1003.428745
2	1005.031453
1	1008.343386
1	1009.253808
1	1018.492870
1	1020.441682
1	1020.909629
3	1025.079594
1	1028.673010
1	1032.252974
1	1038.943258
1	1042.243564
5	1044.312040
4	1046.048325
5	1047.529177
1	1048.300124
1	1050.441314
1	1055.262056
2	1056.860793
6	1058.819580
6	1065.524552
1	1075.815130
1	1079.790726
1	1084.223896
2	1091.728067
1	1094.034627
1	1097.665695
1	1102.892538
1	1105.538255
1	1113.811620
2	1118.593551
4	1119.000496
3	1121.868031
1	1121.876879
1	1123.554288
1	1126.913364
1	1128.759637
5	1131.732985
6	1134.736940
6	1134.914520
1	1134.953010
2	1135.465878
1	1135.676186
1	1137.789338
1	1138.550726
1	1141.190004
1	1142.958318
3	1143.695889
3	1149.351051
5	1150.319862
6	1154.638164
2	1155.153379
1	1157.323141
1	1159.579162
1	1161.349500
1	1162.711211
6	1167.137384
1	1168.678024
1	1169.285160
1	1169.722669
1	1171.168961
1	1175.224866
1	1176.301264
2	1183.020071
1	1184.050088
1	1185.033264
1	1185.157979
1	1189.980867
1	1195.663534
1	1196.365112
1	1196.804487
2	1213.888675
1	1216.503948
4	1217.137350
1	1219.694045
1	1222.239924
4	1229.026934
1	1229.659645
1	1229.994851
1	1232.260014
1	1234.182380
1	1236.989036
1	1237.156953
1	1237.711293
1	1238.019879
1	1242.410649
1	1242.685065
1	1246.413563
1	1247.370071
1	1247.940094
1	1249.282069
1	1249.389525
1	1249.726127
1	1252.283484
1	1254.583904
1	1255.122811
1	1255.397166
1	1256.028616
1	1258.043663
1	1260.963592
1	1261.191172
2	1264.726764
1	1265.155906
4	1277.014797
2	1280.754638
1	1281.673042
1	1283.538440
1	1284.334727
1	1287.848848
2	1287.481249
1	1291.187471
1	1300.519769
1	1302.545397
3	1303.902325
4	1309.401583
1	1313.144062
1	1313.356896
1	1313.910760
1	1325.462289
5	1327.901760
1	1331.969082
1	1333.861647
1	1335.957855
1	1339.344675
1	1339.776790
1	1339.810168
1	1339.853760
1	1340.113883
3	1344.172907
1	1345.556087
1	1348.017166
1	1348.749010
1	1349.718408
2	1353.523513
1	1355.158664
1	1356.336225
1	1357.317323
1	1358.329953
2	1359.315137
1	1362.468915
1	1362.678215
5	1364.192546
1	1364.597113
1	1365.921124
1	1367.691569
2	1371.437404
1	1373.439931
1	1375.805336
5	1376.384460
1	1382.126444
1	1385.615307
2	1386.323851
1	1387.617444
1	1389.789557
1	1389.959002
1	1394.019556
1	1394.325255
6	1394.636755
1	1398.214486
1	1406.844578
1	1408.630666
1	1409.211003
1	1409.914377
2	1410.703090
1	1412.769061
1	1415.362438
1	1415.471154
2	1415.550725
1	1415.829551
1	1416.786309
1	1417.606901
4	1420.235871
4	1421.755063
1	1423.783649
1	1425.660607
1	1426.949850
4	1428.069975
1	1429.034636
1	1429.407858
1	1430.869945
1	1433.286520
1	1433.497851
3	1437.837097
1	1438.271957
1	1440.099094
1	1440.509067
3	1440.552898
1	1442.573596
7	1445.876423
3	1446.975745
1	1447.903967
5	1452.067587
1	1455.546776
1	1456.139508
1	1456.797336
1	1456.933562
1	1469.025744
1	1479.471611
3	1482.791624
1	1484.709369
2	1489.868958
5	1492.126300
5	1493.599104
1	1497.898009
1	1501.386922
1	1506.558748
1	1511.864819
3	1514.283983
1	1514.574482
6	1514.627052
1	1518.396395
1	1520.418741
1	1521.806517
1	1521.817262
1	1533.048386
1	1536.614617
1	1538.046766
1	1542.171461
1	1550.854689
2	1551.040365
1	1554.996362
1	1557.594857
2	1559.482802
1	1559.693036
1	1560.966462
5	1566.046008
1	1567.894475
5	1568.872554
1	1568.911720
6	1570.196909
2	1570.453495
3	1575.679767
1	1578.150478
1	1578.835774
1	1579.166468
1	1580.401342
1	1581.915103
1	1582.308289
4	1584.805370
1	1585.552683
1	1587.691820
1	1591.279734
1	1591.412173
1	1591.704748
1	1592.710701
1	1595.863445
1	1599.986801
1	1602.383877
1	1602.981462
1	1603.963751
3	1608.168376
1	1611.462049
1	1614.156473
1	1619.818140
1	1625.172549
4	1625.493526
3	1625.765926
1	1626.425430
1	1628.384273
3	1630.463662
2	1631.733215
1	1634.074885
1	1634.854365
1	1635.004961
1	1640.159896
5	1643.190770
2	1649.550750
1	1651.850193
4	1656.142505
1	1656.205268
1	1657.660184
1	1662.400718
2	1664.987315
1	1671.599228
1	1678.610276
2	1683.328286
4	1683.423462
2	1690.443828
1	1694.741403
1	1694.934629
1	1700.140077
1	1703.915869
1	1707.190112
4	1709.249088
1	1709.286992
5	1709.733422
2	1710.952418
1	1715.578577
1	1715.681862
1	1717.076403
2	1717.323720
1	1718.777728
4	1725.627377
1	1726.437634
1	1737.871540
1	1740.738914
1	1742.541733
1	1744.737145
1	1744.903777
5	1746.954723
1	1749.826902
1	1750.516103
1	1751.718667
1	1753.336739
1	1756.378026
1	1758.980977
1	1762.537284
1	1762.766800
1	1763.497702
1	1764.298981
1	1764.798437
2	1769.229132
1	1772.410679
1	1774.644926
1	1775.000178
1	1776.191297
1	1780.063740
1	1781.331258
1	1783.982768
1	1784.429778
1	1791.980306
1	1794.568834
1	1794.628353
1	1794.814981
1	1796.773580
6	3.251678
5	3.570785
3	4.060860
1	4.520573
5	5.827601
2	6.316988
6	6.381919
1	6.616941
5	8.189809
1	7.853464
1	9.050009
6	9.453042
1	10.273710
1	11.459851
1	11.954001
1	13.740652
1	16.020744
1	17.066681
1	17.585867
1	20.973477
1	21.228587
1	22.235355
1	23.173838
1	23.645244
1	23.827161
1	24.378714
1	25.757049
1	25.874144
1	28.532831
1	29.288925
1	29.473794
1	30.140669
1	30.830914
1	31.453003
1	32.638062
1	32.673139
1	33.873385
1	34.271139
1	33.635322
1	35.815450
1	37.736420
1	40.865936
1	41.714194
1	42.233619
1	43.184034
5	43.715749
1	43.832683
1	44.074568
1	44.384250
1	44.921253
6	45.017168
4	45.341556
2	50.846060
1	54.005478
1	54.858858
1	55.220358
1	57.173054
2	59.083942
2	59.889646
1	59.931448
1	60.099451
1	60.442601
4	61.590174
5	62.808049
1	63.957860
1	64.432689
3	64.678409
1	64.776252
1	66.524668
1	67.437913
1	69.942030
4	70.176457
1	73.766707
1	74.937169
1	74.980657
4	78.103725
1	78.193491
1	79.490652
1	79.618190
1	79.637930
1	80.242975
1	82.993667
3	84.155325
5	85.590047
1	86.123846
1	88.311883
1	88.384305
1	87.692886
2	89.705184
1	89.781307
1	89.993006
4	93.859473
1	95.768129
1	96.862383
1	97.559129
1	97.936686
1	98.058297
1	100.339547
1	101.279619
1	101.636484
1	103.645762
1	104.089258
1	106.029123
1	106.672604
1	107.822007
1	108.420787
1	101.967581
1	110.312981
1	110.318856
3	111.929387
5	113.266862
6	114.145947
1	119.239595
2	120.270168
1	120.403952
1	121.399279
6	122.170158
1	123.109492
1	124.183165
1	124.419202
1	125.365072
1	125.668857
1	126.819643
1	127.499689
1	130.668044
1	134.922959
1	135.907005
1	138.926424
1	140.385084
1	140.474193
2	144.190815
1	144.238885
1	145.803706
2	148.978617
1	149.058614
1	156.398795
1	159.562400
1	152.699335
1	159.869957
1	160.475107
1	162.651761
1	164.113921
1	164.680018
3	164.881470
1	165.223808
1	167.595670
1	169.304341
1	171.194206
1	173.867922
1	174.417697
1	174.525070
1	174.560118
1	174.035501
5	175.337686
1	178.401267
4	179.047156
2	180.594810
4	181.491139
2	184.206499
1	184.311661
3	184.656061
3	186.552910
1	186.598026
2	191.994208
2	195.092202
1	196.203381
4	199.976923
1	201.051636
1	201.574487
6	205.173789
3	198.185989
3	205.652481
1	205.792430
1	206.008734
1	199.138782
1	206.241327
2	206.296010
1	207.728205
1	208.098785
1	215.564270
1	216.758941
1	218.317654
1	218.599916
1	219.892793
1	222.183988
1	222.592288
2	224.486219
4	225.971954
1	226.816777
1	228.713421
1	229.544940
1	223.639099
3	231.332512
1	231.591574
1	232.113732
1	233.626210
1	234.786286
1	237.537734
1	238.746514
2	239.805109
4	242.549519
2	242.674135
1	243.046051
4	245.390976
1	246.782769
1	249.863611
1	250.400533
4	251.963609
1	253.032271
1	253.154374
1	256.096927
1	258.380032
1	261.152229
1	262.294362
1	262.621473
1	262.783963
1	265.222356
1	265.775735
1	265.984275
1	267.275780
1	268.673717
1	269.157314
1	269.858508
5	278.570918
1	278.826990
1	281.073608
1	281.899920
4	276.550416
1	287.540532
2	290.635360
1	290.638616
4	290.751694
1	290.781827
1	292.111461
1	292.227529
1	293.401652
1	294.073057
1	294.557505
1	295.264510
1	295.332669
1	295.833777
1	298.884515
1	299.117025
1	302.481781
1	302.501192
1	305.047955
1	308.169900
1	301.222054
1	308.783859
2	310.758985
2	313.816472
5	315.148928
1	315.170798
1	318.397349
1	319.013008
2	319.818093
1	319.900396
1	319.913002
1	321.695661
1	315.903492
1	323.047078
1	324.761335
1	330.113227
1	323.750399
1	326.155183
1	332.043264
1	333.668994
5	334.837523
1	335.313630
1	335.305773
4	336.811714
2	338.133338
1	344.072796
1	345.391905
4	347.250770
1	349.718741
4	350.018949
4	354.249054
1	355.157407
1	355.413984
1	349.800474
4	357.048675
1	358.116645
1	358.170795
1	358.734439
2	359.901076
1	360.888814
1	361.499017
5	361.880595
1	361.928595
1	362.194179
1	363.992427
1	364.101632
1	360.145785
1	365.814478
1	365.848384
1	365.981988
3	362.406977
1	371.485384
1	371.705522
1	364.961566
1	374.245070
1	377.163053
5	378.546115
1	378.661403
1	380.027365
3	380.067811
1	373.426914
1	381.111060
4	383.090226
1	376.316588
1	383.623716
1	383.951637
1	377.567255
1	384.673415
1	380.953841
4	385.981210
1	386.595822
1	387.097329
1	387.420503
1	389.280617
1	390.668061
2	391.719604
1	393.827812
2	394.790973
1	397.642089
3	390.819709
1	399.362041
5	403.447602
1	396.974533
1	404.376319
1	404.757333
1	405.546407
1	407.924488
2	408.003033
1	408.179586
1	411.297688
1	413.090145
1	410.986868
1	418.123464
1	418.646534
1	420.332773
1	421.967448
1	423.132280
1	416.509268
1	426.442517
2	426.824182
1	428.816938
1	431.594257
1	433.957178
6	434.822300
1	436.461370
4	440.521211
1	441.155824
1	442.145128
1	446.234242
1	446.659546
1	447.201623
1	447.747249
1	451.142812
1	445.333082
1	454.277327
1	455.388689
2	449.695003
1	458.602031
1	458.971788
1	459.169154
1	461.512388
1	464.671267
1	464.919687
1	460.038240
1	466.028858
4	466.785088
2	469.166722
1	469.186225
1	469.331291
1	473.144656
1	473.662172
3	475.593866
1	476.661176
1	478.439053
1	479.002002
1	479.944687
2	480.720731
1	482.213810
1	485.325581
1	485.126429
1	490.131976
1	490.785703
5	490.824631
2	491.834500
1	492.195895
1	494.400045
1	495.992378
1	496.077071
4	496.624571
1	496.768621
1	497.814409
1	499.418514
1	492.533787
1	499.550676
1	500.381356
1	510.320448
1	513.731347
4	514.504378
2	514.632549
1	514.952701
1	515.437623
1	509.243749
6	516.452210
5	516.366113
1	525.377512
1	528.489736
1	528.579866
1	528.653237
1	532.896692
1	533.301176
4	534.616851
2	536.037889
3	529.510928
1	530.085491
1	534.274465
1	542.703263
1	543.420517
3	545.092279
1	545.359868
1	546.045173
1	547.372444
4	548.186907
1	549.490595
1	549.532989
1	550.534925
1	551.214288
1	544.920204
1	553.315195
1	553.920333
6	556.225798
1	556.645000
1	550.316942
1	557.995999
1	559.207407
1	559.713126
1	559.830069
1	560.624010
1	560.612806
1	561.517080
1	562.569958
1	563.491028
1	565.702947
1	567.677568
1	567.743170
1	569.015658
1	569.240585
1	571.236860
1	571.411579
1	571.522913
1	575.749075
1	576.220004
1	574.771160
4	577.627877
1	578.047403
1	574.485801
4	581.850403
1	583.010638
1	583.572285
4	583.934857
1	584.103786
1	585.641874
1	586.068592
1	586.329819
2	587.367658
1	587.530000
5	587.667367
2	589.995890
1	590.297328
2	591.475829
1	591.956447
1	591.815943
1	593.391477
1	594.166374
1	597.135927
1	597.237275
1	598.167012
1	599.513516
1	599.531101
1	602.133393
1	603.663322
1	606.606018
1	601.588445
6	609.384632
1	609.804585
5	609.817132
1	610.085040
1	610.655644
1	604.068939
1	611.146118
1	604.660893
1	612.314332
6	613.431507
1	613.799197
1	616.683761
3	617.086358
1	617.278310
1	611.988381
1	619.449942
1	620.845871
3	624.115923
1	624.630361
2	624.746908
1	625.443123
1	628.496230
1	632.341137
1	634.825522
1	637.583056
4	639.646962
1	639.690334
1	642.158118
1	643.126053
1	643.981811
1	647.847280
1	649.734547
1	650.261991
1	650.454110
1	651.627458
1	650.792550
1	655.711069
1	656.915966
1	657.291241
1	659.353386
1	653.428034
1	662.248531
1	657.846589
1	666.458914
2	667.730238
1	668.207845
6	671.307957
1	671.438129
2	672.946110
1	673.331424
1	666.910750
3	673.956213
1	674.087317
1	674.728597
1	675.638672
1	675.717220
5	669.491331
2	677.506517
1	679.574682
5	681.592518
1	681.765451
1	682.260721
6	685.110599
1	685.131959
1	680.669999
6	689.496125
1	699.400617
1	699.518567
1	699.760700
1	700.503149
1	693.751610
1	701.441455
1	702.494950
1	696.251184
5	703.731185
5	704.260285
1	708.854408
1	709.145374
1	713.852484
2	713.893891
1	715.090762
2	716.868094
1	717.142022
1	719.244161
1	722.181095
1	723.247192
1	733.843512
4	734.458884
6	727.606823
6	734.703382
1	735.729813
1	729.485110
2	737.581571
1	737.936505
2	742.076801
1	743.400405
1	747.578865
1	753.593794
4	753.694996
1	753.862226
1	754.173859
2	754.604949
1	755.054275
1	755.181269
2	755.555319
1	756.974498
6	750.267133
6	758.934224
1	759.366924
1	753.833359
2	755.439178
1	762.503064
1	763.526843
2	765.778700
2	762.882166
1	769.920870
1	770.893130
1	771.535232
1	771.703507
1	771.750344
4	775.656729
1	776.582803
1	777.111839
1	781.333092
2	783.894436
3	784.446838
1	786.260445
1	786.974170
2	789.557428
2	789.737777
1	797.667589
1	798.270335
1	799.460820
1	800.072102
1	794.634648
1	802.150929
1	805.396027
1	805.650066
1	808.836094
1	804.119422
1	811.261373
1	813.021596
1	810.204438
2	815.585640
2	815.756229
1	809.500991
1	810.745430
1	817.821197
1	818.410522
2	819.311425
1	820.911484
1	823.846420
4	819.936930
1	821.194808
1	830.597848
1	832.865805
1	836.406336
1	836.798999
4	836.923091
1	837.329155
1	837.386462
1	837.782544
1	837.795204
3	838.097491
1	838.651867
1	832.334627
3	840.035460
4	840.172387
3	842.471870
2	843.023047
2	845.347768
1	845.598880
1	846.809809
1	848.681104
1	844.578437
1	852.284871
1	846.057886
4	858.398870
1	859.105613
2	852.323740
2	861.012245
1	861.332863
1	862.004459
1	862.187779
1	863.999813
1	865.415555
1	865.811768
1	865.912035
1	865.940533
3	866.792460
1	867.652324
1	869.985888
1	870.227662
1	863.994870
1	872.300827
3	874.320527
1	875.814903
6	877.010056
1	878.222221
1	871.366642
1	879.537834
1	883.474439
4	886.792336
1	886.841479
4	887.042478
2	889.250001
3	890.919605
1	891.892829
1	887.301308
1	893.904841
1	893.972811
1	894.094607
3	896.843198
1	898.300602
1	901.532906
1	902.726814
1	903.053483
1	903.435715
5	905.057588
2	905.251344
1	906.509870
1	906.577330
1	906.653813
2	907.091627
1	907.723629
1	908.438530
3	908.591486
1	909.889807
1	910.715531
1	910.901287
2	911.538786
1	913.094604
5	913.492660
3	907.243882
2	916.525857
1	918.783392
1	913.260030
1	920.231712
1	921.092230
1	923.025098
1	916.210130
3	924.714587
1	925.474663
1	931.086679
4	931.191419
1	924.407965
1	931.616382
1	932.442488
1	933.411814
1	927.391550
2	935.289052
1	937.099767
2	939.862341
1	942.553038
3	942.765265
1	945.765334
1	939.830164
1	948.347447
1	948.946722
1	949.616559
1	944.932057
5	944.089208
3	951.648486
3	954.002050
1	956.693173
1	957.390834
2	957.965353
1	958.294127
1	961.434171
1	962.340725
1	955.628735
1	964.996770
1	966.170668
1	966.231946
1	966.337895
1	959.971084
1	970.440543
1	972.417958
4	974.006479
1	975.128774
1	975.852335
1	976.374481
2	977.013899
1	972.258558
1	981.284488
1	982.510171
5	982.629729
1	982.646417
1	986.810014
1	986.857697
1	987.095143
1	987.567696
1	987.748763
3	989.530217
1	991.209230
1	993.033664
1	986.097605
1	987.141485
1	996.668971
2	997.557889
1	998.014657
1	1000.396017
1	994.056913
1	1002.260771
1	996.071707
2	988.526671
4	1004.835862
1	1005.309686
1	1006.171007
1	1007.827893
1	1008.140095
1	1005.683682
1	1015.003370
1	1016.664175
1	1018.957457
1	1019.098345
1	1022.840929
1	1023.363467
1	1023.676868
5	1029.683912
1	1029.970694
1	1031.035949
1	1031.634476
6	1035.315458
1	1035.569891
1	1032.310046
3	1038.771734
1	1041.102437
1	1042.426079
1	1042.503851
2	1043.753051
1	1044.169470
1	1048.134899
3	1050.031057
6	1054.425637
1	1054.656135
3	1055.770087
1	1055.800199
1	1057.264246
3	1058.828963
1	1052.370815
4	1053.064039
1	1060.291929
1	1061.828272
5	1055.150728
1	1062.158772
4	1062.833518
1	1064.262994
1	1064.460898
1	1064.480564
5	1066.834719
1	1067.189560
1	1072.656888
1	1078.056976
4	1071.939621
1	1079.300437
2	1080.310822
1	1082.519531
1	1076.589586
1	1087.322916
1	1088.949212
6	1090.287224
2	1091.149123
3	1091.635336
1	1091.784662
1	1093.547389
1	1096.878587
1	1098.675592
1	1099.330771
1	1108.656618
1	1103.300288
1	1111.503379
1	1106.993207
5	1115.420833
2	1109.626763
1	1109.643291
3	1110.891530
1	1119.476309
1	1119.525902
2	1112.925539
1	1120.086120
1	1113.410953
1	1121.786761
1	1115.701518
6	1122.923387
1	1127.080095
1	1120.479670
2	1125.197369
1	1129.656997
6	1137.480628
1	1139.207584
3	1142.351842
1	1142.540534
2	1144.756499
4	1146.978608
1	1146.977311
1	1147.163422
1	1147.243595
1	1143.159210
1	1151.177030
1	1151.979382
1	1149.391685
3	1154.439507
1	1149.648312
1	1155.150850
6	1150.440644
1	1152.275031
1	1159.759043
1	1159.963824
4	1161.485649
4	1162.179945
4	1162.431956
1	1166.024854
1	1166.374513
1	1166.895957
1	1171.328747
1	1172.076442
1	1173.107554
1	1174.759460
1	1168.266899
1	1175.359528
1	1176.245061
1	1176.693499
1	1177.573113
1	1178.768385
2	1179.905334
1	1173.983524
1	1182.992575
1	1183.123979
1	1178.595704
2	1187.659839
1	1187.910262
1	1188.508499
1	1193.573055
1	1194.809316
1	1196.135734
1	1196.273596
1	1196.770043
2	1198.547547
1	1202.126091
1	1205.605926
1	1208.251891
1	1208.621062
1	1210.129774
1	1211.269790
4	1213.375757
1	1213.702226
2	1214.378408
1	1215.759081
1	1218.188445
1	1211.475642
1	1220.327422
1	1224.385220
1	1225.645905
1	1229.578242
2	1230.602824
1	1226.069384
6	1233.913952
2	1235.503031
6	1236.937563
1	1238.701539
1	1238.842513
1	1241.953242
1	1243.289120
1	1246.326807
4	1251.536264
1	1252.157106
1	1245.576093
1	1252.798791
2	1255.108833
4	1255.808596
4	1256.023249
1	1257.461636
1	1258.233656
4	1258.527381
1	1252.908001
1	1260.809230
1	1263.108832
1	1265.794824
1	1260.483759
2	1267.553784
1	1269.277225
1	1269.363943
1	1271.165366
6	1273.086904
1	1277.570028
1	1278.264318
1	1278.764861
1	1282.095131
1	1283.720903
1	1278.898274
1	1286.500390
1	1281.220925
1	1288.768053
1	1289.570183
1	1290.339127
1	1290.890417
1	1290.925069
1	1292.025935
1	1292.165130
3	1285.171266
1	1293.285717
2	1294.181375
1	1299.549328
1	1300.101456
1	1301.317937
1	1301.840903
1	1302.628411
1	1304.936268
3	1305.217088
4	1307.348489
5	1309.511590
1	1310.515049
1	1312.950315
1	1313.076701
2	1313.135271
1	1313.963169
1	1315.192094
1	1318.505025
1	1319.346377
1	1320.673939
1	1321.602071
1	1314.906949
1	1321.907162
1	1324.284718
1	1317.800844
3	1325.981015
1	1326.205469
1	1326.999241
1	1328.147210
1	1329.714644
1	1330.194686
1	1323.623390
1	1332.350920
1	1333.906917
1	1334.609108
1	1329.232127
1	1337.244504
1	1337.410276
1	1337.550079
4	1337.855409
1	1340.807812
3	1341.871842
5	1342.191497
2	1344.157113
1	1344.940188
1	1345.084135
1	1339.974277
1	1348.323673
1	1342.514379
5	1342.871971
2	1350.715047
2	1351.150761
1	1351.761481
1	1353.964977
1	1348.784947
1	1356.886153
1	1356.978322
5	1357.302209
1	1352.502788
1	1361.099695
1	1357.743273
1	1365.202586
1	1367.790086
1	1368.024811
1	1369.474567
3	1371.404172
1	1375.297623
1	1375.564530
2	1376.348571
1	1376.433117
1	1380.930011
1	1381.177655
1	1382.988471
1	1383.549402
5	1378.969980
1	1387.154885
1	1387.553038
1	1388.622486
1	1388.831318
1	1389.265894
1	1389.976377
3	1390.975207
1	1391.568350
1	1392.092938
1	1395.207539
1	1396.015198
3	1398.827237
2	1399.076526
1	1400.732114
1	1404.165465
6	1404.465483
2	1404.525506
1	1407.299812
1	1410.689086
1	1410.943983
1	1406.020145
1	1414.166346
1	1414.246880
1	1415.250129
1	1415.394574
1	1415.939346
1	1410.394219
3	1419.655701
1	1420.366916
1	1420.625116
1	1421.440219
1	1421.524061
2	1423.378871
2	1424.616959
1	1426.248376
1	1429.977272
2	1431.692583
1	1431.862595
1	1433.116926
1	1435.210344
5	1437.400208
1	1430.796841
1	1439.125826
1	1441.977341
1	1443.035996
4	1443.374660
1	1445.779478
1	1431.391640
1	1440.256222
1	1447.790670
1	1448.865091
1	1450.367196
5	1451.237438
1	1453.532526
1	1453.541371
1	1453.925882
1	1455.507652
1	1455.828888
1	1450.241065
1	1457.389519
1	1459.283131
1	1454.903342
1	1462.133972
4	1463.498078
6	1457.750804
4	1465.125176
2	1466.789404
1	1466.882637
1	1467.570335
1	1469.566136
1	1471.253212
4	1478.355880
1	1479.637739
2	1479.811736
6	1480.709001
1	1481.031165
1	1481.653705
3	1483.316198
1	1485.335293
1	1486.169761
2	1480.952880
1	1482.496281
1	1482.582791
4	1490.352470
1	1483.383564
1	1490.871946
1	1491.521443
1	1491.789021
1	1492.689145
1	1495.012842
1	1495.600611
1	1492.970742
1	1500.722577
1	1501.406840
1	1503.748663
1	1504.053018
1	1504.193011
1	1505.693327
2	1506.855327
3	1500.364638
1	1508.953651
1	1503.013124
1	1510.779723
1	1514.652600
1	1515.480733
1	1518.028331
1	1518.018371
2	1521.529003
1	1523.146661
1	1526.647543
2	1527.017512
1	1528.718526
1	1528.702865
2	1531.377294
1	1531.506931
1	1532.769676
1	1526.193510
1	1535.166938
1	1535.281495
1	1536.332427
1	1541.612401
4	1542.420236
1	1542.522433
1	1546.859040
5	1548.640662
2	1552.117172
1	1553.108148
1	1558.916242
1	1558.930958
1	1559.818277
1	1562.245013
1	1563.211331
6	1563.868787
1	1563.907648
1	1565.267370
1	1570.231621
4	1571.235166
1	1571.636084
1	1571.761029
1	1572.278319
1	1565.493900
1	1573.732721
1	1575.961636
2	1576.229032
1	1576.500908
3	1578.514573
1	1578.652314
1	1578.703339
1	1573.549714
1	1581.514236
6	1581.609438
1	1575.136713
1	1577.543460
1	1578.068588
1	1587.518045
3	1588.261029
2	1593.534009
1	1594.575533
1	1596.263406
1	1596.751496
1	1596.789397
1	1597.673845
1	1607.605594
1	1604.793814
1	1605.077073
5	1613.190356
1	1613.976588
1	1616.008285
1	1617.050385
1	1617.247844
1	1617.932868
1	1618.116350
1	1621.347723
2	1621.662602
1	1615.478528
1	1623.319836
2	1623.565825
1	1618.440594
1	1625.445482
5	1625.650560
1	1625.716711
4	1627.122884
1	1627.491630
1	1628.467017
1	1630.962320
1	1631.660352
1	1633.295264
1	1633.415599
1	1633.937504
1	1636.245648
1	1638.073966
1	1638.520834
1	1639.322647
1	1641.588047
2	1634.693117
1	1642.522035
2	1646.389752
1	1640.602282
2	1647.908799
2	1652.542277
1	1652.936562
1	1658.429202
1	1660.915342
1	1661.533805
1	1661.575281
1	1661.738603
1	1664.310789
1	1664.422821
1	1666.548357
1	1667.461052
1	1661.074982
1	1668.590255
1	1670.999809
1	1666.416835
1	1676.193428
1	1676.239286
2	1676.895733
1	1677.255197
1	1670.759208
1	1679.659675
1	1684.206524
1	1684.745390
1	1684.990699
5	1688.048927
6	1689.906234
1	1691.546586
1	1691.767886
1	1692.292917
1	1693.508719
1	1694.499488
5	1695.392221
1	1695.512508
4	1689.385571
1	1696.563681
1	1696.857029
1	1697.260949
1	1701.584392
2	1701.798230
5	1702.733139
3	1703.674434
3	1703.754965
5	1697.921473
1	1705.929953
5	1705.940722
1	1706.068281
1	1706.391538
1	1707.715173
1	1700.957835
2	1702.545385
2	1709.756358
1	1713.420419
1	1714.182105
1	1714.540310
2	1708.066556
1	1715.593018
1	1716.290712
1	1716.557149
1	1717.107520
1	1717.991868
1	1718.775964
1	1719.563373
1	1720.509442
4	1721.923050
1	1722.891854
1	1723.246547
2	1723.724691
4	1725.178615
1	1728.303296
4	1730.035723
1	1723.727350
2	1732.743969
1	1733.151920
1	1734.141948
1	1732.097969
1	1740.479671
4	1740.679500
1	1744.621158
6	1746.008547
1	1746.452095
1	1746.529033
1	1746.708107
1	1740.473178
1	1748.000160
1	1751.673805
6	1758.919261
1	1760.131922
1	1761.709355
1	1764.134061
3	1767.500743
1	1769.142420
1	1770.173620
1	1771.551401
1	1775.478172
1	1777.592627
1	1780.517746
1	1782.918338
1	1788.929017
1	1790.771547
1	1793.051677
1	1793.897525
1	1799.222167
1	1792.222082
1	1.275540
2	4.243119
1	6.914538
1	7.441395
5	8.055475
1	10.597366
3	11.947490
1	12.129650
1	12.214917
1	12.282883
1	15.672367
1	15.651639
1	20.035506
1	20.412592
1	21.150649
1	22.378657
1	22.733625
1	23.257414
3	24.211542
1	25.219349
1	27.889644
1	28.810120
1	30.207541
4	29.603462
1	35.264271
1	36.705201
1	37.646305
1	38.538181
1	39.900401
1	41.988663
1	42.408281
1	43.671831
1	43.903674
1	45.790736
1	46.612515
2	46.929358
1	48.888850
1	49.408380
2	50.338846
1	50.714453
1	51.690477
2	53.052497
4	54.391936
1	59.915843
1	60.648287
1	62.599692
1	62.658427
1	63.571511
1	64.179341
1	64.916327
1	65.216829
1	65.934683
1	66.397853
2	60.092120
1	71.132318
2	73.113997
6	73.213091
6	72.041392
1	75.152023
1	78.949277
3	81.029320
2	83.450148
2	84.504856
1	85.510431
1	87.167683
6	87.871086
1	88.033627
5	88.189056
2	91.221874
1	92.010166
4	92.680594
1	93.166897
3	94.128859
1	96.217297
1	96.224134
1	97.503109
2	97.739387
1	96.273726
1	99.316633
1	99.400823
1	100.542306
1	100.961590
1	103.189544
1	104.345605
4	98.841386
5	105.952166
1	106.313071
2	106.356612
1	107.799632
1	110.543189
1	110.621967
1	111.116775
1	115.265037
5	119.617258
1	121.048542
3	121.932241
1	126.140349
4	126.312270
1	127.894601
1	128.400658
2	129.701965
1	133.350946
3	133.409407
1	138.244759
1	131.730967
1	141.675420
2	142.128502
1	144.061352
1	146.444129
1	146.435523
1	148.419759
1	150.092902
1	154.503217
2	156.834874
1	165.655972
2	166.520721
3	171.120160
1	174.038950
1	178.054788
1	178.819798
1	183.329083
1	186.436845
1	187.575340
1	188.676973
1	190.245257
1	190.738342
1	192.630494
1	193.492951
1	194.048684
2	194.828299
3	196.687422
1	197.506459
1	201.269392
4	202.028915
5	202.665255
1	197.862702
1	205.595709
1	206.427280
1	210.104103
1	210.641348
2	211.652680
1	213.062113
1	213.782238
2	214.497267
3	218.316111
1	219.667354
1	219.980338
1	220.528665
1	222.002880
3	222.924734
1	225.016161
1	225.843036
1	226.168107
1	226.206817
3	227.526582
1	229.061985
1	230.001452
1	231.632402
1	233.415499
1	233.579311
1	233.623111
3	234.539284
1	236.068993
1	239.075505
1	239.167609
1	240.065728
1	240.631594
3	240.880310
1	244.294263
2	244.954073
1	245.127472
1	246.098100
3	247.624589
1	249.830885
1	251.207440
1	253.637379
1	253.990328
5	255.238736
1	248.253498
3	255.913088
1	256.505069
1	259.783258
5	260.620153
2	259.239959
1	267.634531
1	268.153352
2	261.316397
2	270.597561
1	271.047018
1	273.909325
1	276.076682
1	276.350544
1	277.995497
5	271.725148
1	272.336786
1	280.974212
1	284.321581
1	288.098530
1	289.891942
1	290.631903
1	290.723203
1	285.162914
6	291.078223
1	287.036728
1	294.658314
1	294.770602
1	298.094149
1	299.772329
1	301.240840
1	301.831407
1	302.964697
1	306.795660
1	300.397774
3	307.510877
1	308.073160
1	311.781343
1	319.472882
1	320.781104
1	314.258100
1	323.824216
1	325.790033
2	320.424681
1	321.375243
1	328.798694
2	329.739170
1	333.860291
1	334.118716
1	334.289978
1	335.217208
1	335.566925
1	338.049332
1	331.119242
2	340.500196
1	343.793178
1	348.150643
3	343.579729
1	350.807347
4	352.289773
2	355.036991
6	355.371577
1	350.855316
1	360.935246
2	362.081298
1	362.109310
1	362.268788
1	362.482421
4	362.746994
1	364.263722
2	364.647656
1	365.208487
4	366.944457
1	365.500086
2	367.497444
2	372.077513
1	373.218868
2	374.114029
1	374.189752
2	374.209366
1	369.086925
2	377.330476
1	377.540642
1	379.176455
1	385.424682
3	388.384113
1	381.395904
1	388.634458
1	394.150894
1	394.634757
3	398.917300
1	399.002641
1	401.577107
1	402.742735
1	403.665132
2	398.919804
1	405.540649
1	407.146246
1	408.197670
1	408.905314
1	409.229054
1	410.110031
3	405.367294
4	413.608050
2	413.715720
1	414.012374
1	414.047054
1	415.705822
3	417.593071
1	419.032222
1	413.035113
1	420.157767
1	422.683820
2	423.728693
1	424.957825
1	424.982579
1	420.798113
1	428.234846
1	423.161663
1	430.367231
1	430.545837
1	433.362559
1	433.416831
4	434.551895
1	435.443340
1	435.901824
1	437.110664
1	430.222258
1	437.268464
1	437.808345
1	438.836547
1	440.285709
1	444.431601
6	444.817861
4	446.677522
1	446.964698
1	447.966691
1	443.384046
1	452.622103
1	455.325858
4	455.672347
1	459.067932
1	459.333146
1	458.359047
1	463.489741
1	463.941495
1	464.767701
2	464.848354
1	465.105422
6	467.625461
4	465.477457
2	465.724038
1	473.487538
1	470.136175
1	470.849341
1	471.760438
5	479.363785
1	483.711132
1	487.005628
1	487.319053
1	487.338271
1	484.262380
1	490.051554
1	491.439497
1	487.481967
1	495.352400
1	498.409508
5	503.100292
1	505.464580
1	507.877133
1	500.962094
1	508.559784
1	508.972453
1	510.284060
1	511.649607
3	514.323942
5	511.582602
1	520.785415
2	523.221435
4	523.878926
1	524.132100
1	527.343826
1	520.390448
6	529.548396
1	532.145307
1	533.182888
1	527.208370
1	534.321342
3	534.335620
1	532.290736
1	537.376180
1	538.036908
1	540.166321
1	542.740051
2	543.053359
1	543.094947
1	543.759428
5	544.156391
1	537.988682
3	548.605301
1	548.761065
1	549.693732
1	550.262634
1	550.685310
1	553.378017
1	553.604046
1	554.033781
1	554.530674
1	554.557945
1	556.877603
5	559.008306
1	561.248647
1	554.879735
1	565.422182
1	566.992661
3	567.201779
1	567.413238
1	569.070242
1	573.647296
1	578.248704
2	580.984417
1	584.048533
1	585.044047
5	586.454991
1	579.563997
3	586.724337
4	587.071046
1	595.395354
1	588.741264
1	589.825376
1	596.895141
1	596.427217
2	598.704091
1	601.273660
1	602.654766
1	596.125787
3	603.862598
1	607.244505
1	600.688908
1	602.085943
4	609.227378
2	609.998068
1	610.148049
1	612.223783
1	613.305215
2	615.701753
3	619.241223
1	622.242680
1	624.392650
5	628.949537
1	630.960717
2	631.141827
1	631.177022
3	631.166028
3	632.467325
1	640.017638
1	640.283102
6	641.472052
1	640.645582
1	642.509148
1	645.899648
1	649.745098
3	643.249803
1	650.924402
3	653.274837
2	653.783447
1	654.599849
1	655.225252
1	655.447271
1	656.614567
2	657.841192
1	659.198837
1	663.288946
1	663.614001
1	657.041684
6	665.974923
1	667.596852
1	668.943620
2	664.602469
1	672.307328
1	674.508338
4	674.764706
1	675.777188
1	676.647483
1	680.078471
4	681.194133
1	682.014331
1	682.860295
1	683.263044
2	685.410280
1	687.617692
1	684.710492
1	692.928428
1	695.780556
1	696.088092
1	698.692975
1	698.823904
1	699.350329
4	701.734440
1	702.081339
4	702.795997
1	702.840597
1	703.066569
1	703.140554
1	709.698083
1	710.153283
1	710.495893
1	712.382971
1	713.239812
1	713.625593
1	715.674928
1	709.027062
1	718.247805
3	718.385726
1	718.517267
1	720.764685
1	715.575079
1	722.952652
1	723.369256
5	723.505522
1	723.610860
1	726.809718
1	727.046944
2	727.658355
1	729.052192
1	729.360584
1	729.898982
1	733.262748
1	734.597363
1	736.451031
1	736.558654
5	737.651404
1	738.841241
1	738.927404
1	739.978084
1	734.691548
1	741.720197
1	742.286880
1	743.296145
1	744.446475
1	746.359063
1	746.834316
1	747.970211
6	750.231451
1	751.174177
1	751.463105
3	752.262685
1	752.961916
1	753.801221
1	757.556902
2	758.493986
1	759.540320
6	761.077044
6	761.872890
5	762.641951
1	765.827126
5	768.874556
1	769.117401
3	771.784807
1	772.268713
5	774.061457
1	775.050132
1	776.434524
4	777.993664
2	779.552800
1	780.651894
2	781.454404
1	781.666156
1	782.806207
1	776.248650
1	784.964858
1	787.582911
1	787.610467
3	784.996024
1	792.783493
1	793.172295
1	793.519450
1	795.123518
3	795.410014
1	789.748610
1	790.930371
2	797.936008
1	800.711645
1	801.412735
1	801.560920
4	803.928935
1	804.976799
1	800.499102
5	801.262032
1	808.535974
1	808.708450
1	808.809862
1	810.485178
2	812.252299
2	813.137493
1	813.382351
1	814.968125
1	811.217303
3	817.739163
1	817.795264
1	819.555337
1	822.763725
1	823.302102
6	824.440807
1	825.601687
1	825.723608
1	826.203510
1	819.289719
1	828.661832
1	829.839070
1	831.883300
5	832.867698
1	826.228196
3	835.014440
1	835.194802
4	835.296905
1	837.271713
1	842.695359
1	844.773060
4	838.697764
5	846.392272
1	847.404401
1	847.472025
3	840.623801
1	849.188587
1	849.983052
1	850.165873
1	850.791256
1	851.620228
1	852.085522
1	854.468102
1	856.974542
1	851.013013
6	862.033686
2	867.098127
1	860.106858
1	869.114451
1	869.690461
1	869.963694
1	863.170770
1	871.724989
1	873.934857
1	874.080811
2	874.315962
1	875.328327
5	875.369948
1	875.777356
1	875.900852
4	876.680062
1	877.703008
2	880.618510
1	880.657962
2	873.825763
1	881.491311
1	886.053906
1	887.035117
1	887.696014
1	888.232474
1	893.413578
1	886.476865
3	894.090481
2	895.547370
4	895.601396
1	898.782657
1	899.935711
1	905.524598
1	899.384558
1	906.357716
1	900.990620
1	909.237855
1	910.861081
2	915.191095
1	908.287474
1	908.979635
1	918.052277
1	918.449899
1	919.016614
1	920.862815
1	921.757856
5	922.478329
1	923.454973
1	924.091593
1	926.554406
1	920.259521
1	927.302268
1	927.944495
1	927.999865
1	928.531893
1	929.977405
1	930.168700
5	930.186669
1	933.320551
1	931.944137
1	936.855860
4	940.019427
1	942.436610
6	944.700608
1	938.010501
1	945.935211
1	946.072166
1	947.267430
1	948.502563
1	948.714898
6	950.064325
6	944.319110
1	952.309399
1	954.135785
1	954.646588
6	954.643520
1	955.270308
3	956.436451
1	957.000845
2	958.115180
1	959.801231
1	960.862949
1	962.068598
1	964.835804
1	965.269787
1	966.114030
2	967.105308
4	961.828769
2	969.312768
1	962.849610
1	970.778463
1	971.143732
1	972.505578
1	973.185626
3	973.858241
4	975.014138
5	977.126552
1	979.194272
4	980.124206
1	980.638922
1	985.501845
1	986.321463
1	986.464576
2	987.979975
1	983.645021
4	996.080316
4	999.156987
1	999.500881
1	999.584384
1	1000.623352
1	1000.729837
1	1000.899364
1	996.178906
1	1002.187460
1	998.092584
2	1004.172565
1	1000.355416
1	1007.720815
1	1009.561995
1	1011.763424
1	1012.705076
1	1013.899953
3	1016.120472
1	1010.547199
1	1018.198609
5	1011.770268
3	1019.282207
1	1013.001521
3	1022.479750
5	1024.088451
1	1025.329302
1	1020.408007
1	1020.683880
1	1021.200877
1	1028.795495
6	1025.551311
3	1032.785985
6	1033.228736
1	1037.256452
1	1037.762944
3	1038.232694
1	1039.399045
1	1040.979621
3	1035.110838
4	1044.589904
1	1038.887742
5	1047.432473
1	1047.862107
1	1054.945301
1	1056.974230
1	1057.093086
1	1061.512523
1	1063.022564
1	1067.082892
1	1067.883178
1	1068.485801
1	1070.085062
4	1070.962157
1	1071.881701
2	1072.431514
3	1073.285514
1	1075.025746
1	1072.029694
4	1081.131938
1	1082.632899
3	1087.162047
1	1089.206610
1	1091.906690
1	1094.148370
1	1096.996180
1	1104.807600
1	1105.513315
1	1099.577574
5	1111.607428
1	1112.740697
1	1114.250934
1	1116.004349
1	1116.282013
1	1116.796471
1	1118.376855
3	1120.528985
4	1113.936094
1	1122.093849
1	1126.279755
1	1119.286470
1	1119.742975
1	1127.039118
3	1127.639038
3	1129.678241
1	1131.897255
3	1125.123293
1	1132.374208
1	1134.751092
3	1136.199362
1	1137.657208
1	1138.847398
4	1139.700063
2	1142.893517
1	1143.192159
1	1150.097556
1	1152.082907
1	1151.518663
1	1152.904907
1	1148.172229
6	1160.832059
1	1163.978640
5	1165.028546
1	1165.096103
4	1165.230648
1	1165.796876
4	1166.368963
1	1169.841170
1	1170.772797
1	1164.183492
1	1170.911239
1	1172.145658
1	1173.371377
1	1177.086721
1	1177.110383
1	1178.414199
5	1179.090515
1	1172.326113
1	1179.977332
1	1180.456421
1	1182.698967
4	1182.742419
1	1186.631476
1	1183.844273
1	1189.062582
1	1190.447863
1	1191.084975
1	1186.680801
1	1194.850930
1	1196.389687
5	1196.240350
1	1199.440194
1	1195.311106
1	1203.116180
1	1203.694848
6	1204.212964
1	1204.420480
6	1204.731633
1	1207.347029
1	1208.473134
1	1211.749716
1	1212.440683
1	1213.387778
2	1213.875455
1	1214.315812
1	1220.617695
1	1216.320704
4	1224.203920
1	1226.647102
3	1219.703107
1	1227.408228
1	1228.170877
2	1228.930454
3	1226.715820
1	1234.157656
1	1236.514931
1	1237.065309
3	1237.246544
1	1238.192248
1	1239.285567
1	1239.325042
6	1239.587176
1	1239.783698
1	1242.495982
1	1235.797765
1	1243.366628
1	1246.550781
2	1247.860195
2	1247.990548
1	1248.406963
1	1249.165391
6	1249.572821
1	1250.804238
1	1252.892807
1	1246.035750
1	1254.438726
1	1254.510473
1	1255.447242
1	1255.576968
1	1249.386157
1	1256.473719
6	1257.208412
3	1258.274207
1	1252.692314
1	1260.806663
1	1262.930432
2	1263.717599
1	1265.287515
5	1267.223091
1	1268.153943
1	1269.271156
6	1269.369671
4	1271.011324
1	1271.060557
1	1272.686910
2	1272.702247
1	1273.790719
1	1275.971287
1	1276.744247
1	1277.874391
1	1278.021030
1	1278.937415
1	1280.395749
1	1280.566818
1	1281.659180
1	1275.692182
1	1282.722032
1	1282.858525
1	1280.455806
1	1280.768743
1	1289.906842
1	1291.984513
2	1292.707612
1	1295.340727
3	1291.848740
1	1301.349453
2	1302.503294
1	1304.036215
1	1305.668575
2	1308.447041
6	1302.727551
2	1311.623486
1	1312.579156
6	1318.401192
4	1322.289760
1	1322.337139
1	1322.478015
1	1320.816641
1	1328.004579
1	1330.258465
1	1331.862137
2	1332.021564
5	1333.421414
1	1333.949233
3	1335.368736
1	1341.350843
6	1336.015461
1	1336.223066
1	1343.370362
1	1344.006141
1	1345.071852
1	1338.312722
1	1347.056096
1	1347.074479
1	1347.478827
1	1347.704319
1	1342.919176
1	1352.392764
1	1352.427102
1	1346.550477
1	1357.634403
1	1360.846677
3	1358.128873
4	1361.457632
1	1363.495288
1	1365.048390
2	1365.615681
1	1367.281090
1	1367.489306
1	1368.685601
1	1369.374027
5	1370.760183
1	1371.962099
1	1372.650942
1	1375.479625
1	1376.507075
1	1376.668397
1	1379.591479
1	1380.309159
1	1381.208685
1	1381.482064
1	1376.782454
1	1382.655522
1	1376.043316
4	1383.424654
1	1383.938801
5	1384.212413
1	1386.681628
1	1388.979435
1	1389.690247
1	1390.686716
5	1392.017879
1	1393.050902
1	1393.843063
1	1394.695614
1	1396.396680
6	1397.924168
1	1406.958824
1	1407.094444
1	1407.423147
1	1408.030551
1	1408.320755
1	1410.991292
1	1404.075572
1	1404.548446
3	1413.039530
5	1406.349520
5	1413.460654
1	1417.023998
1	1419.363936
1	1424.678936
4	1418.413994
1	1426.827161
1	1426.861915
5	1428.873936
5	1429.910530
1	1430.822344
4	1433.514481
1	1435.907862
1	1436.313605
2	1437.691880
1	1437.854524
1	1438.692950
1	1438.962465
1	1439.649851
4	1441.151516
1	1434.404243
1	1442.224698
6	1442.619609
1	1435.974981
1	1446.007320
1	1445.169706
2	1455.388513
2	1455.818003
1	1451.027485
1	1457.159528
1	1460.927948
2	1461.074140
1	1462.614048
1	1456.736982
1	1464.894499
2	1467.244155
1	1467.707408
1	1468.322536
1	1469.047299
1	1464.382687
1	1472.314257
1	1476.147162
1	1476.169338
1	1477.128725
1	1477.733031
1	1472.933715
1	1480.397117
2	1475.053927
1	1482.466285
2	1483.464360
1	1483.511264
1	1483.665799
5	1485.505240
2	1490.528608
1	1494.258926
1	1494.742753
1	1494.882075
1	1495.285766
4	1495.516957
1	1495.569188
1	1495.725162
1	1495.003083
3	1497.751946
1	1499.789747
1	1501.817487
1	1504.591190
1	1506.237657
3	1506.602360
1	1506.729925
1	1507.247162
1	1502.522320
1	1501.191514
4	1508.674548
1	1510.008411
1	1510.153391
1	1505.181837
4	1513.428262
1	1517.148578
4	1518.435027
1	1520.099819
1	1520.341282
1	1520.469061
1	1525.555585
1	1527.160652
6	1520.900953
1	1528.119169
1	1528.135413
6	1531.650741
1	1529.113088
1	1527.496055
1	1536.589905
1	1537.608335
1	1537.763610
1	1539.058279
1	1539.872084
1	1542.137823
1	1543.623598
1	1537.371783
1	1544.555413
1	1546.506459
1	1540.250600
1	1547.526550
3	1551.067025
6	1551.524077
1	1552.046544
1	1552.202997
1	1552.740801
1	1547.142949
2	1555.366526
1	1555.412658
1	1556.180990
1	1556.339987
1	1556.478592
1	1557.532356
1	1557.744054
1	1562.149859
2	1562.615154
1	1565.843930
1	1569.065636
1	1572.490979
1	1573.800856
1	1577.027067
3	1578.677028
1	1579.771023
2	1581.674999
1	1577.878367
1	1586.286231
1	1581.399104
5	1589.866193
1	1593.823329
3	1598.329534
1	1599.197454
1	1592.582694
1	1599.616353
1	1600.224306
1	1600.302901
1	1602.119801
1	1603.035522
1	1605.256087
2	1605.851949
1	1610.252426
6	1612.245201
1	1614.853051
5	1615.612562
1	1615.783087
3	1616.427301
1	1609.971068
5	1613.371357
1	1621.055128
1	1621.178331
6	1621.635913
1	1622.348732
1	1617.927154
1	1626.661141
1	1627.207441
1	1621.612131
1	1630.061614
1	1630.340844
3	1631.380466
2	1631.589227
1	1634.136244
1	1636.065747
1	1636.081102
1	1637.129643
2	1637.953740
2	1638.138481
4	1638.602746
1	1638.969299
1	1639.749382
3	1642.192933
1	1644.079157
1	1645.883533
1	1646.061546
1	1647.533309
1	1648.357019
1	1650.549056
2	1651.177558
1	1651.209513
1	1653.508603
1	1654.677143
2	1656.555834
1	1657.012983
1	1658.410886
1	1658.696861
1	1663.527742
1	1663.341638
1	1663.894656
1	1664.888164
1	1664.904101
3	1665.143763
2	1670.016014
1	1671.798526
1	1672.256586
1	1677.570383
1	1677.936115
3	1671.270556
1	1680.138714
2	1680.444995
1	1684.353813
1	1685.919815
1	1687.461614
2	1682.797103
4	1690.924059
1	1686.253465
1	1692.996229
6	1693.900126
1	1689.845706
1	1696.992645
1	1698.150000
1	1698.849510
5	1698.979095
1	1699.179889
3	1700.440771
1	1701.554374
1	1705.301260
1	1707.129179
2	1707.236533
1	1708.243875
2	1709.126342
1	1709.977771
2	1712.039299
4	1712.151147
1	1713.258923
1	1717.158061
1	1710.216243
1	1717.631687
6	1712.530260
1	1720.352215
4	1723.054120
1	1723.154423
1	1718.297039
1	1726.059904
4	1727.162767
2	1727.300328
1	1727.489148
1	1727.971698
1	1728.596436
1	1730.224499
4	1733.584428
1	1734.213630
1	1735.581188
5	1736.808803
1	1737.545755
1	1731.759452
1	1742.805322
3	1745.235420
1	1745.916881
1	1739.042999
1	1747.049690
1	1751.044071
1	1751.925062
1	1754.335075
1	1758.111101
1	1758.566206
1	1759.966811
1	1760.903063
2	1762.180238
1	1764.719459
2	1765.292837
2	1766.093526
1	1766.185233
1	1768.582358
1	1768.947732
1	1770.052823
1	1770.847104
2	1774.509919
1	1775.602011
1	1777.555195
1	1779.228632
1	1779.233953
1	1780.155086
1	1781.233283
5	1784.930135
1	1785.090260
6	1785.612195
1	1785.799010
6	1785.782595
1	1779.757051
1	1786.885258
3	1788.133990
1	1794.782169
1	1796.866590
1	1790.472010
5	1797.873072
1	1798.268341
1	0.087840
1	1.790824
1	3.126070
1	4.422569
2	5.432948
2	7.778547
1	8.317907
1	8.459380
2	10.197310
1	12.701633
3	13.615851
1	15.802018
1	18.174273
1	18.377233
1	20.012153
1	20.338304
1	21.432991
1	21.950815
1	23.847838
6	24.808396
2	24.893206
1	25.053987
1	25.996623
1	28.508915
1	32.875326
2	33.623375
6	34.616778
1	34.767228
4	37.037754
1	37.289039
1	41.835793
1	44.649373
5	44.901179
4	48.899880
4	52.954892
5	55.199253
1	56.178117
1	54.971304
1	57.472806
1	58.029385
2	59.901216
3	60.313058
1	60.598043
3	61.540418
1	62.443809
1	62.557519
2	63.815970
1	65.866975
1	69.023224
1	70.240526
1	70.424173
1	71.147414
3	71.250174
1	71.641281
1	71.818948
1	73.286663
1	74.589565
1	75.938882
2	78.771639
2	79.504061
1	81.037058
1	81.829211
1	83.854941
2	84.262247
1	84.837320
1	84.860136
1	87.387049
1	87.590506
3	87.802686
1	89.981905
1	90.228307
1	90.514699
1	92.226751
4	92.974749
4	94.989482
1	96.849857
1	97.069542
6	97.854007
1	100.113237
1	100.916763
5	102.853196
1	104.053475
1	109.371470
1	111.394906
2	114.107252
1	116.597966
2	116.958146
1	119.577459
1	120.653969
1	120.866945
3	121.491351
4	117.106195
1	125.235334
1	126.746943
1	127.126239
1	130.140031
1	130.177107
7	130.621363
4	132.017235
1	127.648809
1	135.395706
1	137.576331
1	139.301024
1	141.173640
1	141.214342
1	141.479869
1	142.365128
1	142.447022
1	144.173093
1	144.354064
1	145.010234
2	148.292798
2	150.914238
3	154.541676
1	156.362034
1	156.964664
1	157.159940
2	158.700086
2	158.792047
2	160.724681
4	162.943158
1	164.545838
1	168.076478
1	170.411717
1	170.641304
1	170.997197
5	171.009570
2	173.941784
4	175.220946
1	177.352132
5	177.354424
1	179.127031
1	173.284702
1	181.401613
1	182.646183
1	184.429815
1	186.654137
4	185.240582
1	189.912945
1	194.784671
1	187.843024
1	194.102454
6	196.802916
1	197.056506
2	197.125825
2	198.604951
1	201.443347
6	201.937503
5	202.544987
1	196.143256
1	204.632450
1	197.779412
1	205.536940
1	206.230094
1	207.721934
1	208.073944
3	208.427512
1	209.224891
1	209.339184
1	210.072120
1	210.084872
1	212.417562
1	212.584104
1	214.119117
1	215.255500
1	215.526734
1	216.737892
1	222.166180
1	223.276223
1	217.530267
1	225.120559
2	227.804105
1	230.271362
1	230.529268
1	229.413838
1	224.798312
1	232.525555
2	235.589797
1	229.281960
1	235.777499
4	240.575642
1	234.087511
5	242.374371
1	245.461276
1	249.867067
1	251.559129
4	253.994878
1	247.377502
1	254.811997
1	258.751397
1	259.662413
2	259.939942
1	261.299044
1	263.029825
1	263.453026
1	264.071892
2	267.264213
1	263.662803
1	273.876162
1	274.668098
1	274.962543
1	276.905150
1	276.709834
1	272.888872
1	283.189154
1	285.131564
1	280.834167
1	291.972437
1	286.643040
1	291.648612
1	289.077536
1	297.323678
1	298.193951
1	296.276451
6	300.980172
1	302.201284
2	295.659917
1	307.099938
1	307.104875
1	308.127718
1	308.995212
2	309.716067
1	310.961471
1	311.533922
1	304.802270
1	312.091212
1	312.660132
1	313.123894
1	315.457277
2	316.767526
1	317.594274
6	318.194760
1	319.563170
1	312.856860
5	320.517358
1	321.559796
1	323.923455
4	327.536596
1	328.339986
1	329.618046
1	330.189819
1	332.411537
1	334.228878
1	337.706056
5	338.887741
3	340.483493
1	335.414807
1	344.382143
2	344.581785
1	344.675593
4	345.072496
1	349.081650
2	342.255145
4	349.349564
2	350.645463
6	344.758238
1	351.949266
2	352.214410
6	352.683229
1	353.495669
1	349.622173
1	358.949141
2	361.200812
1	361.989281
2	358.770351
1	367.992681
1	368.031680
1	368.850891
1	369.814995
1	372.093015
1	368.308657
1	376.202031
1	376.181182
4	376.522311
1	377.084021
1	370.635742
1	378.131986
1	378.352392
1	371.526130
1	379.442342
1	381.993570
1	382.908201
1	383.877127
1	384.243040
1	385.702512
2	386.940129
1	381.711222
1	390.143045
4	396.477866
1	393.039639
1	400.620998
3	402.562887
2	398.043805
1	397.633965
1	399.904830
1	410.530402
1	405.884048
1	412.113521
1	406.282276
1	414.627360
3	415.532658
1	415.889028
1	417.309566
1	417.639606
1	417.921389
1	423.637623
1	425.606980
2	425.961421
1	426.738389
2	428.582247
1	429.867935
1	432.650490
1	436.903545
1	430.521107
1	437.928548
1	438.172644
1	438.483961
1	431.937673
1	440.557312
1	433.825914
1	443.608284
2	443.926814
1	444.696257
1	444.739474
1	448.735246
1	450.346502
1	451.341997
1	454.903688
1	450.332542
6	457.386857
1	457.482914
1	461.032753
1	461.442835
1	463.454933
1	464.339879
3	464.552330
1	464.999082
4	467.345777
1	467.394201
1	469.044356
1	462.821181
2	471.340708
4	472.317342
1	472.579001
1	475.447423
6	477.736731
3	481.266473
1	483.484590
1	485.246290
1	485.387241
3	486.732543
4	487.250660
1	487.323747
1	491.538919
1	492.245156
1	493.340262
1	493.828898
1	494.528073
1	487.697765
1	494.917341
1	495.870485
4	498.874253
1	503.496832
1	496.915459
1	506.257076
1	506.578467
1	507.617573
1	507.979526
1	511.221741
1	506.000471
6	508.803271
1	515.862797
1	517.756032
1	518.335861
3	511.659383
6	520.622283
1	515.597819
1	521.646908
1	520.014402
6	527.319377
1	528.317956
1	524.842314
1	525.774134
4	535.162729
1	536.678743
1	538.692639
3	538.731379
4	539.192579
1	540.647309
6	541.424010
5	542.060373
1	543.321833
5	549.461158
2	549.774296
1	558.552766
5	552.543592
1	559.999888
1	560.054995
1	562.004180
1	563.015262
1	563.502510
1	564.488645
1	565.172906
1	560.775858
3	565.943246
1	565.979464
3	567.158842
5	569.711924
1	570.401614
1	571.313769
1	565.079557
1	577.064508
4	579.260845
1	579.307824
1	580.347167
4	580.806954
1	581.243482
3	583.246598
1	583.813940
1	586.474908
1	586.814371
4	587.017662
1	587.030137
6	587.166682
1	586.355013
1	591.987709
1	592.269963
1	594.178526
1	594.512847
1	594.937242
4	595.091377
1	589.119938
3	593.599571
1	603.031286
1	595.459759
1	604.381032
2	598.373402
1	606.648028
1	607.923891
6	609.000144
1	609.057356
1	609.291695
1	610.006185
1	612.625243
2	613.096473
1	607.793511
1	614.843723
1	615.422944
1	618.265522
1	623.864556
1	625.479060
1	625.664367
1	625.835966
1	626.330321
6	628.099579
1	628.750566
1	630.887413
1	631.302676
1	632.423102
4	633.795296
1	640.867662
1	642.041986
1	642.303648
1	643.405493
1	636.862054
1	644.808478
3	646.453392
1	646.675664
1	639.807659
4	647.535579
1	648.182089
3	650.761070
4	652.271776
1	653.415747
1	654.623651
1	654.688285
2	655.535066
1	655.883801
2	651.198908
1	659.547466
1	660.969753
1	661.130689
1	662.098943
1	664.551436
2	665.310027
1	667.404959
3	667.801496
2	668.722588
5	668.819753
6	669.955190
1	671.969876
1	672.415931
1	673.251594
6	674.511150
1	676.764452
1	678.539571
1	679.828080
1	680.050760
1	680.149843
1	673.182338
1	680.493490
1	680.567611
1	681.450605
1	682.097215
1	678.883122
1	677.292720
4	687.062814
6	687.410222
1	693.163664
1	687.513146
1	694.852231
1	695.786321
1	696.881073
1	697.252524
3	698.357004
3	692.020532
1	700.581725
3	703.224368
1	703.766715
1	705.090454
1	709.401374
1	713.429642
1	714.955682
5	716.296316
1	716.465293
2	717.568873
2	718.184933
1	718.226117
1	718.652257
1	711.877564
1	724.260408
1	725.367227
6	721.659266
1	728.738174
1	729.683232
1	729.890437
1	728.234945
1	732.026000
1	733.568729
1	734.163262
1	735.119503
1	735.294955
1	737.363179
1	737.598301
1	738.403782
4	739.536667
1	741.251267
1	742.667840
1	736.108285
2	743.529436
1	744.449828
1	744.704109
1	746.339424
1	747.000799
1	749.231596
1	749.933933
3	751.143025
1	745.002082
1	752.492804
5	752.773097
1	753.187337
1	747.443683
1	757.688078
1	757.745923
1	757.836206
1	758.056307
3	753.244754
2	753.660726
2	760.782734
1	762.070208
1	766.321541
4	767.441665
1	764.432188
1	771.968671
1	772.743909
1	766.230879
1	775.624198
2	775.715401
1	776.225916
1	770.051905
5	778.576593
2	778.992915
1	780.234575
1	782.940971
2	785.332229
1	786.589419
1	787.791741
4	789.775716
1	800.173839
3	800.381393
5	800.441098
6	802.242497
1	802.911308
1	802.152143
5	803.213392
1	805.364136
2	805.424843
1	805.459723
6	805.683239
6	800.218378
2	813.393570
2	813.835600
1	814.219958
1	814.856802
1	814.963547
1	815.707844
1	818.953786
4	819.330119
3	819.411747
1	822.580556
1	816.615500
1	823.663811
6	819.913870
4	828.429529
1	828.650550
1	829.351916
1	830.246616
1	823.438529
5	824.421427
6	832.364329
1	833.682973
3	833.907964
1	838.298420
1	839.827359
2	841.097828
1	842.729137
3	843.574863
1	843.624901
2	845.949689
1	848.756191
6	849.034032
1	849.116515
2	852.598393
1	853.124776
1	847.851684
1	856.958050
1	860.917413
1	862.322052
1	863.257464
1	863.333257
6	864.111928
1	866.112370
3	870.540902
4	864.185550
1	871.332822
1	872.688592
1	872.748695
2	874.063752
1	876.003374
3	877.349012
4	878.022334
1	879.069792
1	880.255546
1	880.216830
1	881.435662
1	883.122293
1	885.730373
4	885.823382
1	888.471493
1	889.383611
1	889.650035
1	892.327562
5	894.914026
1	895.641099
3	889.705094
1	897.824756
1	901.561205
3	902.133487
1	903.412918
1	906.475161
1	908.696329
1	909.959613
1	910.316581
1	911.391397
1	913.690620
1	915.129527
6	915.443501
1	915.729528
1	918.855063
3	920.481568
2	920.531008
3	921.536669
1	922.211106
1	922.560356
6	916.714322
1	930.250991
1	930.569675
3	932.736752
1	928.758414
5	935.835834
1	936.079268
1	936.090727
1	937.628423
1	937.872336
1	938.727855
1	938.906433
1	939.559263
2	940.109460
1	942.584089
1	942.853123
1	945.036451
1	945.497894
1	945.565310
2	939.590005
1	952.642304
1	954.540075
1	961.301017
1	963.360780
1	966.717174
1	966.975847
2	967.869108
1	964.611822
1	972.197651
1	972.350845
1	965.783994
2	973.178030
2	977.440669
2	977.526161
1	978.285141
1	985.807364
2	986.850676
1	986.919601
1	988.756496
1	992.316949
1	992.796670
1	988.235419
1	996.783788
1	998.786685
4	999.057556
1	1004.238877
2	1004.291436
1	1004.724429
1	1004.822175
1	1005.361849
1	1006.757620
1	1009.153561
1	1009.337310
1	1009.645460
1	1011.454260
1	1013.304607
4	1015.075535
4	1015.252018
1	1015.641416
1	1016.180303
5	1017.122816
1	1018.799815
1	1020.308285
1	1020.306881
1	1023.425541
1	1024.124270
5	1024.348567
1	1024.943551
2	1020.195115
2	1025.914905
1	1025.947463
1	1019.950913
1	1027.714775
1	1024.532153
1	1032.474843
1	1032.549367
1	1025.638307
3	1033.041589
1	1033.899395
1	1034.995204
1	1035.474240
1	1035.592224
3	1036.200066
1	1029.273851
1	1037.259803
1	1039.140101
3	1039.677208
1	1033.773119
1	1041.459527
2	1045.689070
2	1045.814159
1	1046.359423
1	1046.913118
1	1047.405251
1	1047.747766
1	1044.225027
1	1047.620724
1	1056.745699
1	1057.892352
1	1058.418308
4	1058.614913
1	1059.919741
3	1061.444545
1	1067.028086
4	1070.264421
1	1073.353499
1	1074.033790
1	1076.584422
1	1076.848676
4	1079.615533
1	1080.262174
4	1081.806330
1	1083.433597
1	1084.477280
1	1084.630499
1	1087.031425
1	1088.664152
1	1092.223528
1	1093.724118
1	1094.561355
1	1090.156230
1	1097.381725
4	1098.428922
1	1099.610701
1	1099.909409
1	1094.905869
1	1102.283142
1	1104.258053
4	1104.976045
1	1105.328531
1	1107.498761
1	1112.912285
1	1113.111556
1	1114.262069
1	1116.720972
1	1116.831709
1	1118.941148
6	1119.173746
1	1119.864600
4	1121.337881
3	1121.588808
1	1121.811452
1	1122.381229
2	1123.785153
6	1126.095789
2	1126.146400
2	1126.477444
1	1128.156044
3	1131.147216
5	1132.469406
1	1133.688071
1	1127.429745
1	1136.411479
1	1138.855183
1	1139.186389
1	1139.654628
1	1141.265951
1	1134.831139
2	1144.722308
2	1137.947679
2	1148.145593
1	1150.229282
1	1150.405876
1	1151.490622
2	1145.523360
1	1148.080211
1	1158.388841
2	1160.491096
2	1160.957419
1	1161.368726
1	1161.465771
1	1166.209939
1	1168.220089
1	1171.431894
1	1164.577323
3	1173.431356
1	1168.718952
1	1170.075183
1	1178.821570
1	1179.826079
1	1180.277517
1	1180.519312
1	1180.793753
1	1180.975580
1	1184.728908
2	1184.927505
3	1185.177321
1	1189.363977
2	1190.530262
1	1183.865801
2	1193.099086
1	1193.411396
1	1195.920612
1	1198.202850
1	1203.402307
5	1203.713114
3	1204.245189
3	1204.294580
1	1204.544204
4	1206.188375
6	1206.402764
3	1206.978083
1	1207.524045
1	1207.476596
1	1208.579871
1	1212.312372
1	1212.490039
1	1214.662607
1	1214.776482
1	1216.557593
1	1216.852927
1	1217.076963
1	1219.455968
1	1227.511067
1	1228.548335
2	1229.080049
1	1230.561240
1	1231.791655
1	1234.560921
1	1236.408009
1	1239.634905
1	1235.802610
3	1241.712975
1	1243.006915
1	1242.220863
1	1246.683006
1	1247.243084
3	1249.236498
2	1250.287931
1	1250.683543
1	1251.940224
3	1247.114683
6	1253.389406
1	1253.382501
1	1253.542246
5	1254.983607
1	1250.925513
2	1255.931714
1	1259.408483
1	1259.967842
1	1261.458071
5	1254.823137
1	1262.580489
1	1262.602506
4	1263.600570
1	1263.686621
3	1264.977172
1	1266.386044
5	1266.579589
1	1267.518118
1	1261.013609
1	1270.871020
5	1271.293138
6	1266.949469
1	1274.534930
2	1278.183211
1	1280.151922
1	1279.372729
1	1284.455347
1	1284.721870
4	1277.815339
1	1285.737348
1	1286.188880
2	1286.277790
1	1287.690335
1	1288.953605
5	1292.285724
1	1292.524075
6	1292.858327
1	1293.246846
1	1294.316435
4	1294.625302
1	1298.018809
3	1298.833554
1	1300.599799
1	1308.996335
1	1310.651756
1	1311.082806
1	1305.172259
1	1305.628838
1	1314.942955
1	1316.729367
1	1316.925951
1	1317.857620
1	1325.002875
3	1325.379287
1	1325.754961
1	1326.751347
1	1327.429658
1	1327.445056
3	1325.343490
1	1329.280375
1	1330.953904
1	1331.280901
2	1331.927535
3	1332.010120
1	1332.077433
1	1332.481394
1	1334.887648
1	1336.145577
1	1330.984680
2	1338.440590
3	1339.106455
1	1332.729344
1	1340.308478
1	1335.710538
4	1343.177548
1	1337.645743
1	1346.154465
3	1355.533454
1	1355.616080
1	1357.393504
1	1357.459071
1	1362.037621
5	1362.196744
1	1366.563380
1	1366.889774
1	1369.262665
1	1372.562354
1	1373.420909
1	1374.563206
4	1374.865705
2	1375.531867
1	1374.910392
1	1375.914402
1	1380.747492
1	1380.876588
4	1382.116431
1	1382.170131
6	1382.756861
2	1383.585138
1	1384.345823
1	1384.602814
1	1384.712420
1	1385.085953
1	1380.555318
1	1388.000270
1	1388.017437
1	1388.453929
2	1389.116245
1	1389.176608
1	1392.247345
1	1393.550900
1	1394.237913
1	1388.175393
1	1396.801387
1	1397.473801
1	1397.650994
1	1393.796785
1	1399.271809
3	1400.104403
1	1400.827359
4	1403.336223
1	1406.028713
1	1406.550748
5	1400.382839
1	1409.738939
1	1410.095058
1	1410.238805
1	1412.018471
1	1416.336204
1	1416.698793
1	1418.892283
6	1419.392256
5	1412.815860
1	1421.449534
1	1422.058344
2	1422.243485
3	1417.818748
1	1433.168262
6	1435.319733
1	1436.490948
3	1437.477958
4	1438.333630
6	1439.683179
1	1439.941306
1	1439.948380
1	1436.334220
1	1445.277149
1	1447.813278
1	1448.175602
1	1451.532074
1	1453.146635
1	1456.022946
1	1456.361390
4	1457.920238
1	1458.708631
1	1452.713972
1	1460.020726
1	1460.688911
2	1461.030840
4	1463.536604
1	1464.185322
1	1464.692365
1	1464.900433
1	1465.324998
1	1468.422385
1	1469.933826
1	1470.684096
1	1471.441848
6	1472.144410
1	1473.354134
3	1473.834011
2	1474.775818
1	1469.915183
1	1477.310448
1	1477.774629
4	1477.967270
1	1480.109448
1	1480.382999
1	1480.591229
1	1481.374562
5	1482.125347
2	1482.886550
3	1483.119856
1	1483.283895
1	1483.386323
1	1483.486836
1	1482.091372
1	1489.335126
1	1490.440673
1	1494.845811
2	1487.899266
1	1496.272511
1	1497.981290
2	1499.923022
1	1500.206434
1	1500.786914
1	1500.884736
1	1502.900775
1	1503.873673
1	1504.412226
1	1497.669795
1	1506.368585
1	1506.872669
4	1507.179147
2	1508.689326
3	1510.451792
1	1512.115136
1	1514.753111
1	1508.876323
1	1515.078723
1	1517.557949
3	1518.401422
2	1518.432668
2	1520.003240
2	1521.441094
3	1529.244195
1	1522.407681
1	1530.963014
1	1531.947589
1	1535.072663
1	1535.807343
3	1529.133562
1	1535.695937
1	1547.822032
1	1550.794326
2	1551.627364
2	1552.697336
1	1547.947846
1	1553.520704
4	1553.884800
2	1549.495270
4	1556.795094
1	1556.972121
1	1557.008044
1	1559.554672
1	1560.590710
1	1562.920065
1	1564.595829
2	1566.286130
3	1566.353039
1	1567.051417
1	1571.392920
1	1573.901793
1	1575.499061
1	1576.745700
1	1577.571671
2	1578.750495
1	1580.570002
1	1581.149658
1	1581.933565
1	1583.759395
1	1585.234896
1	1578.368462
1	1585.641243
1	1586.112136
1	1589.426127
1	1589.788479
1	1592.150722
1	1593.571191
1	1595.649169
4	1589.166666
1	1596.314980
1	1598.184093
1	1599.679379
1	1601.188675
1	1601.495272
1	1602.233202
1	1605.241169
1	1603.640005
1	1612.852526
1	1615.502437
1	1615.823490
1	1617.258725
3	1617.621259
1	1622.491067
1	1623.550074
1	1626.184400
2	1621.703683
1	1630.447658
5	1631.741020
1	1634.241325
1	1634.967998
1	1635.353911
1	1637.883178
5	1643.003968
3	1644.375714
1	1637.746273
1	1645.920780
1	1647.065170
1	1647.958475
1	1651.902252
1	1644.952936
1	1654.873997
1	1655.014489
1	1650.028742
1	1657.558466
1	1651.278402
1	1660.342560
1	1661.169244
2	1660.674530
1	1663.449250
1	1657.440253
1	1665.202206
1	1665.608449
1	1665.749208
1	1666.133796
1	1659.321272
1	1666.432912
5	1659.855120
1	1661.123555
4	1668.263482
1	1670.155465
1	1667.491890
1	1675.082696
1	1675.423618
5	1676.063749
1	1677.725784
1	1677.709246
3	1678.767906
4	1679.823476
1	1683.574451
1	1684.448785
1	1684.780148
1	1678.358641
1	1688.333521
1	1691.948198
1	1692.014804
1	1692.172159
1	1693.369860
1	1694.690947
1	1696.459031
1	1697.528554
1	1698.627704
3	1699.553674
4	1702.333469
1	1703.672661
4	1704.491710
1	1707.289267
1	1700.436348
1	1707.475120
1	1709.035918
1	1709.986784
1	1710.796968
1	1712.799877
2	1713.909508
1	1715.652423
1	1722.514066
1	1722.967525
1	1724.360947
1	1718.006698
1	1718.807684
1	1725.856615
1	1729.706320
1	1730.028856
1	1730.586371
1	1731.789167
1	1732.040187
5	1732.068299
1	1732.079856
1	1733.033231
1	1726.114664
1	1733.391570
1	1733.940295
1	1731.720147
1	1739.736076
1	1740.681913
1	1734.153314
1	1741.428082
3	1742.602766
2	1742.780909
1	1744.890108
1	1746.376563
1	1747.404506
1	1750.729019
3	1751.757689
1	1755.645805
1	1756.740243
1	1758.068829
1	1758.170816
1	1752.434585
1	1760.166209
1	1761.153471
1	1761.365515
1	1763.066672
1	1763.178228
1	1757.311608
1	1767.880977
1	1772.963757
3	1776.913325
1	1777.677972
1	1777.817284
2	1771.898072
2	1779.314648
5	1774.104944
1	1781.266952
1	1781.528931
6	1780.827354
4	1784.035268
2	1785.880967
4	1787.607227
1	1788.120880
5	1790.767780
1	1790.920145
1	1791.404921
1	1793.470392
1	1788.509740
1	1795.882142
1	1799.030054
