43810	93.9262	1962.2546	23038400	137.913386	100.0000
52458	81.5404	1437.8349	14655200	198.390547	100.0000
47794	74.0442	3401.4042	31481800	406.904197	100.0000
54700	88.1021	2271.0917	25011000	439.769863	100.0000
42554	88.9958	2232.1771	24831800	457.654041	100.0000
53156	80.3776	1366.1120	13725600	979.331977	100.0000
55686	95.0295	1073.5701	12752600	1175.085528	100.0000
52158	88.5275	1614.5766	17866800	1327.292009	100.0000
47910	78.9522	2429.8853	23980600	1366.433201	100.0000
57366	93.5621	1247.1032	14585200	1380.894610	100.0000
54116	94.0826	1437.1026	16900800	1399.128168	100.0000
51588	87.4002	2979.1430	32547200	1536.901604	100.0000
57844	74.0758	1381.0279	12787600	1648.908251	100.0000
58000	92.6101	1918.5464	22209600	1667.947409	100.0000
46798	88.6133	1140.8131	12636400	23.434511	100.0000
44258	51.2760	1682.7533	10785600	419.219695	100.0000
51316	68.2904	1595.6089	13620600	506.570725	100.0000
50966	86.7701	1577.5757	17110800	511.207281	100.0000
60472	71.6950	1157.8820	10376800	627.027110	100.0000
55660	94.6389	877.6436	10382400	811.746748	100.0000
44838	85.2360	2030.2586	21631400	1002.346361	100.0000
47354	72.5420	3313.1271	30042600	1006.554717	100.0000
52580	87.0401	1357.6646	14771400	1071.884227	100.0000
54500	95.5860	865.1980	10337600	1313.681226	100.0000
49882	40.0333	2268.3521	11351200	1571.643286	100.0000
49804	94.7431	924.9096	10953600	1666.206840	100.0000
46042	94.1576	1593.9241	18760000	5.749319	100.0000
58108	64.3483	3425.8823	27556200	26.803575	100.0000
55158	91.2440	1720.1883	19619600	52.637332	100.0000
42756	86.3402	1228.1837	13255200	247.183799	100.0000
51928	95.2398	1424.1106	16954000	252.226437	100.0000
51068	51.6833	2064.9766	13340600	291.773477	100.0000
57398	94.3495	1388.7598	16378600	325.413964	100.0000
60866	93.7011	1149.2719	13461000	726.274038	100.0000
49518	79.2616	3258.8978	32288200	842.986164	100.0000
58572	91.8104	2139.1031	24549000	896.620929	100.0000
58856	89.7828	1034.6386	11611600	1053.850827	100.0000
41762	56.9054	4554.1655	32394600	1306.276401	100.0000
60186	94.7155	1101.9607	13046600	1515.991445	100.0000
45042	82.8601	1162.3064	12038600	1658.958201	100.0000
45528	95.3907	1273.3315	15183000	0.455231	100.0000
57542	88.4658	2238.7148	24756200	142.096767	100.0000
36748	72.9310	1137.4913	10369800	211.401268	100.0000
57478	94.9066	1238.1692	14688800	291.317162	100.0000
41048	79.0437	3110.0356	30728600	362.338465	100.0000
42114	53.8652	4624.4898	31137400	367.018676	100.0000
58228	94.8500	939.4534	11138400	413.219900	100.0000
49634	86.2765	2785.3140	30038400	517.663502	100.0000
58000	94.3503	982.4157	11586400	565.101766	100.0000
47608	74.7880	2806.7406	26238800	604.230361	100.0000
60282	88.8277	1105.0241	12269600	935.850434	100.0000
43048	94.5199	1401.8974	16563400	1008.189019	100.0000
39916	55.3455	2602.4169	18004000	1243.169698	100.0000
40118	73.5116	1257.2484	11552800	1422.551919	100.0000
43448	68.2299	1811.5704	15450400	1577.763225	100.0000
44434	89.2323	953.2873	10633000	1594.792388	100.0000
34284	82.2673	1537.1749	15807400	1729.904928	100.0000
46316	81.6693	1119.7360	11431000	1790.409167	100.0000
49422	49.7439	1633.0367	10154200	57.856835	100.0000
40408	68.8602	2826.1788	24326400	99.078551	100.0000
34508	86.4376	1160.1994	12535600	475.122850	100.0000
56240	72.2451	2293.6367	20713000	1249.248489	100.0000
56068	92.9019	1079.4694	12535600	1728.218793	100.0000
36702	65.1989	1253.6659	10217200	1767.966177	100.0000
34750	74.9903	3390.4560	31781400	32.304749	100.0000
42220	65.5165	2336.1943	19132400	34.646155	100.0000
47520	94.1171	999.1298	11754400	70.437371	100.0000
58592	71.8047	2459.4714	22075200	82.566158	100.0000
39166	91.9830	883.0156	10152800	94.598025	100.0000
47640	90.8932	2311.2675	26259800	148.156369	100.0000
51588	85.4102	2836.5147	30283400	180.459941	100.0000
55866	73.6372	2260.7694	20809600	187.171598	100.0000
57476	83.2386	1047.7642	10901800	273.276441	100.0000
47754	58.6789	1497.1785	10981600	274.402662	100.0000
59176	73.5864	1748.1935	16080400	418.181590	100.0000
59962	88.6218	2353.9481	26076400	535.951384	100.0000
52724	46.4731	5173.0519	30051000	580.707824	100.0000
52498	64.9345	3763.2011	30545200	733.513726	100.0000
35432	35.1632	2622.9702	11529000	801.460928	100.0000
52876	81.0144	3179.9565	32202800	1042.402002	100.0000
53442	85.2618	2520.0112	26857600	1049.481958	100.0000
51314	33.4249	3012.3619	12586000	1076.085485	100.0000
44246	94.5402	2639.1144	31187800	1123.297309	100.0000
39796	88.2687	1264.5395	13952400	1313.163678	100.0000
36010	88.2264	1704.1244	18793600	1364.954983	100.0000
59234	31.7471	2974.0076	11802000	1461.647641	100.0000
60682	81.7426	2309.2585	23595600	1582.161496	100.0000
45518	64.3759	2218.2214	17850000	1624.527119	100.0000
56016	93.5693	1888.8255	22092000	9.927693	100.0000
33508	94.6485	1104.6340	13069000	19.581936	100.0000
59430	86.8165	2024.6464	21971600	59.789737	100.0000
37004	57.9753	3237.6003	23462600	66.956328	100.0000
43478	62.5175	1452.0100	11347000	533.429096	100.0000
37910	76.1459	1693.9909	16123800	552.190209	100.0000
54280	33.9208	2364.0984	10024000	576.886715	100.0000
52086	47.0327	1850.0492	10876600	618.999833	100.0000
46020	94.1592	979.2946	11526200	846.342325	100.0000
50308	95.1486	938.7423	11165000	868.741111	100.0000
41898	82.2123	1255.3839	12901000	1018.864827	100.0000
53178	88.8399	2151.3765	23891000	1330.488238	100.0000
51108	95.0191	2226.4649	26444600	1368.775172	100.0000
59200	86.7791	2926.8985	31749200	1390.008208	100.0000
49754	83.9105	1279.4970	13420400	1518.803390	100.0000
59508	87.7111	1639.3090	17973200	1603.272408	100.0000
46660	83.1393	2453.1349	25494000	1773.960106	100.0000
43560	90.1728	1001.1006	11284000	110.121876	100.0000
56988	87.3947	1299.0990	14191800	145.045450	100.0000
60854	82.0415	1506.4577	15449000	151.341220	100.0000
55678	68.5366	1461.1063	12517400	231.577041	100.0000
58110	89.5603	990.8139	11092200	240.987516	100.0000
57204	77.9033	2184.5547	21273000	258.585186	100.0000
60754	93.6721	1374.1724	16090200	289.853511	100.0000
47104	86.5984	1511.8981	16366000	313.646864	100.0000
45804	87.3477	2353.7935	25699800	420.378651	100.0000
50278	91.9489	2058.9000	23664200	463.203891	100.0000
57340	80.2913	1638.4730	16444400	478.247446	100.0000
39286	29.1932	3126.7569	11410000	576.369224	100.0000
42746	63.4494	2972.5733	23576000	799.962150	100.0000
34636	85.8498	1389.5339	14911400	1063.741291	100.0000
36662	95.5219	1048.5717	12520200	1352.132056	100.0000
47726	94.6125	1554.5346	18384800	1440.958727	100.0000
48372	78.6847	2919.3978	28714000	1754.796294	100.0000
44114	89.5377	2480.9757	27767600	108.235559	100.0000
46214	94.2183	1036.2148	12203800	122.563351	100.0000
33932	94.3321	1027.1288	12111400	205.034078	100.0000
50740	41.3737	2155.0695	11145400	232.273019	100.0000
48706	51.4328	2491.3891	16017400	448.196076	100.0000
41676	91.6872	1064.3320	12198200	460.432795	100.0000
33558	39.9818	2593.9799	12964000	594.889026	100.0000
52638	94.7254	954.9961	11307800	717.906044	100.0000
34372	34.8271	5118.7226	22283800	731.237630	100.0000
58434	68.9041	3563.3058	30690800	779.914211	100.0000
53228	81.6081	1162.7079	11860800	878.854636	100.0000
56954	48.9179	4055.7070	24799600	1010.416436	100.0000
59380	52.7617	3842.6022	25342800	1102.763426	100.0000
51910	64.2234	3946.8220	31684800	1109.954861	100.0000
41830	69.7836	2192.5385	19125400	1365.024361	100.0000
55450	95.3924	1294.4423	15435000	1425.112812	100.0000
56594	74.8570	1282.5301	12000800	1525.159809	100.0000
57896	90.1777	1394.5094	15719200	1595.823554	100.0000
39668	37.3630	4725.4430	22069600	231.373687	100.0000
43888	87.8028	2308.5561	25337200	347.451528	100.0000
37750	93.3620	1105.9407	12906600	508.584907	100.0000
39438	86.5576	1948.7961	21085400	574.743106	100.0000
59476	93.1672	1580.4538	18405800	719.853229	100.0000
52200	94.3916	1025.2950	12097400	808.214982	100.0000
48648	94.7193	1959.5413	23200800	874.484488	100.0000
32828	94.6458	1407.7249	16654400	882.241760	100.0000
34730	77.4086	2271.1496	21975800	1026.722649	100.0000
57220	87.3504	1872.2575	20442800	1338.759141	100.0000
58522	56.9470	1860.3414	13242600	35.155317	100.0000
60970	83.9821	1021.1513	10719800	311.715882	100.0000
42600	91.6522	2737.4261	31361400	322.340998	100.0000
53204	94.0219	1066.6115	12535600	394.104200	100.0000
46502	84.3234	2134.9804	22503600	485.754132	100.0000
39800	92.9335	1049.8173	12195400	676.254738	100.0000
43816	73.9791	1185.4155	10962000	699.516553	100.0000
53728	95.3854	1789.8089	21340200	717.902693	100.0000
36704	31.8500	4185.3126	16662800	801.051797	100.0000
46690	84.8782	1552.4370	16471000	832.546430	100.0000
43698	85.9175	1119.3812	12021800	841.714266	100.0000
47090	88.9199	2633.3643	29269800	865.139432	100.0000
38390	77.9173	2160.4443	21042000	891.059937	100.0000
49884	93.9405	1293.3463	15187200	1017.056372	100.0000
37342	68.2463	1397.4091	11921000	1608.663660	100.0000
55898	86.4960	2025.2864	21897400	1727.620396	100.0000
38632	79.1646	1181.6197	11692800	1735.196025	100.0000
40388	84.9690	2983.9790	31693200	1755.507916	100.0000
43984	58.7337	3432.4426	25200000	55.664191	100.0000
33334	90.1969	1422.8966	16042600	100.796736	100.0000
54152	69.9273	3539.5135	30938600	135.885450	100.0000
40568	84.1356	1810.8112	19044200	305.218211	100.0000
32808	80.4742	2947.5896	29650600	343.729931	100.0000
44612	63.2515	1488.2809	11767000	406.483262	100.0000
56060	75.6343	2888.7650	27311200	493.142374	100.0000
59738	94.5595	1627.3011	19234600	652.354496	100.0000
33040	82.9397	1652.3236	17130400	694.166595	100.0000
34950	73.8348	2079.0619	19188400	706.544491	100.0000
52928	36.9005	2885.5523	13309800	711.882581	100.0000
55206	94.7927	845.7360	10021200	716.491992	100.0000
48508	94.8709	1583.5915	18779600	842.589470	100.0000
49520	79.1237	1727.4821	17085600	908.675427	100.0000
47128	39.3065	5785.1331	28424200	972.024820	100.0000
37888	46.7062	4326.1741	25257400	1039.396191	100.0000
53554	90.9024	1675.8906	19042800	1294.511241	100.0000
38834	77.7999	2373.0208	23077600	1388.397863	100.0000
52966	44.9487	1951.7706	10966200	1469.646685	100.0000
45876	81.6432	1019.8125	10407600	1621.848281	100.0000
39622	66.9925	2188.2575	18324600	1772.171105	100.0000
34886	95.0945	852.8271	10137400	1787.317923	100.0000
52524	94.9338	997.1411	11832800	20.631744	100.0000
54984	74.5516	1376.8722	12831000	140.054787	100.0000
46684	78.0430	2533.2485	24712800	149.397461	100.0000
45274	95.4052	1871.4951	22318800	175.858735	100.0000
40052	67.9531	3425.4472	29096200	182.632245	100.0000
56562	79.6838	2882.5129	28711200	308.667311	100.0000
55286	94.6600	2030.4577	24025400	376.583319	100.0000
54788	69.9600	1647.9815	14411600	408.359762	100.0000
34078	91.4827	2453.2035	28053200	411.535398	100.0000
57352	90.0757	1243.7723	14004200	528.585838	100.0000
48838	63.3992	3560.7287	28218400	575.846307	100.0000
42406	49.1267	4970.2364	30521400	617.912520	100.0000
33062	49.1132	3354.7673	20595400	844.190960	100.0000
39048	40.4871	2463.9565	12469800	973.720570	100.0000
57776	92.4799	971.8869	11235000	977.827436	100.0000
37646	70.4991	2210.7981	19482400	1050.382080	100.0000
43712	77.2216	2994.4357	28904400	1148.737789	100.0000
36332	74.6753	1834.2868	17122000	1290.366386	100.0000
33840	86.4823	1429.7498	15456000	1410.615584	100.0000
44358	87.8445	1056.1934	11597600	1563.729797	100.0000
51480	42.5543	2616.6693	13918800	2.151733	100.0000
58970	91.6960	2568.5395	29440600	128.276598	100.0000
52846	55.0321	4430.7818	30479400	192.282534	100.0000
49336	76.8687	3313.4335	31837400	224.990297	100.0000
41756	72.5695	1251.1917	11349800	291.609017	100.0000
45752	94.6470	1152.1038	13630400	305.061822	100.0000
35872	91.9492	2562.5621	29453200	543.323863	100.0000
43668	94.3197	1372.9300	16186800	896.682814	100.0000
55792	81.5951	1212.4448	12366200	1137.351226	100.0000
57004	54.5581	2577.3640	17577000	1158.679110	100.0000
38966	81.5149	1228.7527	12520200	1242.981852	100.0000
53028	43.7844	4249.3336	23256800	1306.759928	100.0000
45462	86.7303	1165.5808	12636400	1331.201155	100.0000
36376	87.0256	2495.4482	27146000	1422.227250	100.0000
38054	93.1501	1572.6872	18312000	1683.702971	100.0000
46902	50.9475	2461.4836	15675800	42.814726	100.0000
48050	92.2864	975.9875	11258800	134.851880	100.0000
55108	93.6470	868.8800	10171000	203.044121	100.0000
50260	89.1146	1432.7620	15960000	387.356147	100.0000
39918	44.6714	5706.6286	31865400	426.108957	100.0000
37184	86.4585	1508.1271	16298800	446.283738	100.0000
34550	73.7570	1819.7705	16777600	447.312091	100.0000
35330	81.1403	1034.9672	10497200	576.685452	100.0000
43438	86.3156	1112.9206	12007800	579.481807	100.0000
34772	35.4446	3595.6013	15930600	730.694698	100.0000
44646	89.7501	1011.1814	11344200	887.977312	100.0000
58696	35.8262	7123.0562	31899000	900.795840	100.0000
33732	94.9802	2426.1901	28805000	1153.751320	100.0000
45840	50.5143	3599.8372	22730400	1284.849529	100.0000
37614	65.5778	3669.9235	30083200	1689.329923	100.0000
35052	79.5193	2244.8097	22313200	281.039071	100.0000
59034	94.5780	1234.4181	14593600	473.834956	100.0000
56264	52.7614	2620.5504	17283000	533.274620	100.0000
45022	63.3544	1990.5804	15764000	545.347063	100.0000
42406	61.3094	4010.0051	30731400	685.413876	100.0000
58876	93.0420	1412.1283	16423400	788.292662	100.0000
38064	62.8223	1873.1958	14709800	940.517111	100.0000
45852	79.5400	1663.6667	16541000	1092.840628	100.0000
45752	67.8455	1891.4967	16041200	1098.720344	100.0000
34426	94.6220	1552.9574	18368000	1251.923254	100.0000
44092	95.0915	1101.1376	13088600	1469.957272	100.0000
48618	52.1640	2397.8521	15635200	1571.195743	100.0000
39262	90.4163	1005.9599	11369400	1783.333979	100.0000
43936	94.4493	1533.6235	18106200	24.929740	100.0000
60836	59.6586	1906.8247	14219800	42.212749	100.0000
50378	92.6160	2288.9520	26499200	348.405417	100.0000
56580	74.7602	3026.8069	28285600	504.278066	100.0000
46726	93.9037	2336.7602	27428800	546.740958	100.0000
48884	91.9259	1781.9914	20476400	942.355632	100.0000
52012	80.4739	1723.4114	17336200	1065.738667	100.0000
44118	94.0470	1275.4469	14994000	1081.855680	100.0000
49550	94.0121	1188.5955	13967800	1095.580308	100.0000
39794	88.6023	2180.2787	24147200	1137.004389	100.0000
33960	93.0248	1059.3817	12318600	1178.919514	100.0000
47558	92.0967	1290.7819	14859600	1200.594599	100.0000
48952	92.8489	2169.9426	25184600	1442.762188	100.0000
57494	60.7659	3646.8332	27700400	1712.087157	100.0000
46538	69.0854	2415.2373	20857200	173.293500	100.0000
34882	84.7978	1931.3907	20472200	281.796463	100.0000
33476	84.6336	1584.3159	16760800	402.796543	100.0000
41774	81.7319	1064.6119	10876600	623.618402	100.0000
44324	88.9651	2197.8226	24441200	687.677701	100.0000
47966	90.4958	1774.3856	20071800	963.598389	100.0000
47940	93.4160	1129.9997	13195000	1365.788218	100.0000
38112	65.3826	2797.8335	22866200	1622.238331	100.0000
54892	44.4651	3306.2174	18376400	1712.820576	100.0000
53982	73.4567	1709.0438	15692600	50.535061	100.0000
32974	72.3926	1332.0698	12054000	517.869901	100.0000
40312	80.0701	2302.8030	23048200	568.839501	100.0000
54064	94.8984	976.9779	11589200	620.191058	100.0000
49616	93.5977	1282.0486	14999600	668.480835	100.0000
49898	90.2152	1292.8731	14579600	690.357707	100.0000
53086	88.5547	1886.8872	20886600	761.744942	100.0000
52508	57.7657	4228.6649	30534000	1190.489843	100.0000
52318	61.5999	3040.7340	23413600	1237.673163	100.0000
60484	93.1387	1850.6593	21546000	1246.202978	100.0000
39062	92.3431	1446.3448	16695000	1253.071165	100.0000
33262	89.0818	1810.7216	20162800	1391.268556	100.0000
47264	90.6140	1683.2020	19065200	1404.341467	100.0000
43738	88.2459	2014.1901	22218000	1410.197322	100.0000
39620	84.2952	1027.1906	10823400	1437.233825	100.0000
35264	95.0128	1909.6378	22680000	1598.140058	100.0000
56028	47.2655	2711.0541	16017400	1688.533157	100.0000
37262	86.1821	1119.8421	12063800	1719.026524	100.0000
42960	77.5772	1484.2924	14393400	59.126149	100.0000
56400	73.8248	2475.9173	22848000	115.454170	100.0000
56038	58.0759	1981.1582	14382200	137.387454	100.0000
49188	89.1788	1380.1120	15384600	145.661844	100.0000
59806	44.6344	5708.1008	31847200	191.296292	100.0000
45416	93.7626	919.8894	10781400	366.445617	100.0000
47864	87.7454	2065.7581	22657600	385.423950	100.0000
54552	52.8375	2499.7712	16510200	594.884880	100.0000
57286	72.8435	2047.8526	18646600	676.688323	100.0000
57892	71.9175	2487.5379	22362200	833.587608	100.0000
54082	79.8604	1343.9658	13416200	887.184748	100.0000
58154	46.5844	5460.9852	31799600	973.553608	100.0000
58428	83.3136	2763.2461	28777000	1101.470328	100.0000
38358	93.4556	908.6493	10614800	1489.397125	100.0000
40174	53.2979	4071.0355	27122200	1702.263858	100.0000
59692	37.4141	6953.9600	32522000	38.569732	100.0000
51744	83.3757	1039.5936	10834600	99.994476	100.0000
44742	47.8155	4832.9459	28886200	109.390505	100.0000
51240	58.1701	1607.3131	11687200	209.000113	100.0000
40870	32.9663	2884.7372	11887400	209.021422	100.0000
47752	87.0315	1247.7687	13574400	246.683554	100.0000
38552	51.1841	1620.7852	10369800	298.010236	100.0000
36540	31.5387	8189.7709	32286800	292.932425	100.0000
36136	78.3716	1556.2774	15246000	324.532295	100.0000
44224	50.6818	4580.1646	29016400	321.901982	100.0000
54230	73.0416	2055.1792	18764200	341.224447	100.0000
34088	93.5948	1205.3837	14102200	372.965851	100.0000
60420	52.7302	2907.5720	19164600	512.791020	100.0000
59394	40.7670	3951.1961	20134800	822.548095	100.0000
48026	94.1055	1806.6536	21252000	1045.896423	100.0000
49978	46.2038	2426.9544	14016800	1048.980669	100.0000
46974	61.1050	3341.5811	25523400	1060.027448	100.0000
36916	94.4662	1368.7858	16163000	1128.297255	100.0000
47364	55.7554	3987.4152	27790000	1199.381612	100.0000
49540	81.9438	1504.9721	15415400	1210.919779	100.0000
58418	56.8685	4379.0869	31129000	1459.946951	100.0000
43494	83.6873	1431.9983	14980000	1603.354141	100.0000
43880	94.7869	949.1776	11246200	1618.924612	100.0000
37760	73.8649	1968.4359	18174800	1623.276346	100.0000
37368	59.2885	2572.5338	19065200	1732.689867	100.0000
37494	87.5690	1242.0288	13595400	39.942907	100.0000
50674	87.2540	1991.9035	21725200	48.763409	100.0000
35338	93.4545	1003.8169	11726400	107.925289	100.0000
38674	46.2463	1796.9864	10388000	111.079918	100.0000
55890	57.2561	1715.9102	12280800	165.689232	100.0000
38330	42.3197	3224.7859	17059000	173.486430	100.0000
36764	72.3315	1162.7128	10512600	212.034089	100.0000
50662	47.3407	2584.1961	15292200	268.682365	100.0000
41742	69.1846	2357.7049	20389600	387.163742	100.0000
39476	53.2766	1561.5406	10399200	464.726245	100.0000
55024	67.9032	3422.5180	29050000	475.472106	100.0000
48226	93.3995	1018.9180	11895800	518.970124	100.0000
47172	63.9681	1382.8383	11057200	549.722094	100.0000
50918	95.2089	898.2694	10690400	639.124621	100.0000
54864	73.1628	1595.4340	14590800	866.370704	100.0000
47734	66.7102	1971.7035	16441600	954.039254	100.0000
37198	93.0493	1390.4711	16172800	1033.103770	100.0000
39880	34.5470	2856.8116	12336800	1126.266374	100.0000
42448	59.8314	2278.8854	17043600	1128.801964	100.0000
35278	48.2609	3114.8718	18790800	1159.158444	100.0000
51294	94.1802	2629.4624	30955400	1183.142659	100.0000
41284	75.6813	1597.9847	15117200	1431.319162	100.0000
46316	56.9455	1921.5553	13678000	1576.074988	100.0000
57858	70.2673	2684.4690	23578800	1606.698931	100.0000
55596	57.0485	3506.3519	25004000	1621.651680	100.0000
60816	72.6619	1391.4079	12637800	1626.227931	100.0000
38580	54.7763	1887.4438	12923400	1677.450853	100.0000
43116	41.9315	3641.9405	19089000	1727.347440	100.0000
32914	94.9213	1333.1965	15818600	1731.009558	100.0000
59914	52.9982	2257.1939	14953400	92.039920	100.0000
51540	49.9805	1901.6052	11880400	99.615807	100.0000
35824	63.9187	2430.1609	19416600	145.708310	100.0000
58054	70.9140	1625.1794	14406000	258.884182	100.0000
52676	55.5800	1770.4773	12300400	269.862708	100.0000
59958	95.0141	1037.3193	12320000	525.683032	100.0000
34902	83.9300	1504.8532	15787800	559.459459	100.0000
36150	72.1576	2977.8161	26859000	645.759179	100.0000
34816	89.9137	894.4933	10053400	649.783223	100.0000
51686	87.0229	2914.9661	31708600	1039.836423	100.0000
33020	95.4421	1701.5555	20300000	1044.029698	100.0000
33882	72.4223	1295.3352	11726400	1123.298918	100.0000
39824	39.2388	2425.0284	11894400	1191.629349	100.0000
39702	82.2164	2132.0697	21911400	1193.673147	100.0000
54730	77.9573	1622.4475	15810200	1247.572632	100.0000
43474	79.2397	3089.6229	30602600	1318.690515	100.0000
41148	60.3317	2823.0330	21289800	1320.631179	100.0000
60580	58.7875	1664.7361	12233200	1326.687851	100.0000
33282	57.7962	1395.6352	10082800	1482.765463	100.0000
40954	81.7426	1577.8710	16122400	1543.259192	100.0000
38902	54.4440	1567.1453	10665200	1557.070710	100.0000
48008	94.6243	971.7587	11494000	1609.862475	100.0000
36020	32.1344	4072.9996	16360400	38.838039	100.0000
36190	69.8877	1921.8018	16788800	71.052701	100.0000
35774	43.8920	2443.0151	13403600	71.184913	100.0000
44556	69.8703	3280.6379	28652400	92.635470	100.0000
38716	76.6368	1930.4137	18492600	203.665345	100.0000
50036	93.6528	1019.6304	11936400	254.675636	100.0000
46854	72.1702	3508.9708	31655400	289.071848	100.0000
46872	94.1315	1392.9282	16389800	311.280392	100.0000
35110	80.9324	1800.9697	18219600	456.995208	100.0000
58522	63.5108	2525.1264	20046600	618.064552	100.0000
57092	95.3322	1584.8577	18886000	631.695897	100.0000
57120	88.1353	1199.4830	13214600	706.447175	100.0000
33480	78.1876	2089.8037	20424600	742.477561	100.0000
46946	51.8754	1811.2003	11744600	1081.286947	100.0000
60344	83.8200	2389.1194	25032000	1098.175557	100.0000
50362	93.9937	1574.5393	18499600	1137.519015	100.0000
42160	66.2106	2996.7876	24802400	1305.695045	100.0000
41550	90.3944	1025.5326	11587800	1382.223661	100.0000
47728	49.1622	2328.9782	14312200	1477.874989	100.0000
42886	85.3985	1413.4012	15087800	1507.696449	100.0000
54670	86.9836	1404.3840	15269800	1737.640127	100.0000
35668	95.2615	1033.2144	12303200	80.569619	100.0000
46090	41.0855	3263.8646	16762200	92.104212	100.0000
44632	42.0387	4440.1770	23332400	109.362566	100.0000
40000	77.8670	1175.1314	11438000	123.783913	100.0000
34692	75.2613	1392.4603	13099800	130.532415	100.0000
35882	67.8122	1579.2786	13386800	148.956053	100.0000
49606	83.1138	1714.3523	17810800	161.792238	100.0000
48260	91.0043	1146.6531	13043800	173.539457	100.0000
57156	95.4628	1005.2255	11995200	200.581584	100.0000
52246	81.8896	1043.5513	10682000	433.375954	100.0000
56416	93.6236	857.8517	10039400	435.404972	100.0000
55290	88.8164	2143.3692	23795800	472.921943	100.0000
49104	87.9667	1319.1725	14505400	509.728601	100.0000
36278	89.9386	1456.8698	16378600	527.384111	100.0000
48952	74.0393	2239.8689	20729800	575.370364	100.0000
60158	76.8366	2183.1041	20967800	599.433314	100.0000
42210	43.4640	1956.3396	10628800	600.415877	100.0000
39390	94.2466	1754.1565	20665400	637.511638	100.0000
59136	80.3825	1668.9410	16769200	639.205411	100.0000
50250	60.0083	3345.5396	25095000	881.214874	100.0000
47970	94.8017	1367.4859	16205000	1131.293841	100.0000
41614	91.8436	1932.2422	22183000	1301.702865	100.0000
33976	95.0276	847.5351	10067400	1342.234195	100.0000
40956	53.3395	1513.5052	10091200	1398.986462	100.0000
51478	66.1892	3231.2707	26734400	1460.961721	100.0000
50132	93.9017	1475.4160	17318000	1487.043367	100.0000
54990	91.1868	1717.2126	19573400	1565.822860	100.0000
51522	41.6629	3371.3251	17557400	1622.774640	100.0000
57144	91.6063	2465.0541	28226800	1684.908737	100.0000
42524	93.0469	1000.9925	11642400	1793.646915	100.0000
45684	36.3801	5595.6814	25446400	40.285659	100.0000
56686	63.8039	2679.4111	21369600	423.881290	100.0000
59656	47.8446	2543.8707	15213800	427.030273	100.0000
43936	64.6766	3663.2202	29615600	450.324120	100.0000
39234	90.0688	2858.7928	32186000	479.431029	100.0000
41390	86.1809	2305.7359	24838800	549.257628	100.0000
38048	73.2587	2596.4104	23776200	649.209715	100.0000
59250	80.5546	1204.0524	12124000	733.720621	100.0000
36602	93.4969	1358.6590	15878800	747.604419	100.0000
36330	62.3174	2804.9692	21849800	797.972954	100.0000
52848	58.3746	1965.0731	14338800	842.565939	100.0000
60336	95.1792	1051.8769	12514600	893.004492	100.0000
42344	71.9993	2211.2438	19901000	959.836173	100.0000
50508	79.4735	3148.0391	31273200	1035.562909	100.0000
51934	90.2095	1253.9693	14140000	1082.520772	100.0000
58902	42.2628	5343.8947	28231000	1131.040540	100.0000
60314	58.9143	1538.5322	11330200	1143.602354	100.0000
42702	87.5205	1014.0346	11093600	1158.775534	100.0000
52892	94.8412	1341.9985	15909600	1233.680691	100.0000
38446	51.1977	1649.2293	10554600	1293.050674	100.0000
37676	87.5928	2065.3925	22614200	1386.154754	100.0000
48498	68.9021	1201.4034	10347400	1400.030280	100.0000
34564	82.7326	1000.1571	10343200	1584.456927	100.0000
45820	84.4356	2006.1311	21173600	1597.465866	100.0000
41210	37.2976	4883.5742	22768200	1787.196259	100.0000
56788	72.4483	1492.9051	13519800	5.536420	100.0000
34658	65.1230	4004.0877	32594800	33.336831	100.0000
57490	62.9073	1356.1291	10663800	165.850857	100.0000
43898	94.8225	1419.9829	16830800	202.415114	100.0000
58420	51.6897	2098.0872	13556200	257.240298	100.0000
57088	49.0586	3190.0114	19562200	257.015333	100.0000
55038	37.8113	3279.3126	15499400	292.260663	100.0000
37714	82.8409	1304.1281	13504400	327.527416	100.0000
40148	79.3511	2295.1570	22765400	341.535174	100.0000
51432	34.3287	2688.0364	11534600	372.869669	100.0000
42048	81.8858	1005.9868	10297000	408.742066	100.0000
39680	82.3884	996.9949	10267600	438.123129	100.0000
38914	95.3190	1421.3997	16935800	611.451809	100.0000
52812	79.2829	2547.5952	25247600	773.595057	100.0000
59704	92.6826	1808.7706	20955200	833.608084	100.0000
48060	52.2180	4287.5669	27986000	874.514680	100.0000
37346	85.3406	1057.5226	11281200	913.048580	100.0000
36820	26.8243	3064.6804	10276000	1159.188124	100.0000
60204	68.0694	3128.5261	26619600	1164.765437	100.0000
55846	49.1435	4786.4421	29402800	1166.125720	100.0000
37658	90.6779	1657.1879	18783800	1177.303240	100.0000
43704	68.5191	2195.7310	18806200	1195.990767	100.0000
44830	86.9367	2722.4234	29584800	1195.664097	100.0000
47464	73.5458	2589.4727	23805600	1383.761293	100.0000
60812	58.3943	1840.8906	13437200	1405.689279	100.0000
55476	94.8299	969.1800	11488400	1441.082445	100.0000
51480	94.4506	1063.3110	12553800	1670.246324	100.0000
38152	92.7579	1765.8880	20475000	0.114538	100.0000
58148	94.1536	865.2759	10183600	39.011604	100.0000
56356	95.2868	1149.5401	13692000	65.399979	100.0000
47998	68.2857	2617.2165	22339800	112.566282	100.0000
40566	94.5072	991.0944	11708200	151.379208	100.0000
45650	95.2664	1649.2019	19639200	214.293763	100.0000
44760	49.0975	3271.4322	20077400	262.221027	100.0000
51382	78.3274	1993.1315	19514600	265.451789	100.0000
42636	93.2490	881.3562	10273200	499.189267	100.0000
59978	66.3383	2535.8504	21028000	603.044628	100.0000
36834	66.6295	2400.8832	19996200	619.411236	100.0000
40736	36.3000	3704.3357	16808400	619.676063	100.0000
37964	92.9239	1623.5219	18858000	691.077510	100.0000
47756	46.8746	2718.1290	15926400	711.569860	100.0000
42030	92.1104	1633.3616	18806200	746.238255	100.0000
47694	54.7538	1960.4272	13417600	753.753565	100.0000
41340	92.5187	1254.6309	14509600	965.276142	100.0000
35842	40.1943	2288.5221	11498200	1010.775954	100.0000
58676	81.3056	2647.4543	26906600	1021.587066	100.0000
45552	89.0252	1787.0889	19887000	1055.657419	100.0000
57024	86.3116	1561.9506	16851800	1096.154907	100.0000
47528	70.4956	3147.7940	27738200	1177.533025	100.0000
35090	76.9776	3333.1885	32072600	1209.054811	100.0000
46706	87.4826	2407.0073	26321400	1274.972329	100.0000
54996	85.5339	1343.3359	14362600	1417.976447	100.0000
53986	62.5073	2087.7955	16312800	1413.403920	100.0000
42038	91.4726	2114.3113	24175200	1496.327136	100.0000
53178	74.8112	1554.4414	14536200	1499.088468	100.0000
41126	47.0173	2349.2267	13806800	1597.591146	100.0000
49756	87.8540	1336.1620	14673400	1616.706196	100.0000
46048	95.6183	880.3667	10522400	1685.185431	100.0000
41258	47.9457	2886.3302	17298400	1692.056115	100.0000
49858	61.2914	3935.3516	30150400	1692.132535	100.0000
51402	90.4664	2322.2949	26261200	1744.599352	100.0000
48580	93.9494	1881.7798	22099000	167.165219	100.0000
57436	47.0684	4243.1489	24964800	268.405647	100.0000
55914	48.0902	4552.8789	27368600	322.940000	100.0000
48054	64.6009	1465.5142	11834200	478.008154	100.0000
53848	86.6839	981.4415	10634400	560.352645	100.0000
39760	95.0966	2454.9009	29181600	600.138356	100.0000
48926	57.6334	1892.2098	13631800	633.843085	100.0000
41830	92.7933	1024.0050	11877600	661.924009	100.0000
34944	77.1124	2430.9257	23431800	706.384085	100.0000
55772	73.0942	2055.3847	18779600	770.102207	100.0000
34794	95.1643	2110.4385	25104800	792.669473	100.0000
35714	30.7032	2993.7721	11489800	939.113141	100.0000
53266	68.5099	3120.5075	26723200	1004.419297	100.0000
58632	95.5651	1426.1770	17036600	1055.915180	100.0000
46736	80.5109	2166.2464	21800800	1105.121040	100.0000
44464	52.3300	4804.0366	31424400	1129.348681	100.0000
59120	94.8908	1293.2585	15339800	1173.641264	100.0000
40508	64.9998	1316.4342	10696000	1238.391263	100.0000
54726	58.9652	2227.4576	16417800	1409.437658	100.0000
43458	52.5336	1844.5804	12112800	1512.045185	100.0000
42834	95.5951	1211.3257	14474600	1527.883744	100.0000
42476	61.1895	1895.3581	14497000	1584.918862	100.0000
56606	54.5247	1483.6882	10112200	1639.556326	100.0000
51958	90.6423	963.7884	10920000	1706.275418	100.0000
54626	67.6287	1670.3436	14120400	1709.158390	100.0000
40232	88.9220	1879.7245	20893600	1713.841853	100.0000
43828	79.4142	2685.5435	26658800	4.439926	100.0000
45948	72.8587	1305.8698	11893000	5.664826	100.0000
49272	44.0193	2795.7220	15383200	23.482489	100.0000
53426	89.1508	1588.3385	17700200	50.607659	100.0000
43574	94.0015	963.3037	11319000	216.990789	100.0000
38246	39.9506	2700.0132	13483400	257.599327	100.0000
55710	72.1839	1831.3454	16524200	307.652305	100.0000
56260	84.0674	2265.7819	23809800	346.555649	100.0000
51466	94.9437	902.5471	10711400	366.091621	100.0000
36852	78.3859	2847.0841	27896400	373.624738	100.0000
48476	73.6488	2340.8609	21550200	494.978513	100.0000
54948	53.6130	4855.3615	32538800	632.222446	100.0000
45028	65.4700	2250.2640	18415600	763.237182	100.0000
43552	58.4434	2111.6635	15426600	764.300911	100.0000
44510	38.0855	3002.2127	14292600	890.091366	100.0000
52480	85.4842	2229.0146	23818200	915.978106	100.0000
36162	54.2955	3109.6497	21105000	942.296363	100.0000
52052	95.2714	873.8148	10406200	963.653039	100.0000
48170	91.0382	2642.7065	30073400	1013.832271	100.0000
44238	40.9813	3283.3708	16819600	1048.356650	100.0000
41264	86.3981	1330.4174	14368200	1141.226300	100.0000
46534	63.5897	1922.0988	15278200	1289.747213	100.0000
51776	68.8035	2192.8406	18859400	1297.042245	100.0000
46372	76.5948	2272.1765	21754600	1338.237109	100.0000
36732	87.1154	1245.4099	13561800	1409.975125	100.0000
44390	80.5492	1129.4663	11372200	1449.556296	100.0000
60232	71.8764	1990.4834	17883600	1622.383324	100.0000
57128	79.1549	2941.3917	29103200	1642.880218	100.0000
59806	87.9831	1620.8757	17826200	1656.815804	100.0000
39408	25.2656	3552.9672	11221000	41.370974	100.0000
53034	94.5317	1320.6831	15605800	75.504238	100.0000
55918	86.9618	940.1834	10220000	84.454037	100.0000
50684	52.8855	3912.3912	25863600	208.067769	100.0000
48270	70.9026	2273.8812	20153000	216.684357	100.0000
57758	77.2788	2561.7782	24746400	230.500974	100.0000
53250	58.8666	2201.1266	16196600	256.408693	100.0000
58532	91.6930	2787.6311	31950800	376.773728	100.0000
51822	41.2188	4312.7544	22220800	448.480785	100.0000
46340	89.8095	1806.4013	20279000	467.062975	100.0000
48510	90.0270	1599.1294	17995600	643.478356	100.0000
46188	44.1117	2575.5715	14201600	733.395741	100.0000
58906	32.3265	3379.0764	13654200	732.736343	100.0000
54286	92.8372	2462.0468	28571200	779.228705	100.0000
39712	42.7886	2523.5531	13497400	817.416520	100.0000
51162	58.4931	2893.7700	21158200	817.575470	100.0000
32768	82.5003	1764.7058	18198600	1058.726878	100.0000
44482	68.2641	2388.1846	20378400	1079.489094	100.0000
51388	93.4450	880.9463	10290000	1182.900458	100.0000
60570	91.9188	2401.2325	27589800	1267.664607	100.0000
36438	56.9754	1488.6707	10602200	1300.615591	100.0000
41574	48.8885	1769.2844	10812200	1307.327121	100.0000
59612	84.4284	2817.7627	29737400	1386.686453	100.0000
44564	69.4218	3320.5471	28814800	1519.909594	100.0000
38932	84.9222	1703.1687	18079600	1531.715642	100.0000
34468	88.6552	2044.9387	22661800	1729.355123	100.0000
59506	54.3283	3002.0143	20386800	186.824309	100.0000
39704	91.2264	1074.7419	12255600	287.467870	100.0000
56616	75.8344	1628.5794	15437800	372.674599	100.0000
54206	66.4472	2548.0435	21163800	391.586444	100.0000
54076	94.8431	2295.3098	27211800	414.711597	100.0000
33364	95.2883	873.0728	10399200	512.070784	100.0000
39564	76.0416	1461.3890	13890800	756.127879	100.0000
38190	67.5188	3513.0013	29649200	756.734043	100.0000
52440	88.2639	2916.9962	32183200	885.098891	100.0000
45926	25.0007	5157.2250	16116800	901.361062	100.0000
48412	65.9923	1929.5104	15916600	1006.745535	100.0000
38218	53.0510	3258.6001	21609000	1064.948861	100.0000
38076	73.7810	3063.9416	28257600	1120.233734	100.0000
39938	46.1106	2646.5767	15254400	1153.524730	100.0000
38574	92.0648	1131.9851	13027000	1177.576892	100.0000
40226	85.1258	1596.3395	16986200	1261.015404	100.0000
47656	86.9976	1638.3358	17816400	1307.389925	100.0000
38698	70.6724	1192.5448	10535000	1363.627980	100.0000
48192	88.4645	923.8324	10215800	1529.203881	100.0000
48628	55.1597	1758.7913	12126800	1568.667354	100.0000
57468	89.1659	2053.4498	22887200	1670.621630	100.0000
53112	67.7159	3112.1098	26342400	1757.067883	100.0000
44732	71.8396	1178.9382	10586800	1774.908934	100.0000
37582	95.3311	1390.7911	16573200	120.111069	100.0000
45704	66.8357	3572.8692	29849400	134.692723	100.0000
57882	90.6806	1058.3608	11996600	159.803305	100.0000
47332	85.9116	2729.4841	29311800	171.626779	100.0000
50322	93.2864	1333.1498	15545600	180.045217	100.0000
50712	93.3954	1442.5203	16840600	228.756948	100.0000
39994	93.6809	1315.7001	15407000	245.103210	100.0000
50158	90.4559	1643.6735	18585000	260.327032	100.0000
43884	94.8425	1567.7697	18586400	301.354955	100.0000
59816	70.0268	2427.5510	21249200	417.502303	100.0000
57270	57.1311	3546.9566	25330200	451.858972	100.0000
55448	84.5425	1695.3186	17915800	493.812232	100.0000
59600	47.7780	4981.8398	29752800	653.810441	100.0000
35984	50.3018	2945.2965	18519200	733.072254	100.0000
40848	32.6985	3910.9349	15985200	739.384160	100.0000
53306	46.0895	4121.3762	23744000	808.096225	100.0000
46404	75.9081	1360.0859	12905200	851.534178	100.0000
40692	61.5401	3566.9205	27438600	889.918796	100.0000
43250	94.3412	1119.6294	13203400	1046.695123	100.0000
54654	80.9684	1409.2617	14263200	1070.389514	100.0000
45192	43.5266	2848.4666	15498000	1099.012632	100.0000
52736	73.0957	1854.4685	16944200	1109.346879	100.0000
57738	90.8221	997.6422	11326000	1288.315665	100.0000
54858	70.4133	1217.1340	10712800	1346.028037	100.0000
49330	79.1599	2170.6754	21478800	1359.770323	100.0000
33788	78.7889	1487.7623	14652400	1407.946980	100.0000
37660	67.9745	2380.3991	20225800	1468.695557	100.0000
50890	87.8396	972.4821	10677800	1499.595198	100.0000
55840	47.4576	5252.4175	31158400	1612.229273	100.0000
60244	45.4835	1820.4766	10350200	1702.269070	100.0000
38482	81.5747	1851.1827	18876200	18.825196	100.0000
59940	89.2010	1079.4317	12035800	31.576886	100.0000
43250	95.3180	1172.7822	13973400	101.767471	100.0000
37098	95.2245	1126.7694	13412000	243.751422	100.0000
41818	91.6287	1712.4759	19614000	501.425797	100.0000
38538	94.9504	979.9810	11631200	724.397436	100.0000
32780	71.6722	2780.3022	24908800	871.747665	100.0000
36450	61.2429	1868.1034	14301000	902.378789	100.0000
39128	53.5880	3405.2695	22810200	937.640424	100.0000
54368	79.8262	2874.9863	28687400	943.416117	100.0000
48850	90.0700	1352.1573	15223600	970.446137	100.0000
41044	72.4751	1682.1217	15239000	981.498197	100.0000
57222	88.7601	2514.4457	27897800	1010.209120	100.0000
50336	32.1694	2739.6456	11016600	1080.191401	100.0000
42012	85.4242	1010.5988	10791200	1128.233954	100.0000
53388	94.6334	1021.8467	12087600	1138.189686	100.0000
44294	89.3619	1620.6812	18103400	1160.196826	100.0000
57452	81.5667	2868.9745	29251600	1181.847517	100.0000
35940	87.8901	1230.2275	13515600	1197.897615	100.0000
35724	80.1480	1526.8150	15296400	1240.647964	100.0000
39576	56.5025	2638.5228	18635400	1245.577008	100.0000
34306	47.8979	2967.7810	17768800	1247.062355	100.0000
44574	89.0483	1692.1694	18835600	1279.734957	100.0000
53886	83.8853	1821.0201	19094600	1396.905098	100.0000
50306	95.6271	919.7558	10994200	1485.202321	100.0000
45218	88.3604	1822.5903	20130600	1548.076416	100.0000
49596	84.1292	1982.5508	20848800	1791.895461	100.0000
47632	86.1368	1940.8949	20897800	24.938655	100.0000
47936	92.5414	1623.8179	18783800	104.025200	100.0000
45622	52.6084	2410.1723	15849400	147.212292	100.0000
41928	65.8645	1627.1714	13396600	188.883862	100.0000
54526	49.3548	2471.9287	15250200	236.579792	100.0000
42360	87.9108	2236.5392	24577000	264.084605	100.0000
50228	94.8971	1166.4172	13836200	317.517226	100.0000
39978	95.2191	1057.7875	12590200	340.184157	100.0000
33534	78.1795	1110.6954	10854200	359.854350	100.0000
34156	88.5859	1417.1639	15692600	383.395220	100.0000
33724	40.5828	2055.4902	10427200	419.438953	100.0000
58178	92.1522	1935.3730	22293600	528.769871	100.0000
34770	92.5891	1970.2706	22803200	618.142862	100.0000
39388	94.7966	943.2915	11177600	646.654485	100.0000
58106	89.0396	1837.8695	20455400	647.856825	100.0000
42718	72.3795	3158.3964	28575400	1074.733808	100.0000
33990	37.1510	2683.7080	12462800	1176.554991	100.0000
33788	95.0602	1523.7674	18106200	1267.502261	100.0000
39024	72.8774	2181.5255	19873000	1536.472886	100.0000
43726	84.5206	1514.2154	15997800	1546.229976	100.0000
45044	54.9721	4484.7149	30816800	1578.428867	100.0000
49540	32.9085	3655.9103	15038800	1612.700736	100.0000
52030	83.6664	2548.7879	26656000	127.880429	100.0000
37198	92.0946	1095.7424	12614000	133.590745	100.0000
59016	63.0955	3324.9158	26223400	164.324050	100.0000
57014	81.6316	2614.6554	26679800	295.802706	100.0000
49080	20.6297	8617.0020	22220800	285.027970	100.0000
55684	93.9031	890.9615	10458000	303.791630	100.0000
43658	58.7006	2696.7503	19787600	409.001883	100.0000
42338	95.0800	1420.0245	16877000	420.077492	100.0000
44838	80.1877	1862.6697	18670400	415.336015	100.0000
45780	61.6031	2510.2357	19329800	462.193869	100.0000
46916	76.6247	1747.7184	16739800	497.520481	100.0000
55140	34.7158	2926.4828	12699400	593.786192	100.0000
56478	43.3339	5030.6331	27249600	617.128944	100.0000
49350	93.4478	1511.2263	17652600	705.060295	100.0000
53742	34.5780	6171.3646	26674200	730.165411	100.0000
54472	88.2794	1054.6691	11638200	899.632255	100.0000
40042	94.2486	1512.1710	17815000	911.982761	100.0000
37026	95.1112	1044.0326	12412400	918.755962	100.0000
38456	57.1821	2212.8884	15817200	985.709247	100.0000
46434	84.5708	1780.1700	18818800	1021.900698	100.0000
51262	95.0379	1505.6226	17886400	1044.993934	100.0000
48604	95.1509	2301.8930	27378400	1303.067545	100.0000
54440	83.1439	1333.9954	13864200	1365.815154	100.0000
47404	28.2141	2887.1201	10182200	1614.264208	100.0000
59416	84.9189	2743.5883	29122800	47.102872	100.0000
59296	59.2092	2578.2462	19082000	116.653108	100.0000
50678	72.2014	1884.1073	17004400	125.537582	100.0000
53902	55.8965	1567.4980	10952200	187.509101	100.0000
43242	37.0670	3802.6241	17619000	309.857946	100.0000
48510	95.2103	1796.9825	21386400	384.906287	100.0000
37276	94.5053	1431.6230	16912000	445.428149	100.0000
53292	73.2304	3409.0757	31206000	508.706207	100.0000
57918	80.7962	1279.4655	12922000	530.997432	100.0000
35678	93.0816	2528.2593	29416800	592.283414	100.0000
57536	94.8944	1763.5433	20918800	717.746570	100.0000
47056	56.9803	1686.0841	12009200	779.687750	100.0000
49726	95.4433	1985.1621	23683800	858.452040	100.0000
49238	91.3668	2273.7881	25968600	1082.902605	100.0000
38078	61.6778	1665.5333	12840800	1191.634722	100.0000
36146	88.2357	1311.3419	14463400	1199.126630	100.0000
56922	46.7470	2171.8607	12691000	1238.339405	100.0000
44596	92.7940	1433.1621	16623600	1375.542764	100.0000
36826	50.9015	2725.5446	17341800	1402.438199	100.0000
49986	94.8335	986.9756	11699800	1437.183579	100.0000
48728	93.2065	1929.7019	22482600	1503.853368	100.0000
45626	87.7839	1235.0323	13552000	1530.716950	100.0000
40500	81.5844	2414.7758	24626000	1595.369314	100.0000
37004	42.5954	1962.8405	10451000	1787.479607	100.0000
56062	94.4824	2371.4037	28007000	9.703474	100.0000
58392	53.3624	2473.5034	16499000	23.357403	100.0000
40630	83.9738	1332.2827	13984600	159.761638	100.0000
36898	46.8580	2536.0028	14854000	190.300700	100.0000
49926	93.6927	1147.7015	13441400	234.958710	100.0000
57546	79.6541	1374.8638	13689200	432.359411	100.0000
50110	84.4441	1493.8350	15768200	467.270801	100.0000
38404	76.7442	2585.9001	24806600	482.807150	100.0000
57962	66.1410	1426.9879	11797800	493.730387	100.0000
45142	63.0440	2269.8830	17887800	600.025746	100.0000
46344	95.5125	1324.4754	15813000	761.356860	100.0000
45850	58.2382	2096.6029	15262800	759.694245	100.0000
58488	64.6612	1882.4506	15215200	784.831065	100.0000
45936	82.6356	3045.7393	31460800	825.390924	100.0000
46856	79.0981	2908.3877	28756000	971.268895	100.0000
47758	85.4119	2167.3044	23139200	1057.584197	100.0000
39876	32.7610	2714.7855	11117400	1065.501951	100.0000
35128	92.1216	1224.2954	14098000	1084.798634	100.0000
37936	94.2194	2020.6968	23798600	1169.315389	100.0000
50158	52.8146	2921.3726	19286400	1201.645607	100.0000
37212	92.3891	1630.8589	18834200	1229.330649	100.0000
40506	59.3229	1388.7934	10298400	1326.036521	100.0000
45046	94.5881	1879.4922	22222200	1345.202000	100.0000
46528	53.1732	4198.3234	27904800	1462.194126	100.0000
54020	68.7439	1858.4683	15969800	1465.577112	100.0000
41230	65.4566	1926.9919	15766800	1550.129760	100.0000
59136	90.4808	1395.0359	15778000	1694.861722	100.0000
44524	51.1028	2821.5427	18023600	1727.927551	100.0000
39006	91.9703	900.0648	10347400	56.382269	100.0000
52040	45.6767	2952.9642	16860200	193.793944	100.0000
40084	36.7920	2991.7842	13759200	268.657424	100.0000
55880	78.3314	1976.1566	19349400	285.470038	100.0000
36000	85.3776	1628.4925	17379600	326.180413	100.0000
46542	79.1252	1335.7861	13211800	335.789168	100.0000
33752	78.1135	1488.8694	14537600	339.843455	100.0000
35152	78.7553	3285.6796	32345600	465.222807	100.0000
35180	61.6291	1966.8876	15152200	469.516111	100.0000
58252	95.4022	927.5598	11061400	530.889059	100.0000
50072	75.1203	2707.9986	25428200	597.436063	100.0000
58954	88.1109	973.0469	10717000	602.485083	100.0000
50630	85.4621	1086.4227	11606000	605.751164	100.0000
55692	85.8527	1194.1941	12815600	608.344914	100.0000
41846	95.1831	2129.0831	25331600	652.720342	100.0000
50062	50.1480	4713.1223	29544200	680.413912	100.0000
37908	86.5596	1099.8197	11900000	772.496471	100.0000
40430	57.8104	1647.3432	11904200	790.820754	100.0000
60730	62.9637	2251.7869	17722600	816.713858	100.0000
36406	85.7620	2397.9656	25706800	852.487984	100.0000
43784	69.3140	1667.5416	14448000	867.296030	100.0000
47296	60.3749	3695.4980	27889400	902.565325	100.0000
42706	54.3979	1605.1204	10914400	981.420863	100.0000
59782	86.9680	1015.5826	11040400	1003.592990	100.0000
36080	66.0409	1582.9699	13067600	1257.244226	100.0000
51892	82.2243	1544.5173	15874600	1372.958304	100.0000
37692	71.8406	1788.4936	16060800	1665.076283	100.0000
58290	77.8262	1537.6821	14959000	1709.116139	100.0000
57178	73.7090	1183.9857	10908800	1769.682196	100.0000
39952	30.6365	3123.8525	11963000	9.842145	100.0000
38508	94.4085	944.9154	11151000	82.090347	100.0000
55236	85.4860	1582.5384	16910600	167.523131	100.0000
42058	85.3094	2742.4492	29244600	233.717196	100.0000
47768	67.8476	1795.8594	15230600	310.763064	100.0000
58382	75.1340	1337.7276	12563600	338.133631	100.0000
39952	94.9294	1238.9336	14701400	373.046150	100.0000
52452	56.5119	3007.7072	21246400	517.292571	100.0000
41448	94.4991	1585.0821	18723600	556.344848	100.0000
41754	68.7705	1375.5207	11824400	693.039367	100.0000
53312	93.3945	2017.5577	23553600	694.706463	100.0000
60152	94.2246	1577.4563	18579400	787.980599	100.0000
46128	94.9809	1200.4101	14252000	795.484312	100.0000
60894	56.4899	1828.0072	12908000	1006.089865	100.0000
44940	70.9429	2078.8783	18435200	1110.413406	100.0000
52664	44.8079	3529.1311	19766600	1153.149355	100.0000
58696	61.5260	1760.4773	13539400	1156.110404	100.0000
53028	89.9145	1524.5236	17134600	1201.670224	100.0000
54212	85.3854	2147.3838	22919400	1247.391785	100.0000
32948	95.1258	2485.2319	29551200	1327.918287	100.0000
36728	83.9496	1016.0766	10662400	1384.521675	100.0000
38118	38.7934	2324.1051	11270000	1402.394889	100.0000
51474	94.1683	971.1123	11431000	1549.543813	100.0000
39590	81.3485	2040.2685	20746600	1589.184577	100.0000
57066	86.2413	2576.4540	27774600	1617.756429	100.0000
34130	64.0303	2261.1552	18097800	1663.261722	100.0000
38458	67.9521	1201.7167	10207400	1673.570517	100.0000
59878	27.8130	4451.7371	15477000	233.463438	100.0000
55522	64.7232	1486.8000	12028800	425.316411	100.0000
49486	76.2619	2554.6710	24353000	507.437671	100.0000
49846	77.0782	1200.3804	11565400	615.049470	100.0000
39842	82.7826	1662.3580	17201800	624.837467	100.0000
59998	76.5958	1177.2345	11271400	714.534497	100.0000
52256	61.1654	3031.0228	23174200	719.802737	100.0000
60986	89.0851	2563.9835	28551600	727.699673	100.0000
42800	95.2429	1541.0703	18347000	769.799578	100.0000
55180	58.9950	1695.1389	12500600	789.807147	100.0000
56074	38.7594	2882.6829	13966400	810.132066	100.0000
37320	93.0642	972.8854	11317600	850.110040	100.0000
52978	22.2714	5211.9201	14509600	936.902994	100.0000
43484	70.8329	2552.8249	22603000	1008.721607	100.0000
36348	40.8176	2641.2952	13476400	1112.612411	100.0000
43846	86.3348	1088.0247	11741800	1225.768421	100.0000
53516	82.6421	1438.9947	14865200	1412.918231	100.0000
46922	63.2153	2499.3702	19749800	1565.759469	100.0000
51454	72.0149	2379.9746	21424200	1644.595729	100.0000
34142	93.7680	859.3977	10073000	1789.303927	100.0000
55796	81.4046	1671.2380	17005800	42.292718	100.0000
59220	94.9178	1151.8850	13666800	44.228520	100.0000
43078	68.0003	2624.2491	22306200	53.093444	100.0000
49674	92.8688	2206.6226	25615800	205.979107	100.0000
53432	84.0263	1368.3722	14372400	537.690341	100.0000
39464	93.6285	917.6176	10739400	566.554104	100.0000
59548	28.1963	3087.5504	10882200	575.703249	100.0000
52264	63.4984	2667.7854	21175000	596.090926	100.0000
44106	80.9382	1080.8638	10935400	667.275315	100.0000
41952	67.3385	2589.3317	21795200	682.548859	100.0000
55182	78.7509	2822.9365	27788600	682.708484	100.0000
59172	67.7431	3783.0909	32034800	705.299954	100.0000
56284	67.8559	1878.3342	15932000	875.779613	100.0000
54156	93.8911	1089.0917	12782000	880.862424	100.0000
47360	42.2713	2160.9734	11418400	944.873028	100.0000
49710	95.1899	1101.2933	13104000	956.413546	100.0000
56246	83.2647	2212.7021	23030000	1029.813691	100.0000
51160	61.0010	1643.0684	12528600	1038.933761	100.0000
59258	54.8811	2576.0697	17672200	1172.649833	100.0000
34860	92.8239	1606.9311	18645200	1473.754660	100.0000
57608	72.4114	1346.8826	12191200	1475.282419	100.0000
54410	47.0929	2088.6044	12294800	1528.310527	100.0000
57512	69.6912	1707.3710	14873600	1590.693044	100.0000
49014	25.5642	3879.0513	12395600	1636.734342	100.0000
52054	76.4098	2676.0748	25559800	1723.432310	100.0000
57448	90.6512	1363.0088	15444800	1758.986555	100.0000
60982	62.0011	2780.6196	21550200	1789.096807	100.0000
33014	67.4454	3614.9674	30476600	50.517060	100.0000
37498	88.5936	1633.9782	18095000	88.342805	100.0000
34788	95.6077	1053.1366	12586000	174.011792	100.0000
53944	84.8308	3011.5479	31934000	449.762927	100.0000
35972	93.8864	1654.4752	19416600	510.102658	100.0000
44532	70.2854	1616.7682	14204400	647.291032	100.0000
44722	92.6154	873.2373	10109400	688.728401	100.0000
33032	47.4489	2912.0652	17271800	732.820307	100.0000
37062	77.6858	3284.7811	31897600	739.602748	100.0000
49604	88.2776	1090.4687	12033000	853.684180	100.0000
32848	68.4792	1466.0922	12549600	863.799792	100.0000
47076	63.1846	3701.3341	29233400	1250.982020	100.0000
59086	95.0879	1816.8453	21595000	1407.261754	100.0000
40748	59.8569	3220.5871	24096800	1448.362267	100.0000
33448	78.6452	3190.8792	31368400	1476.201202	100.0000
46760	94.4015	1096.3724	12937400	1492.721536	100.0000
58508	87.7101	1911.5696	20958000	1584.728687	100.0000
55494	67.7786	2722.3918	23065000	1671.220433	100.0000
37358	62.6243	1752.1371	13715800	1694.715137	100.0000
60774	32.9073	3623.7073	14905800	0.614435	100.0000
55854	65.8612	1669.4271	13743800	10.039880	100.0000
58842	94.3502	1887.6737	22262800	17.013086	100.0000
40696	60.7587	1359.4764	10325000	58.050615	100.0000
51962	65.9366	3481.1127	28691600	68.420952	100.0000
38292	81.4970	1278.4957	13024200	115.002722	100.0000
37982	38.1345	4912.0867	23415000	186.336749	100.0000
38170	66.3422	1403.5833	11639600	237.419157	100.0000
50524	92.4198	1168.9618	13504400	251.738754	100.0000
54908	70.8746	1158.6428	10264800	375.448763	100.0000
46282	77.6330	1773.7829	17213000	520.055736	100.0000
40000	94.0129	938.5269	11029200	987.414645	100.0000
43978	63.4405	4028.5445	31946600	1038.900229	100.0000
36836	73.1907	1411.0420	12909400	1054.107668	100.0000
38200	94.6822	2353.7432	27857200	1160.877878	100.0000
39482	37.8211	3696.6024	17476200	1205.925153	100.0000
40556	90.6068	1894.9581	21462000	1219.104995	100.0000
44826	95.0456	1362.6807	16189600	1354.734319	100.0000
58494	89.5789	1880.9421	21061600	1483.099867	100.0000
53864	94.6489	2752.5210	32565400	1606.659065	100.0000
51808	54.3270	2920.6521	19833800	1645.607396	100.0000
50312	61.8957	3922.9863	30352000	1726.324523	100.0000
32832	72.9393	3407.3262	31066000	1776.194479	100.0000
38618	40.2864	3154.0195	15883000	9.683699	100.0000
33770	92.1125	898.0668	10340400	57.786635	100.0000
42916	57.6129	1846.4197	13297200	236.265181	100.0000
43652	66.8334	1819.7605	15202600	256.927026	100.0000
44502	89.3761	1736.4645	19399800	277.675060	100.0000
57746	39.3053	4033.1693	19815600	293.375139	100.0000
34332	62.3350	3071.8935	23935800	690.936398	100.0000
36446	93.2150	1411.6699	16448600	695.031922	100.0000
37732	83.3499	1029.7026	10728200	718.065578	100.0000
60274	93.1157	2540.0841	29565200	793.557192	100.0000
60568	94.5723	1238.6381	14642600	934.273302	100.0000
56994	76.2652	1207.0088	11506600	1023.684071	100.0000
33902	86.2495	1080.9202	11653600	1113.648584	100.0000
40868	55.9417	1748.8216	12229000	1207.297057	100.0000
32772	54.4256	4027.6344	27400800	1237.027405	100.0000
52072	85.4065	1557.9151	16632000	1319.877300	100.0000
50850	94.3437	863.2947	10180800	1458.221635	100.0000
41964	71.3444	2146.7687	19145000	1480.763839	100.0000
55980	66.0764	2729.8102	22547000	1551.082629	100.0000
60970	92.2295	2451.1908	28259000	1587.622821	100.0000
48246	94.5261	1220.9959	14427000	1618.065140	100.0000
55210	83.2049	2634.9416	27405000	1634.628003	100.0000
58136	87.1684	1677.5246	18278400	1679.394044	100.0000
59516	87.2654	1581.4564	17250800	95.888184	100.0000
56772	51.5683	2096.2956	13512800	186.817603	100.0000
33772	64.4531	2317.5671	18671800	232.104194	100.0000
48842	86.2469	1065.6293	11488400	247.175067	100.0000
37606	94.9813	899.4778	10679200	313.762388	100.0000
38758	91.6683	1792.9862	20545000	318.589589	100.0000
50692	65.7097	2505.2271	20577200	355.233516	100.0000
37096	84.2742	1072.6323	11299400	602.941691	100.0000
39480	90.2083	1704.0554	19215000	635.342595	100.0000
35994	54.5095	4084.9253	27833400	814.881722	100.0000
46928	81.1604	1955.1599	19835200	1006.031935	100.0000
35888	50.2867	2518.9970	15834000	1143.388169	100.0000
60858	68.4532	1187.8481	10164000	1243.981004	100.0000
52516	32.6022	4409.6214	17970400	1240.888856	100.0000
50572	62.6403	3643.9141	28532000	1315.065961	100.0000
36682	51.7759	1693.9766	10963400	1468.834661	100.0000
47866	42.3950	3733.1533	19783400	1466.349439	100.0000
40660	70.1779	1468.2681	12880000	1568.812750	100.0000
41498	87.3369	2886.5330	31512600	1600.377091	100.0000
35454	82.3285	1038.9405	10691800	1794.539334	100.0000
45378	92.8632	1604.6838	18627000	63.109647	100.0000
54358	28.0692	4306.9491	15111600	108.718657	100.0000
57802	72.0298	1841.3279	16578800	166.843269	100.0000
49730	22.0855	4076.7471	11254600	194.581167	100.0000
57650	27.3592	3881.6336	13274800	349.505613	100.0000
42214	92.8078	1571.0056	18225200	465.386712	100.0000
40214	95.2953	1494.2687	17799600	559.028551	100.0000
47296	84.8196	1331.0124	14112000	572.017486	100.0000
50886	78.0579	1296.5144	12650400	581.858400	100.0000
40166	82.1318	1326.9794	13623400	609.926435	100.0000
45620	48.1986	4939.7606	29761200	638.519092	100.0000
44666	92.9488	1648.8735	19157600	711.540139	100.0000
36792	81.3078	1904.3672	19355000	889.514158	100.0000
57860	94.3269	2020.7673	23826600	926.836892	100.0000
35578	75.7357	1461.6727	13837600	976.438111	100.0000
53410	82.4862	1510.5548	15575000	1105.260838	100.0000
57640	91.4312	1168.7385	13357400	1127.073502	100.0000
52648	42.3111	1993.7633	10544800	1237.660271	100.0000
41124	77.1203	1136.8416	10959200	1386.618762	100.0000
35854	55.5541	3629.0987	25201400	1406.899816	100.0000
38432	94.4475	1515.5089	17892000	1429.235935	100.0000
45422	59.3217	3997.4829	29642200	1687.891117	100.0000
36758	90.6054	2527.3900	28624400	1717.837784	100.0000
40102	62.2725	2933.6089	22835400	1765.070488	100.0000
42460	87.7065	2380.4296	26097400	11.590857	100.0000
60128	94.2818	1057.3750	12461400	289.189207	100.0000
34966	90.6372	1119.0458	12678400	311.218834	100.0000
54604	60.5092	2739.6026	20721400	334.589416	100.0000
55070	84.6477	1297.1978	13725600	331.955414	100.0000
39038	59.4608	2061.7830	15324400	373.176259	100.0000
40180	34.9906	3068.6678	13421800	444.294717	100.0000
33146	73.6520	2700.2455	24859800	514.214960	100.0000
60870	81.7399	3151.3233	32198600	624.217482	100.0000
35986	41.7751	3719.6471	19423600	647.391828	100.0000
39722	59.0972	2468.4766	18235000	657.729416	100.0000
33268	83.9210	2312.7071	24260600	741.750907	100.0000
54362	72.0821	2402.6156	21648200	748.510218	100.0000
39682	78.1845	1129.5340	11039000	852.608970	100.0000
57740	64.2475	3563.7415	28620200	993.256849	100.0000
43384	72.7253	1217.8647	11071200	1045.469592	100.0000
37292	62.3183	1990.4272	15505000	1112.286698	100.0000
58936	90.7994	1231.3911	13976200	1111.954090	100.0000
60324	56.7433	3421.9768	24271800	1185.313267	100.0000
54758	60.1190	3488.2262	26213600	1186.156179	100.0000
33182	66.2298	2573.9946	21309400	1234.636567	100.0000
51342	94.7542	853.8806	10113600	1347.796187	100.0000
35924	81.5031	1442.3395	14694400	1393.715453	100.0000
35522	91.6180	1602.7775	18355400	1545.555652	100.0000
36500	67.6600	1242.9914	10512600	6.958192	100.0000
37088	87.1171	1857.9876	20232800	33.164479	100.0000
47988	64.5554	3040.6605	24536400	160.340833	100.0000
45190	32.7564	4337.2346	17759000	194.596312	100.0000
59002	92.3757	967.6483	11173400	217.604058	100.0000
43526	93.3230	904.6599	10553200	228.383548	100.0000
40350	92.6728	1122.0207	12997600	229.930652	100.0000
45026	81.5659	1962.3292	20007400	347.300373	100.0000
39078	22.9450	6108.3859	17519600	342.061465	100.0000
36094	53.0653	1817.4437	12055400	409.522915	100.0000
33050	41.7602	5802.1968	30287600	424.221324	100.0000
49940	76.9530	2829.3617	27216000	443.833997	100.0000
56052	38.3759	2291.0235	10990000	512.171803	100.0000
60304	38.4011	3224.5730	15478400	679.850724	100.0000
35118	44.9181	2775.1836	15582000	691.086189	100.0000
49474	84.2957	2956.9239	31157000	768.990801	100.0000
33856	81.8095	989.8123	10122000	828.139541	100.0000
41792	93.0925	965.1304	11230800	854.911136	100.0000
41840	89.1035	904.5117	10074400	977.158775	100.0000
52754	55.0596	2687.5290	18496800	1009.891169	100.0000
40496	72.7725	1633.0776	14855400	1059.744866	100.0000
44956	42.7362	2159.7418	11537400	1190.580120	100.0000
37594	59.1179	2719.2017	20094200	1279.316854	100.0000
35008	44.5398	2112.0180	11758600	1365.666872	100.0000
36408	44.6623	3494.7451	19510400	1399.565703	100.0000
38634	64.8608	3610.5157	29272600	1537.804162	100.0000
59680	72.5805	3561.5088	32312000	1614.642209	100.0000
56560	74.9173	2100.7488	19672800	1781.608307	100.0000
40812	92.9656	1002.9511	11655000	1788.134251	100.0000
60726	88.0636	1936.8375	21320600	243.084055	100.0000
42056	54.7639	2180.1241	14924000	464.543781	100.0000
46848	58.5028	3503.0371	25617200	575.923746	100.0000
55474	67.6313	1264.2196	10687600	777.856888	100.0000
45776	67.7966	2673.2655	22654800	803.130599	100.0000
60854	77.8894	2075.6618	20209000	856.228904	100.0000
39656	92.1645	2338.2029	26937400	909.278740	100.0000
49550	51.7303	5034.2359	32552800	943.721749	100.0000
49304	82.4599	2828.5266	29155000	1093.952576	100.0000
47354	89.1726	1743.9439	19439000	1164.588671	100.0000
36384	77.8732	2209.5602	21508200	1174.443693	100.0000
45860	44.9603	2826.3877	15884400	1398.916454	100.0000
46766	95.3784	2088.2042	24896200	1410.813363	100.0000
48046	84.5253	2276.1657	24049200	1465.677539	100.0000
39580	79.0172	1378.8590	13619200	1522.283981	100.0000
50126	80.8074	2630.2360	26567800	1547.232057	100.0000
37030	93.3121	1686.3833	19670000	1567.668503	100.0000
50774	92.0535	1107.1820	12740000	1611.923980	100.0000
59466	58.6902	1779.5146	13055000	1650.805133	100.0000
48316	56.5422	3384.0381	23917600	1758.878752	100.0000
49920	52.3018	2550.6405	16675400	1774.732968	100.0000
36076	89.4952	1995.7090	22325800	1789.493703	100.0000
44878	71.0473	1824.0690	16199400	0.961101	100.0000
50282	74.7882	1634.4391	15279600	153.981414	100.0000
52266	73.8736	1319.4645	12184200	302.762483	100.0000
51428	46.3430	2111.5265	12231800	334.056735	100.0000
41332	79.5016	1528.3823	15188600	481.933501	100.0000
48782	87.0858	1537.7760	16739800	552.317104	100.0000
43056	94.4057	2119.6852	25013800	594.914425	100.0000
40658	92.6373	1804.9410	20900600	629.513669	100.0000
58136	64.7701	2154.7486	17445400	719.269206	100.0000
32872	86.4203	2693.4604	29096200	733.942209	100.0000
58056	77.0543	1469.0723	14149800	771.321044	100.0000
55606	67.7990	1283.0635	10873800	772.194397	100.0000
37952	78.9994	1989.2212	19643400	812.335832	100.0000
52090	77.5582	1061.9742	10295600	939.184959	100.0000
53048	95.0961	1289.4069	15327200	1110.579340	100.0000
46920	80.6105	1600.0301	16122400	1165.111585	100.0000
42258	80.5673	1351.7743	13613600	1240.641849	100.0000
44064	40.1099	4006.7112	20088600	1298.170669	100.0000
58904	94.6790	1241.2642	14690200	1316.957328	100.0000
42328	86.5335	2681.3938	29003800	1441.355372	100.0000
56144	71.0939	1959.9312	17417400	1480.819194	100.0000
43178	61.7447	1969.7355	15202600	1521.510961	100.0000
58462	42.4901	4612.0456	24495800	1572.745170	100.0000
59374	28.7872	4439.2017	15974000	1630.606662	100.0000
55942	84.7460	1410.8032	14945000	1670.159431	100.0000
41296	94.1303	1005.5342	11831400	71.857364	100.0000
60130	90.1628	1001.5843	11288200	154.421615	100.0000
58972	47.9371	5398.2416	32347000	235.733152	100.0000
47462	90.5547	992.1787	11230800	295.396489	100.0000
40178	88.6383	1640.2294	18173400	309.298613	100.0000
49752	88.4484	2373.3794	26240200	368.215899	100.0000
56060	70.2511	2318.0838	20356000	556.574284	100.0000
43748	94.1853	936.4517	11025000	626.743134	100.0000
47202	62.8105	3380.2999	26539800	729.530781	100.0000
43530	67.7940	2119.2682	17959200	764.245871	100.0000
53536	67.4291	1346.7414	11351200	857.193881	100.0000
44294	60.7019	3871.3527	29374800	883.426360	100.0000
50398	91.2995	1821.0843	20783000	888.756815	100.0000
43070	95.2894	1219.9135	14530600	933.093269	100.0000
45592	65.0558	1507.2591	12257000	978.907045	100.0000
54590	69.9476	1885.0911	16482200	1061.802171	100.0000
53648	66.8221	1237.6273	10337600	1131.732335	100.0000
41814	93.0864	2127.5896	24756200	1187.652492	100.0000
60764	94.4630	916.8631	10826200	1217.728605	100.0000
47028	60.1896	3518.0021	26468400	1234.951412	100.0000
37860	67.8045	2517.0239	21333200	1261.728770	100.0000
59648	59.0339	2667.8642	19686800	1265.546598	100.0000
39716	87.0070	1673.3002	18198600	1286.833279	100.0000
33152	69.6313	3310.7201	28816200	1289.871858	100.0000
32958	93.3230	1021.7930	11919600	1474.260661	100.0000
37698	93.5078	960.0060	11221000	1551.139561	100.0000
47558	73.1553	2649.2251	24225600	1669.399230	100.0000
48024	53.7350	3053.2948	20508600	1709.604961	100.0000
44638	93.0293	1023.9359	11907000	1762.212398	100.0000
47554	92.9392	1017.5774	11821600	1779.465507	100.0000
47916	70.3562	2094.9392	18424000	0.550289	100.0000
35946	94.6760	1301.0434	15397200	87.330947	100.0000
45648	62.9986	2528.2320	19909400	90.615237	100.0000
47562	94.6254	1239.8365	14665000	218.629593	100.0000
53044	88.4566	979.1202	10826200	285.539648	100.0000
46342	94.7668	1145.5663	13570200	380.128288	100.0000
54078	90.5881	2821.5101	31949400	404.700903	100.0000
51072	68.9220	1643.0630	14155400	684.954343	100.0000
41888	90.2375	2283.7502	25760000	707.484627	100.0000
52304	66.8792	2677.7844	22386000	822.419070	100.0000
51160	68.7539	1199.9208	10312400	861.019261	100.0000
53358	84.5812	1383.0975	14623000	938.710260	100.0000
47950	74.1470	2395.0693	22198400	956.129720	100.0000
59804	90.3379	1380.8785	15593200	960.529138	100.0000
48404	89.9378	1487.1441	16718800	961.953921	100.0000
52808	85.0096	1188.5147	12629400	981.647501	100.0000
59786	81.2140	1564.6954	15884400	1052.570932	100.0000
42236	77.2763	1702.4003	16444400	1088.209547	100.0000
44546	78.7053	3021.0911	29722000	1091.911544	100.0000
34678	72.1127	2610.6475	23532600	1217.843537	100.0000
44100	89.6809	1627.7806	18247600	1242.896460	100.0000
46446	76.8184	1892.6086	18173400	1359.229715	100.0000
35452	73.4048	2779.8301	25506600	1575.994892	100.0000
35854	78.4021	1099.6849	10777200	1611.739671	100.0000
33674	95.5342	920.2984	10990000	1664.745669	100.0000
43478	46.7047	2101.6453	12269600	1677.447790	100.0000
58870	72.2087	1927.3454	17396400	1683.391795	100.0000
39408	52.4154	1543.8197	10115000	263.582376	100.0000
46118	76.5799	1391.0077	13315400	332.915886	100.0000
41796	30.8448	7107.1190	27402200	349.907454	100.0000
58958	38.3696	3916.3956	18783800	398.227638	100.0000
60628	95.2674	1228.0723	14624400	429.577279	100.0000
51302	68.8291	2624.8655	22583400	495.202088	100.0000
51516	49.6012	4017.6795	24910200	498.905805	100.0000
35466	91.5226	1928.2499	22059800	508.188013	100.0000
52426	75.9132	1823.4100	17302600	670.903827	100.0000
54578	55.5052	2223.6460	15428000	687.094087	100.0000
42332	43.3554	2336.5953	12663000	690.583580	100.0000
40020	71.7499	1806.2080	16199400	744.649556	100.0000
45684	93.3753	1639.4229	19135200	909.425505	100.0000
40648	93.7818	1069.8190	12541200	969.245297	100.0000
49660	86.4275	1147.3752	12395600	997.392214	100.0000
51430	89.0456	1614.8676	17974600	1027.641325	100.0000
39096	81.1942	2151.1886	21833000	1039.375236	100.0000
36918	68.1384	2729.2198	23245600	1164.082998	100.0000
35542	40.0502	3681.5816	18431000	1180.800551	100.0000
58014	57.7357	2760.4407	19922000	1227.787587	100.0000
47560	94.2847	1785.6377	21044800	1526.369465	100.0000
53970	93.4330	998.8929	11666200	1564.278365	100.0000
37024	75.7559	1449.8999	13729800	1662.702395	100.0000
43940	92.6203	1271.0295	14715400	1679.432049	100.0000
58348	94.0577	1959.5127	23038400	38.157443	100.0000
49534	45.3266	5414.6065	30678200	108.745878	100.0000
40646	31.4922	3686.2503	14511000	194.830328	100.0000
56038	93.5962	1138.4742	13319600	214.839417	100.0000
56204	90.6148	963.0921	10908800	342.420563	100.0000
48082	94.9691	1417.6743	16829400	466.958874	100.0000
50222	69.0740	1394.6085	12041400	474.713905	100.0000
50926	64.7614	2923.2472	23664200	479.262234	100.0000
34480	57.9212	2171.1156	15719200	497.167105	100.0000
44852	86.9137	924.4670	10043600	535.957604	100.0000
38528	93.7578	887.3245	10399200	554.236318	100.0000
41652	54.5568	1550.3553	10572800	616.972811	100.0000
33768	61.0859	2336.9572	17844400	681.448076	100.0000
49844	42.5780	2669.3977	14207200	698.044740	100.0000
53818	77.8311	1127.0360	10964800	729.177212	100.0000
46038	95.2183	1198.5937	14266000	767.679209	100.0000
49208	95.5826	923.9334	11039000	936.998461	100.0000
56480	75.3985	1561.7916	14719600	943.122497	100.0000
45602	41.6051	5872.0165	30538200	938.960511	100.0000
47746	78.5004	3054.2328	29969800	1036.904147	100.0000
41606	94.7917	2064.0282	24456600	1096.556693	100.0000
53808	90.4639	1062.5055	12014800	1142.719254	100.0000
40356	94.6204	1125.4405	13311200	1216.902868	100.0000
43478	62.9354	3533.2251	27795600	1276.891894	100.0000
56744	48.2049	4552.4962	27431600	1298.319114	100.0000
46156	65.0349	2935.4070	23863000	1358.241278	100.0000
39988	77.8717	2421.3157	23569000	1511.128506	100.0000
52338	63.7264	1971.2261	15702400	1525.691816	100.0000
47532	34.6550	6158.3115	26677000	1638.295719	100.0000
47902	47.8828	2156.3670	12906600	1648.735876	100.0000
57848	94.2143	1246.1970	14676200	1661.559022	100.0000
55564	83.1819	1473.4164	15320200	1676.631298	100.0000
55634	64.7459	1289.0755	10432800	1708.945697	100.0000
35640	72.5094	1685.3437	15275400	23.817591	100.0000
58688	76.6888	2226.0142	21338800	193.166967	100.0000
47300	87.0382	1159.3992	12614000	214.931690	100.0000
37242	94.1416	881.3281	10371200	327.224864	100.0000
41942	75.3728	1088.9016	10259200	329.623844	100.0000
46314	22.9200	4244.9597	12161800	351.042444	100.0000
57202	94.9505	948.3678	11256000	396.863937	100.0000
35586	63.6226	1316.0613	10466400	429.836704	100.0000
45482	65.3048	1611.1038	13151600	633.749080	100.0000
46530	81.2788	1566.6176	15916600	643.509498	100.0000
54186	91.9625	2687.3899	30892400	648.127128	100.0000
44754	77.0361	1564.0662	15061200	712.784290	100.0000
51294	28.8193	4187.0862	15083600	733.642608	100.0000
57188	76.7796	1419.4814	13623400	738.121377	100.0000
44402	92.8509	1109.4951	12877200	764.228321	100.0000
36030	75.7127	2142.1401	20273400	796.050896	100.0000
51712	64.8968	1794.6781	14558600	905.762860	100.0000
54844	94.6664	1113.1809	13172600	1001.196190	100.0000
35044	54.4822	1765.4496	12023200	1023.940093	100.0000
54778	80.2489	1342.0641	13462400	1040.841797	100.0000
52182	67.7485	3265.6761	27655600	1116.768291	100.0000
59838	88.0733	2210.2855	24333400	1185.434030	100.0000
38170	79.9942	1036.6345	10365600	1213.471442	100.0000
44250	92.8915	2252.7447	26157600	1272.920848	100.0000
50444	51.3469	1890.9187	12136600	1387.409020	100.0000
45932	30.4466	2810.0577	10694600	1422.337751	100.0000
38400	62.0164	3077.5581	23857400	1415.297951	100.0000
51736	93.9784	1266.7249	14880600	1454.986979	100.0000
58796	92.1724	1004.4130	11572400	1583.355006	100.0000
55640	60.8001	2766.8362	21028000	1640.184507	100.0000
59632	77.5928	1916.7335	18590600	1659.587483	100.0000
48468	42.5616	4828.7632	25690000	1689.198748	100.0000
33616	94.6352	1701.9799	20133400	1725.276393	100.0000
48686	78.5914	1791.3411	17598000	1729.857218	100.0000
49756	69.4372	2254.4456	19567800	15.287867	100.0000
46010	30.8627	2640.4425	10186400	15.401955	100.0000
39098	84.2743	2704.6345	28491400	40.677595	100.0000
44854	93.5212	2345.2395	27416200	61.025017	100.0000
45964	73.2037	2633.3952	24096800	81.011920	100.0000
35876	51.3153	2030.2401	13022800	231.339747	100.0000
59326	64.5912	2253.8287	18197200	240.150815	100.0000
53554	77.6189	1192.0195	11565400	359.862405	100.0000
36468	50.6236	3847.1556	24344600	408.756488	100.0000
33398	47.7412	3277.3387	19558000	495.475875	100.0000
36606	90.8319	2610.8540	29643600	554.369131	100.0000
58374	93.5329	1363.5238	15941800	644.383065	100.0000
57564	83.2824	2329.0962	24246600	724.020405	100.0000
56750	68.2227	2055.7160	17530800	774.400301	100.0000
41320	94.8797	973.2744	11543000	851.807610	100.0000
33438	86.6584	1419.4773	15376200	902.579677	100.0000
49810	35.5808	3838.7012	17073000	939.892122	100.0000
36298	62.3000	3128.4487	24362800	1030.717412	100.0000
52302	75.5137	2841.7635	26824000	1058.774520	100.0000
34730	64.9438	2328.6859	18904200	1067.661823	100.0000
56756	91.8602	1242.1652	14263200	1134.701320	100.0000
33770	94.1466	1772.9114	20864200	1199.836798	100.0000
39706	72.3264	2475.3327	22379000	1295.316883	100.0000
56336	48.6791	2810.1755	17099600	1423.396990	100.0000
58490	92.5100	899.2929	10399200	1442.380497	100.0000
34460	94.9016	1283.5530	15226400	1505.364351	100.0000
45020	94.3856	1500.3644	17701600	1550.876323	100.0000
46790	67.6409	1976.8619	16714600	1641.157652	100.0000
41382	42.8355	2549.8115	13652800	1641.187358	100.0000
60786	94.9109	1302.0718	15447600	1683.562524	100.0000
35394	94.3379	1003.5590	11834200	1735.872202	100.0000
49354	80.5740	2283.8149	23002000	1779.712862	100.0000
53862	88.9384	2731.9212	30371600	50.992983	100.0000
35216	56.7730	1441.8955	10232600	70.351103	100.0000
59610	91.3507	2159.0631	24654000	182.286020	100.0000
51436	81.5114	1223.7207	12468400	322.954548	100.0000
44100	71.6929	1563.6251	14012600	330.437722	100.0000
49798	87.5126	1336.5117	14620200	380.701924	100.0000
37928	57.2447	2989.7494	21393400	414.848806	100.0000
56860	94.8479	854.6904	10133200	610.857290	100.0000
54732	58.5966	2058.3577	15076600	617.176709	100.0000
40162	71.6942	1816.9850	16283400	1105.296388	100.0000
35822	85.2969	968.9074	10330600	1362.076612	100.0000
57312	70.3848	1826.1226	16066400	1436.964436	100.0000
58072	48.5969	4870.9279	29589000	1567.411197	100.0000
50278	58.2047	3407.4473	24791200	1618.150267	100.0000
46882	89.9412	1954.6807	21975800	1620.478889	100.0000
45948	73.7652	1627.3468	15005200	1638.792295	100.0000
55888	56.9247	2799.1807	19917800	1.959987	100.0000
33536	94.9964	1114.0299	13228600	59.870159	100.0000
40136	95.1315	2020.8663	24031000	127.083039	100.0000
45954	85.3322	1015.4946	10831800	167.300589	100.0000
39952	73.9289	1815.6893	16779000	184.878790	100.0000
33200	95.1762	1058.1464	12588800	207.079839	100.0000
47010	76.4287	1740.0368	16623600	235.213744	100.0000
54422	77.3586	2293.8993	22181600	282.548279	100.0000
37266	91.9673	1891.5251	21744800	310.156307	100.0000
49488	94.3058	1399.0234	16492000	334.395370	100.0000
36966	44.9605	2308.4776	12973800	464.369998	100.0000
55296	77.0818	1996.7140	19238800	1127.130852	100.0000
52156	67.7342	1185.7415	10039400	1238.197416	100.0000
33062	93.1995	1066.2890	12422200	1296.691717	100.0000
43288	76.7270	3324.2227	31882200	1420.966401	100.0000
48570	78.2067	1925.0308	18818800	1495.343025	100.0000
39748	89.6204	956.4073	10714200	1560.693819	100.0000
59318	78.9789	1085.5558	10717000	1619.341172	100.0000
48466	72.9267	3238.6724	29523200	1644.344478	100.0000
53916	61.8377	2774.7494	21448000	1711.177505	100.0000
43534	27.5445	3070.7600	10572800	1772.648648	100.0000
37720	63.5853	3334.5297	26503400	1773.480704	100.0000
51624	50.6219	2305.6278	14589400	262.694888	100.0000
60738	79.9809	1941.1434	19406800	335.907219	100.0000
33952	90.4651	1656.6298	18733400	366.327065	100.0000
34846	80.0382	1501.4836	15022000	436.597252	100.0000
49182	60.3191	2471.2037	18632600	550.947357	100.0000
54626	53.3204	4513.1532	30080400	576.565567	100.0000
49264	54.6820	4013.6621	27434400	808.968113	100.0000
45094	73.3188	1368.7071	12544000	819.392855	100.0000
50656	95.0585	866.1111	10291400	827.417375	100.0000
45678	85.7033	1065.4614	11414200	883.777153	100.0000
41626	92.7984	980.9826	11379200	1003.111094	100.0000
35272	76.5735	2982.9241	28551600	1021.675564	100.0000
53942	48.3720	1736.7743	10501400	1089.000123	100.0000
50052	75.8434	1905.1247	18061400	1145.290771	100.0000
44924	87.6509	2693.8518	29514800	1152.050110	100.0000
44192	95.3993	984.1753	11736200	1224.333334	100.0000
48432	94.9333	989.1244	11737600	1280.670847	100.0000
50856	95.4749	1009.5551	12048400	1427.783840	100.0000
54464	72.8002	1223.9966	11138400	1573.008522	100.0000
56280	87.1488	2811.2842	30625000	1587.571844	100.0000
54662	28.7675	2995.8835	10773000	1649.702361	100.0000
52930	87.8246	2592.4935	28460600	1730.433490	100.0000
45074	76.6825	1337.0036	12815600	1747.963196	100.0000
54214	79.5090	1662.4833	16522800	123.555185	100.0000
44532	90.9272	1276.2208	14505400	132.556580	100.0000
39996	87.8931	1684.4637	18506600	145.518483	100.0000
42198	74.7868	3136.7040	29323000	155.852375	100.0000
35818	93.1934	921.7817	10738000	413.539852	100.0000
47928	76.8713	1317.2556	12657400	580.311886	100.0000
51312	87.9956	972.0304	10691800	622.810750	100.0000
34488	94.1646	1965.4941	23135000	750.554686	100.0000
44246	82.0399	1546.3501	15857800	790.919484	100.0000
37428	48.5321	4506.1119	27336400	821.195335	100.0000
50456	87.6644	2333.4085	25569600	998.510756	100.0000
54684	80.4408	1992.9778	20039600	1053.071004	100.0000
34568	69.0208	1296.3740	11184600	1067.898909	100.0000
39764	75.3959	1535.1064	14467600	1154.165904	100.0000
55514	60.7032	2783.4328	21120400	1190.680076	100.0000
45056	87.5589	2000.1903	21891800	1278.932220	100.0000
55846	95.1633	1271.6664	15127000	1541.534027	100.0000
56880	64.5682	3597.9048	29038800	1549.237818	100.0000
40226	81.5758	1647.9595	16804200	1641.160509	100.0000
44510	94.9710	1038.8522	12332600	1749.834780	100.0000
46366	75.2400	3406.8880	32041800	1754.166891	100.0000
55766	86.1112	1206.9980	12992000	1754.758123	100.0000
55820	35.9761	2374.4203	10677800	79.756651	100.0000
39164	57.1735	2294.9089	16401000	90.994690	100.0000
43610	69.3144	2787.7828	24154200	153.312408	100.0000
33410	79.8650	1179.2496	11772600	210.937675	100.0000
43210	65.9792	1241.7241	10241000	335.491629	100.0000
42844	49.8905	2550.4515	15905400	444.307434	100.0000
34382	77.3750	2075.4188	20073200	487.047471	100.0000
51232	36.2755	4602.2026	20868400	578.038417	100.0000
40156	95.6216	1193.7725	14268800	665.813906	100.0000
50962	75.9153	3170.7758	30088800	676.912603	100.0000
46186	60.9619	1803.2241	13741000	746.439163	100.0000
48690	57.6120	2742.8441	19752600	764.186007	100.0000
55256	64.7526	1781.7244	14421400	772.538678	100.0000
42072	81.6377	2108.3590	21515200	1025.121580	100.0000
50840	64.1281	1982.4570	15891400	1078.967045	100.0000
47028	57.5710	1793.6815	12908000	1122.165555	100.0000
60982	87.1931	2490.0142	27139000	1228.209160	100.0000
40190	65.6684	1850.6813	15191400	1297.811376	100.0000
52486	71.3561	3310.1142	29524600	1296.722092	100.0000
57462	51.8169	4375.2174	28338800	1630.033901	100.0000
54700	44.0528	1880.1059	10353000	1658.164679	100.0000
40000	89.6332	2629.7769	29464400	1729.783206	100.0000
38732	95.2882	1610.1558	19178600	35.954781	100.0000
56400	55.0665	2487.6674	17123400	89.291858	100.0000
46334	68.1813	2694.3207	22962800	124.297867	100.0000
36532	94.4314	1020.1179	12041400	145.409143	100.0000
50036	69.2204	3023.2725	26159000	224.597944	100.0000
53768	42.8885	3630.9191	19465600	236.008956	100.0000
38466	42.7367	2151.0670	11491200	335.796954	100.0000
35644	58.9415	4033.5302	29717800	366.559629	100.0000
56450	94.2282	938.7594	11057200	379.379367	100.0000
60584	65.4648	1472.1806	12047000	418.832281	100.0000
56488	90.0590	1441.4906	16227400	427.405589	100.0000
55518	90.9481	1196.7435	13605200	549.302518	100.0000
56820	70.4334	2570.0066	22626800	591.863407	100.0000
40950	84.6051	2930.3588	30990400	608.177262	100.0000
33320	50.8074	1753.3816	11135600	820.055524	100.0000
44072	43.2891	2326.2043	12587400	1049.220958	100.0000
47118	51.6376	1728.6644	11158000	1078.076609	100.0000
44994	78.5163	2960.7517	29058400	1134.741393	100.0000
49302	86.8863	2447.6319	26583200	1169.275480	100.0000
60220	58.4459	4391.2040	32081000	1184.134786	100.0000
54772	44.2824	3020.9037	16721600	1258.207590	100.0000
41004	85.8970	943.7539	10133200	1326.957602	100.0000
44404	92.1285	1230.6464	14172200	1369.849101	100.0000
51298	94.8237	1121.2558	13290200	1405.410328	100.0000
52918	94.7464	882.0854	10446800	1439.659157	100.0000
39844	88.1792	1034.4028	11401600	1508.584708	100.0000
49878	43.6808	1916.1172	10462200	1656.760201	100.0000
57484	87.9088	1269.5880	13951000	1721.184729	100.0000
48210	90.8860	1228.7387	13959400	67.043253	100.0000
41234	95.4307	984.0854	11739000	178.525267	100.0000
42362	95.1639	2220.4895	26413800	184.566101	100.0000
34356	58.1320	4338.8147	31528000	262.535661	100.0000
52540	58.8843	2429.2811	17880800	328.100535	100.0000
37378	60.7585	3330.4031	25293800	546.064060	100.0000
55390	88.2162	1909.6178	21057400	641.006920	100.0000
48258	72.0609	1537.6116	13850200	679.889085	100.0000
58274	95.2299	1021.4438	12159000	776.562671	100.0000
43238	94.6566	1095.5476	12962600	860.145394	100.0000
42954	72.0280	1868.7404	16825200	889.558531	100.0000
49238	63.4659	1613.6669	12801600	990.946829	100.0000
42770	94.9340	2114.2606	25089400	1057.440488	100.0000
53828	94.8150	2284.1795	27071800	1079.286521	100.0000
45308	84.1721	2963.7947	31183600	1127.568517	100.0000
35540	86.6570	1575.3694	17064600	1252.177251	100.0000
33870	54.7805	1547.9079	10599400	1390.811043	100.0000
34152	36.3163	2305.3037	10465000	1397.381859	100.0000
40716	57.0808	2598.2556	18538800	1488.623845	100.0000
34138	80.1973	2987.0940	29944600	1578.336826	100.0000
56414	47.4999	2315.6909	13749400	1596.095196	100.0000
39582	51.1818	3451.5707	22082200	1595.216842	100.0000
47140	54.3596	3558.8467	24182200	1656.476143	100.0000
60900	92.8042	1408.8678	16343600	1667.997278	100.0000
60706	85.4464	1661.2622	17743600	1713.113579	100.0000
43544	83.2904	1393.2364	14505400	1771.807885	100.0000
40146	58.6219	2823.4088	20689200	28.168076	100.0000
53916	45.0885	4686.0702	26411000	48.192009	100.0000
35760	85.1768	1228.6544	13081600	64.810363	100.0000
45532	36.5851	2489.8028	11386200	94.961783	100.0000
37044	89.9487	1962.3638	22064000	100.446879	100.0000
38652	93.5918	974.8206	11404400	199.018326	100.0000
39596	43.3217	2564.6287	13888000	223.642319	100.0000
37156	87.6783	1427.6197	15646400	248.175889	100.0000
53098	70.3906	1252.8497	11023600	349.438834	100.0000
39434	55.0175	2525.7118	17369800	381.477756	100.0000
58186	60.4030	2250.0879	16989000	487.840646	100.0000
60220	54.0599	3741.6299	25284000	496.440715	100.0000
39866	68.0251	2226.6594	18933600	499.535751	100.0000
33810	36.0097	3885.9774	17491600	537.211212	100.0000
40514	74.7037	2300.1605	21478800	662.313139	100.0000
35072	88.1164	2368.9766	26093200	757.731219	100.0000
60784	69.3473	1401.2264	12146400	874.241616	100.0000
52194	48.4546	3965.9683	24021200	1157.608054	100.0000
44224	42.1982	5292.8835	27918800	1177.040286	100.0000
50126	84.6315	1001.8022	10598000	1197.073204	100.0000
55176	95.1813	983.3692	11699800	1204.581700	100.0000
52218	50.8121	2089.3618	13270600	1346.515339	100.0000
37632	71.8292	1475.3672	13246800	1419.216339	100.0000
43724	85.1825	2913.9145	31026800	1553.453006	100.0000
46436	92.9736	935.5256	10872400	1568.771572	100.0000
32926	39.2792	2113.7270	10378200	1580.351279	100.0000
33814	83.6717	1184.4955	12388600	1737.975482	100.0000
37730	84.2068	1025.0769	10789800	36.534395	100.0000
47770	95.3702	859.2877	10243800	174.891509	100.0000
33460	60.7691	3186.0644	24201800	409.681820	100.0000
55240	77.0061	1097.9497	10568600	429.366505	100.0000
45504	59.8372	1691.3081	12650400	472.039371	100.0000
43422	87.9472	1843.3788	20265000	498.534181	100.0000
55432	93.5789	1079.0805	12622400	617.106217	100.0000
56548	78.8489	1734.6403	17096800	658.471614	100.0000
49312	87.4384	1096.7076	11986800	676.089248	100.0000
46670	94.0603	1413.0341	16613800	832.055936	100.0000
36846	81.0434	2762.0152	27980400	834.801900	100.0000
33716	79.8940	1212.4664	12108600	1040.850977	100.0000
38112	94.5658	1306.3495	15442000	1071.265625	100.0000
42712	93.2360	1261.9159	14707000	1118.741950	100.0000
49730	88.7640	1122.5995	12455800	1124.551595	100.0000
41714	45.9452	2086.9042	11985400	1257.011349	100.0000
43458	30.7782	4509.0054	17347400	1258.294548	100.0000
50450	83.2759	1003.8534	10449600	1261.524301	100.0000
44552	77.8832	2177.9273	21203000	1265.663012	100.0000
52366	89.3102	2233.4750	24934000	1292.067599	100.0000
55968	92.3804	1894.5831	21877800	1321.509388	100.0000
51812	69.6890	1433.8914	12490800	1514.084460	100.0000
42200	91.9199	907.3809	10425800	1577.511096	100.0000
33114	75.5062	1635.6582	15437800	1651.360083	100.0000
59186	49.1948	2272.7918	13976200	1734.739491	100.0000
54030	50.3974	1883.4323	11865000	1738.184483	100.0000
51398	95.1928	998.8986	11886000	1745.179147	100.0000
50780	80.2819	2196.0020	22037400	38.904492	100.0000
59446	93.3532	1284.5661	14989800	55.998293	100.0000
36264	94.9475	1621.3594	19243000	246.288708	100.0000
39268	73.8752	3305.6381	30525600	351.176460	100.0000
46474	91.8613	2477.4738	28448000	543.691245	100.0000
33098	30.8679	3580.4696	13815200	583.534065	100.0000
53674	65.9084	1530.9251	12612600	608.503291	100.0000
59314	87.2702	1139.2486	12427800	704.371149	100.0000
55260	73.2431	2004.8747	18355400	713.689315	100.0000
44450	41.9292	2563.5207	13435800	764.710526	100.0000
58108	89.7608	898.2632	10078600	883.061307	100.0000
45900	89.8556	2004.9067	22519000	956.756833	100.0000
54660	62.6980	3515.3415	27550600	958.260107	100.0000
55812	48.8220	2738.8625	16714600	1016.302834	100.0000
59760	62.9891	3210.6907	25279800	1045.587042	100.0000
44244	95.2294	1826.7306	21744800	1141.064563	100.0000
40774	95.6233	1111.4117	13284600	1159.080356	100.0000
34032	54.6707	2017.4902	13787200	1237.694421	100.0000
54138	27.4151	3659.6478	12541200	1225.751770	100.0000
47504	73.5629	2272.3417	20895000	1253.424401	100.0000
55872	85.9569	964.8559	10367000	1356.763057	100.0000
55662	66.8672	1291.7308	10796800	1397.853447	100.0000
57088	90.9276	1553.4817	17656800	1396.143075	100.0000
53580	95.4455	1270.9578	15163400	1511.308661	100.0000
42442	71.9659	2932.3664	26378800	1637.987732	100.0000
35696	90.4051	1779.6342	20111000	1717.927622	100.0000
56806	76.8769	1883.7382	18102000	43.979208	100.0000
44444	37.2877	4461.6548	20795600	93.545273	100.0000
43614	54.4589	2503.2886	17040800	215.364352	100.0000
53084	83.0650	2231.3710	23168600	234.626660	100.0000
50008	61.8573	3306.1897	25564000	379.872094	100.0000
47776	35.5998	2855.0691	12705000	391.044450	100.0000
36094	42.2335	4514.3731	23832200	423.704038	100.0000
34864	87.3537	1561.7786	17053400	442.851175	100.0000
36722	32.9120	2477.3960	10192000	451.487395	100.0000
53610	94.2712	1209.6843	14254800	566.284109	100.0000
52926	47.6234	3359.2880	19997600	593.794601	100.0000
36922	90.4317	2786.2610	31495800	695.688851	100.0000
60376	63.4995	3367.7890	26731600	701.674400	100.0000
41152	66.6992	2107.0370	17567200	709.197342	100.0000
38416	69.4369	1926.3752	16720200	834.040128	100.0000
44936	94.8138	1125.0350	13333600	899.223313	100.0000
48776	94.8077	1161.9648	13770400	965.439620	100.0000
57948	73.1207	1195.5023	10927000	998.050535	100.0000
41768	70.4004	2928.6863	25772600	1018.477664	100.0000
58212	79.6682	1032.4419	10281600	1178.249301	100.0000
34310	66.4062	3532.7302	29324400	1202.387835	100.0000
50072	81.3861	3106.1213	31599400	1225.513818	100.0000
33890	60.4171	2848.8894	21515200	1248.321199	100.0000
52110	36.3178	2905.6357	13190800	1248.605126	100.0000
46134	56.7942	1465.2200	10402000	1364.182466	100.0000
51700	77.1336	1994.0673	19226200	1390.612598	100.0000
48062	86.6076	1100.8915	11918200	1457.886454	100.0000
44842	79.7931	2403.9961	23977800	1458.440140	100.0000
55046	78.1584	2066.5100	20189400	1509.717946	100.0000
58280	35.5118	5279.9146	23437400	1613.760097	100.0000
35634	31.2457	3375.1620	13182400	1630.189853	100.0000
47606	79.1328	2303.8939	22789200	1636.538592	100.0000
47316	67.1627	2868.2572	24080000	1679.818250	100.0000
38258	36.8457	2346.3460	10806600	1734.208122	100.0000
33778	84.8105	1327.9863	14078400	1763.939211	100.0000
38558	88.2090	1416.1091	15614200	10.269922	100.0000
48582	76.8205	1440.1567	13829200	254.219369	100.0000
33612	94.0473	1845.8794	21700000	420.436707	100.0000
36590	54.6330	3491.4287	23843400	488.642876	100.0000
50556	93.5855	1262.7083	14771400	493.589196	100.0000
50404	51.9864	4654.8193	30248400	583.287115	100.0000
45306	46.4038	2268.0532	13155800	618.257460	100.0000
49452	95.1616	1444.4653	17182200	715.125357	100.0000
34572	77.5100	2442.1528	23661400	755.310278	100.0000
51950	67.1207	1729.2075	14508200	779.872830	100.0000
33970	94.4748	902.8777	10662400	926.813549	100.0000
54626	94.2583	1410.7787	16622200	973.396102	100.0000
52056	56.6701	1836.8203	13011600	987.212228	100.0000
34040	86.1064	1664.6574	17917200	1005.205549	100.0000
39402	94.9350	1207.0069	14323400	1087.145123	100.0000
53086	49.3737	3519.2193	21719600	1128.794436	100.0000
59884	65.8565	2645.0492	21774200	1136.839103	100.0000
43950	61.5674	2075.8243	15975400	1179.937573	100.0000
45098	34.6957	2309.6780	10017000	1290.584210	100.0000
43388	69.4164	1620.5499	14061600	1434.443130	100.0000
49894	57.0176	3607.6441	25712400	1469.548790	100.0000
46894	94.7256	1012.3386	11986800	1505.377430	100.0000
37022	91.6781	1305.4721	14960400	1513.535613	100.0000
41156	92.4901	1504.2308	17390800	1601.514220	100.0000
55656	55.8788	2691.8282	18802000	1621.940103	100.0000
45580	95.3367	2353.7960	28050400	1699.235048	100.0000
36982	81.9822	1368.6097	14025200	1709.162324	100.0000
46532	70.2851	1383.3252	12153400	79.630280	100.0000
37576	36.3006	2683.6340	12177200	123.909290	100.0000
39032	46.3830	4209.7523	24407600	188.062482	100.0000
56094	89.1236	1104.4972	12304600	402.481932	100.0000
51516	94.9972	943.7749	11207000	490.343288	100.0000
40130	76.2973	1809.9712	17262000	495.570662	100.0000
60442	81.2984	2142.6447	21774200	546.254701	100.0000
58314	36.4140	2849.9826	12972400	779.424087	100.0000
55280	78.6824	2403.9115	23643200	818.172200	100.0000
33530	89.0952	906.6075	10096800	897.799895	100.0000
39704	48.4769	2180.0744	13210400	986.809555	100.0000
33178	77.3133	1342.7544	12976600	1109.765258	100.0000
59518	79.0467	1511.3906	14933800	1110.704856	100.0000
50482	80.7670	1071.7841	10820600	1187.111515	100.0000
40224	94.0978	876.3814	10308200	1230.197407	100.0000
42920	91.4722	1616.1071	18478600	1305.462740	100.0000
55986	83.5919	2260.8496	23623600	1320.705430	100.0000
55490	78.5837	1218.7160	11971400	1418.267692	100.0000
51616	78.7028	1958.7212	19269600	1434.062270	100.0000
60050	92.1685	930.0883	10715600	1449.718478	100.0000
58904	91.1997	1983.3392	22610000	1469.623295	100.0000
45132	82.9299	1712.8886	17756200	1540.303003	100.0000
35452	82.7984	1517.9817	15710800	1577.040928	100.0000
40278	76.5429	3019.6713	28891800	115.684058	100.0000
46140	74.0850	1924.0385	17817800	386.965199	100.0000
59962	72.5953	2758.9895	25036200	451.163687	100.0000
52788	38.5559	4577.2102	22059800	582.217001	100.0000
46206	79.4069	1141.4826	11330200	633.092075	100.0000
56022	85.1476	1232.8895	13122200	669.382006	100.0000
38378	60.4036	4115.9367	31077200	698.648180	100.0000
43896	61.4011	1486.0708	11405800	706.295911	100.0000
51286	93.5966	996.5489	11659200	721.866847	100.0000
32828	52.4443	2690.4292	17637200	739.622146	100.0000
43124	84.1332	1050.6009	11048800	781.377624	100.0000
47576	93.7474	1763.6158	20666800	829.063781	100.0000
33962	73.3391	2428.6323	22264200	1012.469960	100.0000
54524	92.9828	1934.2242	22481200	1077.349235	100.0000
40630	54.2692	2819.3400	19125400	1117.181922	100.0000
43248	60.4303	3247.8536	24533600	1118.047611	100.0000
47158	75.2845	2674.5679	25169200	1153.369678	100.0000
60524	85.2353	1298.3723	13833400	1200.891659	100.0000
45962	64.3742	2234.2876	17978800	1255.716681	100.0000
46274	76.5344	2589.3288	24771600	1341.575834	100.0000
40192	94.4910	1434.0916	16938600	1408.310016	100.0000
53796	56.8355	1666.3378	11838400	1448.677449	100.0000
58462	88.8031	2346.7481	26049800	1456.251704	100.0000
36162	70.1658	1481.4501	12993400	1527.082048	100.0000
55080	43.9784	3629.3126	19951400	1618.857363	100.0000
34430	83.4984	2940.2251	30688000	1786.769569	100.0000
37098	64.5944	2584.5457	20868400	91.485044	100.0000
56764	54.2536	2106.4932	14285600	92.345357	100.0000
53164	92.1001	1325.5140	15260000	127.453642	100.0000
52974	95.6161	1430.1016	17092600	181.295449	100.0000
56214	90.4819	1438.8377	16273600	284.053438	100.0000
44598	61.6053	3083.0055	23741200	370.402678	100.0000
38328	92.3645	1063.6813	12280800	417.902990	100.0000
46866	95.0794	1374.0930	16331000	714.169458	100.0000
48552	58.8372	1571.3881	11557000	762.047569	100.0000
54370	81.8131	1921.0812	19646200	785.810109	100.0000
50832	78.8021	1089.2711	10729600	906.413110	100.0000
52202	83.6184	1666.6382	17420200	1071.577933	100.0000
49950	79.6300	1183.9965	11785200	1373.313255	100.0000
60736	93.3635	1615.9980	18859400	1380.922522	100.0000
32836	95.1676	2302.4302	27389600	1432.508475	100.0000
49804	95.0233	1247.2566	14814800	1675.143590	100.0000
56672	67.7107	3669.4476	31057600	1694.985474	100.0000
34816	86.0320	936.4145	10070200	86.150908	100.0000
47848	79.1932	2618.6488	25922400	156.542089	100.0000
40224	80.6813	2479.9802	25011000	159.755966	100.0000
38470	91.9352	1604.0691	18433800	207.293852	100.0000
42690	94.6601	2430.4894	28758800	387.107750	100.0000
60152	95.0333	912.8924	10844400	395.764064	100.0000
51356	86.7368	1674.6378	18156600	463.852589	100.0000
34226	70.6517	2010.7191	17757600	567.645524	100.0000
59420	51.1508	1589.6539	10164000	634.390749	100.0000
36112	82.3656	1542.1381	15877400	647.142124	100.0000
40156	92.5963	1827.0279	21147000	739.056264	100.0000
43304	70.7253	3555.7947	31435600	790.394136	100.0000
38370	95.2434	958.5040	11411400	896.234546	100.0000
46826	88.2897	1018.6471	11242000	963.461804	100.0000
45892	64.9013	3232.4028	26223400	1052.357911	100.0000
46544	46.1858	4808.5057	27760600	1142.608070	100.0000
38788	77.4208	1242.5193	12024600	1175.438184	100.0000
60336	93.4227	1463.4382	17089800	1196.975576	100.0000
57420	75.8373	2256.3262	21389200	1229.751727	100.0000
54474	79.5373	1417.4375	14092400	1294.441588	100.0000
53938	88.0854	1115.2262	12279400	1437.880825	100.0000
38974	52.5678	4821.2896	31680600	1572.503706	100.0000
57014	89.4893	933.6533	10444000	1729.247108	100.0000
47222	94.5846	1002.0067	11846800	1742.823402	100.0000
33478	38.5119	2410.3105	11603200	48.134659	100.0000
60922	94.4380	1377.7333	16263800	85.224853	100.0000
40556	55.5015	4685.7141	32508000	89.587772	100.0000
41700	39.2941	3645.8228	17907400	129.225307	100.0000
50120	86.9868	2768.7500	30105600	182.662347	100.0000
59996	94.9818	961.6162	11417000	275.685298	100.0000
46560	91.7453	888.9655	10194800	317.923866	100.0000
39054	69.7772	1303.1886	11366600	487.613382	100.0000
55864	74.3097	2583.9534	24001600	625.620261	100.0000
57288	51.5775	2176.9171	14035000	751.138553	100.0000
33404	62.1414	3315.4085	25753000	751.276791	100.0000
46232	94.6304	1284.8643	15198400	834.281219	100.0000
53368	62.9260	3412.0059	26838000	1017.981942	100.0000
56978	94.9118	1351.5036	16034200	1087.479610	100.0000
51692	55.3667	2327.5211	16108400	1091.485204	100.0000
56850	58.0388	2731.3610	19815600	1289.742441	100.0000
50436	95.2005	1009.6421	12014800	1332.213958	100.0000
36086	88.4158	2918.1926	32251800	1451.070752	100.0000
55644	94.9121	942.7331	11184600	1527.418951	100.0000
42000	46.4163	1888.6138	10957800	1535.569635	100.0000
55940	84.4109	1828.3903	19292000	1555.329207	100.0000
33950	84.6426	1963.9086	20778800	1690.658791	100.0000
57458	70.4559	1796.7768	15824200	1696.400340	100.0000
39782	95.4465	1139.1685	13591200	1732.895158	100.0000
42996	94.1328	1463.2257	17217200	18.553658	100.0000
32862	74.4266	1454.1247	13528200	81.718533	100.0000
59010	68.9345	1517.3367	13074600	83.058193	100.0000
37964	73.1972	2230.7529	20410600	106.830169	100.0000
47698	51.2270	3464.7049	22185800	131.990948	100.0000
47028	80.0276	1672.2841	16728600	269.474095	100.0000
59670	88.1501	1245.9117	13728400	293.471488	100.0000
59962	92.3542	1941.6894	22415400	400.913402	100.0000
56384	92.9614	1229.7405	14289800	483.164926	100.0000
33232	87.4451	1492.1360	16310000	523.819582	100.0000
58610	83.7509	987.7296	10340400	559.841730	100.0000
43586	61.9047	1767.4383	13676600	581.888445	100.0000
46752	52.4971	3874.5620	25425400	617.209542	100.0000
60766	49.5539	2147.1577	13300000	691.340304	100.0000
53244	77.9071	2232.3194	21739200	744.299883	100.0000
46414	50.0528	1667.0385	10430000	845.406826	100.0000
53890	93.6414	1212.9162	14197400	887.581050	100.0000
37152	86.5555	2301.5810	24901800	922.085121	100.0000
35092	75.7726	1766.9293	16735600	958.974490	100.0000
51942	95.3842	1586.6939	18918200	1009.415454	100.0000
51304	72.7622	1243.7224	11312000	1036.428606	100.0000
58176	84.6509	2621.0227	27734000	1100.767198	100.0000
41798	57.4207	1877.3709	13475000	1143.412602	100.0000
43598	95.6205	979.0876	11702600	1209.830614	100.0000
46526	93.2546	2649.7959	30888200	1282.765046	100.0000
55808	89.1947	1948.4380	21723800	1416.075541	100.0000
45048	68.5794	1656.1709	14197400	1422.991756	100.0000
57300	53.7611	2665.5716	17913000	1478.023552	100.0000
37068	71.4066	2112.4330	18855200	1488.047513	100.0000
43804	87.4119	1391.6095	15205400	1506.522867	100.0000
58940	79.9802	3040.2930	30395400	1576.381163	100.0000
47852	84.0347	1267.8759	13318200	1629.072510	100.0000
53464	61.2937	1409.3710	10798200	1656.472656	100.0000
40536	92.2519	1791.2351	20655600	1717.903943	100.0000
33488	95.1098	1707.7355	20302800	102.606069	100.0000
40430	84.6530	2400.5389	25401600	125.877384	100.0000
32862	92.9777	2551.5622	29654800	222.836844	100.0000
51678	92.1565	1266.9755	14595000	362.036684	100.0000
47586	57.2524	1806.5969	12929000	451.053767	100.0000
57346	68.4566	1438.5986	12310200	596.316238	100.0000
58106	94.0916	1604.6824	18873400	682.530325	100.0000
42194	86.7690	1859.7614	20171200	690.677389	100.0000
54250	86.8449	1372.4506	14898800	713.343804	100.0000
49108	94.5252	1650.0492	19496400	802.117462	100.0000
42232	89.3206	998.7390	11151000	869.140957	100.0000
47032	92.7947	1871.8836	21712600	976.890360	100.0000
33458	94.0143	855.7167	10056200	1032.169791	100.0000
40018	89.0841	1387.2371	15447600	1049.686826	100.0000
43830	75.1813	1848.1606	17368400	1071.908626	100.0000
46274	38.8100	3002.7300	14567000	1098.386102	100.0000
40854	68.2197	2101.4445	17920000	1163.807060	100.0000
36340	70.4631	2711.6615	23884000	1211.088738	100.0000
44990	60.1823	1724.2268	12971000	1389.170975	100.0000
57224	94.9086	847.7716	10057600	1396.897010	100.0000
56850	90.4531	1536.6191	17374000	1464.240718	100.0000
50084	92.3656	1499.4678	17312400	1534.022679	100.0000
49762	60.6364	1759.3404	13335000	1575.107204	100.0000
54792	87.3113	1906.8314	20811000	1673.888439	100.0000
36208	62.3573	1886.0848	14701400	1756.833135	100.0000
38176	86.7450	1055.3789	11443600	125.301651	100.0000
37240	29.3388	4498.8955	16499000	128.925383	100.0000
44530	87.2167	2898.0859	31595200	183.341942	100.0000
60348	59.0235	3693.0118	27246800	194.317057	100.0000
58708	64.3858	1546.9505	12450200	204.497331	100.0000
59902	95.5725	855.7109	10222800	252.756273	100.0000
51920	91.8702	1062.6997	12203800	437.831718	100.0000
51732	91.2487	1113.0201	12695200	452.539693	100.0000
33834	59.3295	2209.2502	16384200	477.244123	100.0000
33460	90.2337	1149.3713	12964000	521.747863	100.0000
37430	29.6172	4764.0359	17637200	581.152917	100.0000
35416	75.3737	2829.9515	26663000	623.851336	100.0000
46238	95.0216	1163.1206	13815200	658.036594	100.0000
45012	39.7859	4079.5972	20288800	704.376996	100.0000
51458	51.0183	2372.6725	15131200	1076.667280	100.0000
52558	55.7457	2273.7246	15843800	1200.588310	100.0000
51034	87.0251	1183.2547	12871600	1283.413567	100.0000
53962	46.4074	2060.8084	11954600	1284.141225	100.0000
59194	73.4064	3228.9499	29628200	1422.133211	100.0000
45990	82.5855	1634.4566	16872800	1458.864678	100.0000
56946	72.1889	1741.5414	15715000	1479.303400	100.0000
56116	91.4891	1960.9064	22425200	1486.242168	100.0000
35366	89.7629	1956.6925	21954800	1495.865300	100.0000
37972	92.9866	1698.4304	19741400	1499.525465	100.0000
56442	86.5416	931.9359	10081400	1534.640637	100.0000
57412	56.6756	1701.6717	12055400	1552.370554	100.0000
40332	86.0466	1056.1350	11359600	1594.402545	100.0000
60782	66.0207	1876.2610	15484000	1619.951973	100.0000
36274	37.7960	4103.5455	19387200	1618.485541	100.0000
35418	90.7977	1835.7108	20834800	1650.171990	100.0000
41036	60.8802	3420.6987	26031600	1654.365873	100.0000
60550	86.6164	1481.8445	16044000	1686.590727	100.0000
46820	69.3403	2323.9827	20143200	1682.737833	100.0000
39628	86.2591	1144.1627	12336800	1703.217461	100.0000
59084	93.5066	1676.6466	19597200	1719.144330	100.0000
39170	87.5249	1386.4860	15169000	16.595983	100.0000
59006	55.2844	1481.1271	10235400	206.680910	100.0000
51656	86.1652	2057.8886	22164800	235.388730	100.0000
44406	51.5490	3451.3178	22239000	341.639768	100.0000
41218	71.5735	1337.1429	11963000	381.289305	100.0000
59636	85.0036	1636.0532	17383800	554.974425	100.0000
58066	93.7022	1178.1836	13799800	578.309044	100.0000
38566	39.3506	3118.0238	15337000	686.530698	100.0000
36134	80.5306	2932.3106	29517600	731.878967	100.0000
54444	91.4546	1779.2957	20340600	809.055542	100.0000
43616	60.3320	2929.0178	22089200	943.803381	100.0000
34754	32.3988	6280.5282	25435200	948.725713	100.0000
45718	27.7447	2946.0644	10217200	1090.777927	100.0000
40146	85.2175	2631.9850	28036400	1255.929573	100.0000
41662	70.3421	1912.8907	16819600	1310.338937	100.0000
42172	83.5489	1349.7827	14096600	1323.754530	100.0000
49104	79.5529	2278.4938	22657600	1356.824039	100.0000
40944	70.5615	1309.1792	11547200	1383.959861	100.0000
46604	76.2331	3364.4158	32060000	1512.507219	100.0000
44424	65.9177	3164.5500	26075000	1542.448620	100.0000
60756	94.6798	1264.3206	14963200	1648.368826	100.0000
33050	78.3161	1907.8993	18677400	1739.164590	100.0000
43104	84.3225	2189.8597	23081800	1763.161323	100.0000
40686	76.2644	2293.1803	21861000	0.888129	100.0000
40342	62.8569	2198.0583	17270400	46.374191	100.0000
42808	90.2468	2249.1402	25372200	59.624770	100.0000
38676	49.2988	2040.1296	12572000	96.807043	100.0000
59570	67.6775	1805.8355	15276800	103.806325	100.0000
59560	61.6744	3688.2698	28434000	188.546157	100.0000
48986	55.6292	2165.1371	15055600	261.787912	100.0000
53358	94.8878	975.1979	11566800	356.996512	100.0000
44994	84.2006	2012.6599	21183400	391.508659	100.0000
37600	94.6469	1058.7391	12525800	476.142745	100.0000
52052	93.4711	1041.6230	12170200	555.690266	100.0000
48844	76.1148	2515.9049	23937200	642.907282	100.0000
55102	90.6149	2538.3721	28751800	773.841952	100.0000
55488	76.8111	1705.4198	16374400	825.050510	100.0000
41850	90.0127	1145.4737	12888400	863.013751	100.0000
47288	90.1721	1049.3007	11827200	913.265402	100.0000
48276	39.3477	2102.6480	10341800	1115.165705	100.0000
36286	85.5752	2210.6790	23647400	1154.439964	100.0000
41888	73.2190	3101.0730	28382200	1200.685338	100.0000
57940	94.8763	878.3989	10417400	1233.974829	100.0000
38406	49.3433	2445.4932	15083600	1256.917643	100.0000
43184	45.0195	1972.8320	11102000	1260.627763	100.0000
54386	86.7927	1398.8269	15176000	1270.887520	100.0000
56586	43.5688	2206.3879	12016200	1287.153248	100.0000
54434	84.8202	2063.7151	21880600	1570.217495	100.0000
50658	83.3957	2573.4477	26826800	1640.161278	100.0000
59484	45.3321	4960.0861	28106400	1648.621818	100.0000
33954	50.6630	3581.3096	22680000	1705.410567	100.0000
44912	78.5840	1308.2146	12850600	1732.023878	100.0000
56506	92.8019	1369.1964	15883000	1727.524374	100.0000
39148	83.3835	1592.6214	16599800	1766.923011	100.0000
55908	62.9276	2100.9048	16525600	12.163365	100.0000
45306	91.1544	2650.5187	30200800	260.692755	100.0000
50724	25.4290	4299.1526	13665400	262.742795	100.0000
40160	87.1811	1264.7702	13783000	289.004368	100.0000
57246	64.4888	3563.7813	28728000	343.315009	100.0000
45276	49.2857	3508.4567	21614600	381.518065	100.0000
41366	67.3182	2478.6406	20857200	488.337311	100.0000
55066	57.4158	2654.2952	19049800	654.930902	100.0000
40218	74.1457	3179.9873	29472800	744.969135	100.0000
52232	69.8916	2295.2343	20052200	839.038418	100.0000
38688	83.4370	1211.4531	12635000	887.902298	100.0000
39880	45.9838	5335.7566	30669800	903.760707	100.0000
36310	54.0306	1560.2702	10537800	924.384916	100.0000
44268	69.4349	2101.1214	18236400	1014.074179	100.0000
54590	70.7357	1403.8053	12412400	1208.643128	100.0000
55704	31.8680	2742.7101	10925600	1249.000403	100.0000
54044	87.9448	1287.5355	14154000	1337.895041	100.0000
50304	89.4485	2553.8192	28554400	1409.857568	100.0000
50536	83.5779	1543.4902	16125200	1421.240329	100.0000
57334	95.3472	1121.7953	13370000	1489.986942	100.0000
48254	30.7044	2727.3761	10467800	1542.984459	100.0000
51988	92.2665	2296.2878	26483800	1551.095453	100.0000
60464	33.5437	4412.7311	18502400	1622.507240	100.0000
46386	71.3062	2171.6386	19356400	1625.621713	100.0000
40324	40.3961	5204.0656	26278000	1687.032401	100.0000
54722	84.7645	1665.5085	17647000	1749.488358	100.0000
49590	75.6462	1107.4708	10472000	1744.287919	100.0000
33820	82.3216	2133.0186	21949200	1775.927790	100.0000
