46596	31.8816	8216.5393	32744600	19.198893	100.0000
60972	27.2195	11064.0008	37644600	13.373326	100.0000
36400	1.0373	252826.1112	32782400	73.950004	100.0000
38060	16.2944	24581.8123	50068200	4.866188	100.0000
42742	7.7866	71581.8213	69672400	5.122635	100.0000
55494	26.6336	11831.7720	39390400	20.998515	100.0000
44102	16.0542	28628.1887	57450400	39.340687	100.0000
46366	11.9732	32732.2752	48988800	39.781071	100.0000
47988	8.7664	55615.2280	60943400	33.031865	100.0000
55414	4.1129	85791.8837	44107000	24.694006	100.0000
60624	13.5898	19927.0405	33850600	8.636849	100.0000
44480	20.5179	16532.0447	42400400	27.775003	100.0000
54070	2.9317	105388.5564	38620400	50.183092	100.0000
35574	0.3809	796743.0422	37935800	76.996862	100.0000
36204	5.8641	42400.4760	31080000	44.024876	100.0000
44230	3.0386	124275.2638	47202400	51.814866	100.0000
56348	1.9713	319675.6747	78772400	29.885849	100.0000
55846	32.7818	15040.2603	61630800	0.970477	100.0000
41978	0.8874	300803.4701	33367600	88.513210	100.0000
39814	0.2878	1478594.7398	53193000	65.966723	100.0000
43018	15.0626	20349.1649	38313800	47.883496	100.0000
60590	17.9411	26402.7285	59211600	28.409044	100.0000
49276	8.1089	45438.5963	46057200	17.325877	100.0000
47656	13.7585	21182.2093	36429400	118.368392	100.0000
43490	27.1935	19817.6280	67363800	354.199622	100.0000
42670	14.2106	21309.8717	37853200	353.220865	100.0000
37790	13.2525	35674.3852	59096800	370.096353	100.0000
42644	15.1403	28482.5041	53904200	423.294068	100.0000
51750	2.4583	155784.9817	47871600	687.318225	100.0000
55214	2.6882	159792.6441	53694200	706.805183	100.0000
48774	2.7132	143362.8683	48622000	736.557356	100.0000
36358	1.4260	184277.4592	32848200	740.404318	100.0000
33434	2.9981	91579.3335	34321000	839.689813	100.0000
51190	1.6860	276511.8280	58275000	673.348522	100.0000
55044	2.5587	144957.5676	46362400	888.129199	100.0000
42070	2.6689	180999.1528	60383400	874.098685	100.0000
48820	3.4313	72230.8694	30980600	1011.552287	100.0000
47612	2.5184	146206.6840	46025000	951.870395	100.0000
48656	0.9628	453789.9148	54612600	685.195642	100.0000
53510	1.5329	340580.2422	65261000	808.342763	100.0000
55556	1.4215	245662.7743	43650600	978.898067	100.0000
40890	0.9087	796450.1830	90462400	587.145444	100.0000
56808	1.2274	219505.2401	33678400	1304.397417	100.0000
33020	8.2601	95383.6275	98484400	15.417334	100.0000
47942	7.1464	37216.8622	33245800	124.922404	100.0000
44400	42.4101	7019.7248	37213400	200.604020	100.0000
56784	13.3678	36180.9164	60457600	236.922670	100.0000
46144	11.6513	41630.4392	60631200	257.496088	100.0000
36542	15.2566	32326.4252	61649000	288.683902	100.0000
38256	11.8380	31090.8941	46006800	306.929889	100.0000
45764	18.1265	17079.4736	38698800	325.371850	100.0000
38070	13.4378	32923.6834	55302800	317.907719	100.0000
38446	9.8999	73198.0198	90581400	279.263577	100.0000
33898	33.3647	9955.0406	41518400	344.552324	100.0000
33896	8.1055	63935.9757	64779400	308.908543	100.0000
46064	7.8435	34487.6494	33812800	411.774740	100.0000
40986	20.7923	12615.4188	32788000	516.445852	100.0000
42152	6.0842	71748.5468	54566400	476.032390	100.0000
45886	5.8815	108588.4434	79832200	641.019163	100.0000
43694	3.5125	128818.5733	56558600	656.612335	100.0000
39960	1.9654	136056.2795	33426400	661.037370	100.0000
41522	4.2655	70077.1135	37364600	863.795289	100.0000
60952	2.8449	223496.8173	79478000	719.642082	100.0000
34388	0.9914	441753.1168	54742800	769.629930	100.0000
40258	5.0694	145126.7971	91963200	1127.843696	100.0000
53810	1.6889	346466.9158	73144400	978.890516	100.0000
54070	1.4754	342312.5984	63131600	1088.375918	100.0000
42216	0.4471	715612.4688	39995200	772.079569	100.0000
32866	1.2419	263781.9605	40948600	1335.038668	100.0000
53210	0.9801	263378.3972	32268600	1519.827299	100.0000
42736	17.7415	32623.1477	72347800	25.856998	100.0000
49972	9.0749	64815.4087	73523800	53.795340	100.0000
52666	9.4594	27309.1690	32291000	109.850874	100.0000
45500	25.5982	21774.6360	69673800	203.645733	100.0000
48148	3.8009	70638.4230	33560800	246.646665	100.0000
48788	23.8241	19331.4745	57569400	500.073585	100.0000
47322	5.5237	104957.7441	72469600	613.279532	100.0000
34892	5.8688	44453.8462	32611600	720.356934	100.0000
42384	1.6755	379701.5585	79524200	500.592978	100.0000
58618	2.8444	162665.0280	57835400	742.924457	100.0000
51404	7.4949	39436.0446	36946000	947.942778	100.0000
53394	1.6487	166834.2212	34382600	855.930884	100.0000
43538	2.4087	245258.1692	73843000	805.460092	100.0000
42914	3.8786	115417.3645	55956600	1069.895573	100.0000
47170	0.5548	636713.9825	44156000	878.497101	100.0000
59244	0.7847	389041.1449	38161200	1268.087102	100.0000
49584	1.2667	266839.9812	42250600	1461.126802	100.0000
47594	0.8864	323774.4492	35875000	1449.301871	100.0000
47666	7.7715	40482.3751	39326000	23.865806	100.0000
56092	7.4534	97416.7958	90760600	16.551126	100.0000
39914	7.9422	71586.6590	71069600	48.716724	100.0000
32872	10.7917	69601.3692	93889600	61.499586	100.0000
42806	12.2033	25507.1225	38908800	120.672179	100.0000
42518	16.3940	20185.1256	41364400	130.439052	100.0000
43244	25.0478	18057.0275	56536200	150.899524	100.0000
56952	26.5221	16790.6716	55665400	506.385051	100.0000
39036	9.9542	48976.5479	60940600	522.019330	100.0000
36590	1.6944	220672.6913	46739000	508.658845	100.0000
45120	3.9658	166638.7047	82607000	567.746638	100.0000
34760	3.2504	215784.6525	87672200	636.932254	100.0000
41480	3.5759	110270.4762	49289800	749.374533	100.0000
35162	7.8491	73277.7833	71895600	799.070109	100.0000
40056	3.3310	181292.6024	75486600	910.686576	100.0000
43950	3.0580	81953.6368	31326400	1415.594685	100.0000
54048	1.2143	273880.2018	41571600	1371.544843	100.0000
56372	0.5224	582263.1480	38024000	1169.929955	100.0000
59582	0.8725	295388.2051	32214000	1459.496938	100.0000
57096	22.3138	23850.3241	66523800	15.351203	100.0000
34872	10.9540	36180.6050	49540400	16.444047	100.0000
43028	16.1007	36813.0025	74089400	44.364036	100.0000
36256	9.0464	52863.9774	59778600	68.807973	100.0000
41910	30.1911	8989.7292	33926200	207.104304	100.0000
33194	22.9693	18351.0814	52689000	210.365639	100.0000
50732	40.3479	9392.1095	47369000	222.091792	100.0000
55178	15.2795	43641.7122	83353200	293.283749	100.0000
33538	11.7988	29152.3797	42995400	388.560253	100.0000
55858	20.4165	32528.3227	83014400	433.881876	100.0000
35026	3.4671	124069.4576	53769800	470.545072	100.0000
58308	2.1202	222590.1089	58993200	665.846179	100.0000
59584	1.0280	291070.7054	37402400	657.991294	100.0000
43624	1.7863	242397.1747	54125400	724.374569	100.0000
53408	8.7614	34329.6446	37597000	1024.173933	100.0000
55074	1.7040	189624.4551	40390000	1038.889505	100.0000
38090	1.0551	259364.5907	34206200	1028.467488	100.0000
58294	1.4272	499709.3792	89146400	1112.644380	100.0000
38716	26.9053	20546.9419	69102600	257.098670	100.0000
38418	12.9339	35183.1777	56882000	257.133218	100.0000
34660	20.2269	35098.0090	88740400	275.208118	100.0000
58174	5.5163	55680.0892	38393600	354.127602	100.0000
44324	7.9816	72391.2426	72224600	439.487680	100.0000
51740	12.9438	49644.3365	80323600	462.878152	100.0000
47638	7.7864	68645.3596	66812200	647.344863	100.0000
56598	14.1331	18204.5379	32160800	698.566419	100.0000
56674	2.0049	132770.7409	33273800	663.502742	100.0000
53292	3.3110	97394.4815	40308800	771.482631	100.0000
59904	2.7160	108920.2604	36978200	764.466496	100.0000
54644	3.1971	110494.0127	44157400	768.974127	100.0000
52792	0.9725	335227.5115	40749800	586.770391	100.0000
43332	3.4423	225291.6752	96940200	914.437164	100.0000
39338	3.2025	88270.2287	35336000	1094.413328	100.0000
51396	3.0993	91706.2907	35527800	1105.784219	100.0000
47762	1.0093	537178.6422	67771200	700.189701	100.0000
52712	0.5849	428985.0952	31362800	972.492419	100.0000
54602	0.6827	854500.8214	72917600	586.341329	100.0000
36374	1.3614	195705.8811	33303200	1272.876165	100.0000
36340	0.8962	341154.4884	38215800	1296.070604	100.0000
60100	1.8072	214651.8496	48490400	1459.351109	100.0000
49270	1.4087	419651.0455	73893400	1265.465908	100.0000
37312	5.3665	49007.4248	32874800	43.127610	100.0000
54008	11.9331	27241.9525	40635000	106.366703	100.0000
53616	30.0399	9410.7802	35337400	186.534420	100.0000
44192	12.4477	52935.6747	82366200	260.846370	100.0000
38868	18.0120	23642.3631	53230800	479.807290	100.0000
40052	5.9153	44231.3440	32705400	550.293240	100.0000
47820	2.8283	143480.3593	50726200	457.996663	100.0000
58932	23.5566	22391.8243	65934400	668.043703	100.0000
56622	1.8997	216102.8395	51317000	861.036835	100.0000
50056	1.5473	470735.7565	91044800	751.797396	100.0000
34072	1.4898	186700.8469	34769000	1232.154947	100.0000
37828	0.7727	364515.8169	35207200	1271.177677	100.0000
60910	0.8359	313816.5140	32790800	1355.220964	100.0000
60026	1.0527	366123.5982	48178200	1401.877771	100.0000
34638	6.8405	86560.0883	74013800	57.646437	100.0000
37820	3.6242	81599.5054	36967000	66.832435	100.0000
55752	42.4885	9032.8006	47973800	150.728062	100.0000
48272	4.6890	117506.8301	68873000	91.630028	100.0000
44702	13.1136	34622.5941	56753200	257.729232	100.0000
36942	4.5085	90181.3790	50822800	347.945192	100.0000
44882	10.0854	42327.4656	53361000	538.255448	100.0000
38400	4.1440	66281.5285	34333600	635.480479	100.0000
52960	1.6015	316158.3090	63291200	424.690149	100.0000
49670	0.9466	277200.3939	32800600	594.248675	100.0000
41668	2.2347	338402.6117	94526600	653.434760	100.0000
58136	1.2210	399449.7512	60967200	645.187707	100.0000
40318	1.5083	373785.6645	70474600	1123.206150	100.0000
54348	1.3982	516230.5520	90225800	1116.652727	100.0000
41286	1.1210	405351.5022	56802200	1352.125839	100.0000
55974	11.2850	27891.3122	39344200	129.809805	100.0000
49222	26.6753	17855.9993	59539200	374.971776	100.0000
42764	15.0539	27009.2331	50824200	417.541857	100.0000
54742	2.4136	129181.2240	38973200	499.496853	100.0000
41906	14.1721	43526.6698	77107800	620.391411	100.0000
37806	3.0003	107822.2490	40437600	610.512904	100.0000
48828	1.9597	138486.0436	33923400	741.175993	100.0000
52448	3.2357	170374.8310	68910800	710.656029	100.0000
43380	2.6329	164580.7847	54166000	775.297640	100.0000
50310	2.1432	222254.9559	59542000	717.672893	100.0000
59696	2.3537	211920.1656	62349000	754.635786	100.0000
41190	3.4683	143008.3603	61999000	875.208709	100.0000
41712	2.8730	112005.5563	40223400	988.486482	100.0000
47866	3.2935	99798.7870	41085800	1002.537051	100.0000
48540	4.5979	83661.4655	48083000	1050.284967	100.0000
35884	4.3725	141863.8347	77537600	993.260947	100.0000
43608	1.6752	204935.3192	42914200	1160.990108	100.0000
37890	1.9301	331867.5145	80067400	1366.810699	100.0000
57380	1.7587	211153.5546	46419800	1498.777409	100.0000
48590	1.8681	324105.3374	75681200	1396.154934	100.0000
34118	6.3993	79260.3461	63401800	26.068450	100.0000
46298	19.5594	24638.4629	60239200	94.229278	100.0000
38162	17.9751	18393.4069	41328000	103.114849	100.0000
54236	12.2633	32709.7378	50141000	117.777727	100.0000
55984	52.0058	14703.3250	95582200	175.850155	100.0000
57010	32.9750	21538.6133	88779600	194.803886	100.0000
60062	20.9490	37540.2771	98303800	192.923242	100.0000
33404	14.1018	19491.8198	34358800	265.328242	100.0000
36676	26.9241	12399.6458	41731200	391.454362	100.0000
51326	38.0430	8572.1509	40763800	397.469104	100.0000
43606	4.6286	70943.7774	41046600	442.446485	100.0000
44816	3.3331	113312.4554	47210800	740.483134	100.0000
42710	6.3431	59927.3852	47516000	962.645142	100.0000
52348	4.1142	72366.1253	37216200	1047.263656	100.0000
43678	1.6416	211473.2216	43394400	1086.233067	100.0000
59118	3.5731	116832.7983	52182200	1236.127514	100.0000
45942	0.5863	655405.8807	48034000	783.120237	100.0000
58682	0.7034	728247.1064	64031800	717.674445	100.0000
35990	1.1472	481420.2369	69035400	1122.488801	100.0000
50994	1.1759	210813.6902	30987600	1477.252838	100.0000
43366	5.6010	53462.8897	37430400	50.968484	100.0000
57952	9.6185	43409.7737	52192000	129.163007	100.0000
37146	2.6416	97386.2536	32156600	305.221894	100.0000
47962	5.3873	59046.3517	39762800	602.502701	100.0000
37244	4.3643	140388.9139	76587000	585.045822	100.0000
50378	2.4302	145019.4843	44052400	618.664012	100.0000
40498	2.0558	250444.1309	64358000	678.365126	100.0000
39718	1.5897	173571.8338	34490400	884.350506	100.0000
52268	2.0234	214156.8327	54166000	873.374155	100.0000
42766	2.0766	243536.9093	63215600	902.072153	100.0000
54634	4.0712	70834.3034	36047200	1076.883227	100.0000
52586	3.3349	99104.4108	41312600	1117.947458	100.0000
59824	2.0348	225242.6884	57290800	1001.824152	100.0000
49256	1.4833	193468.4459	35870800	1115.880007	100.0000
48854	1.2156	250098.7598	38001600	1159.465938	100.0000
40308	2.7271	171825.5625	58573200	1306.061059	100.0000
59560	1.4678	230485.1250	42287000	1510.598944	100.0000
55888	20.2777	20550.5267	52089800	17.743480	100.0000
59116	7.6819	64104.0337	61555200	11.687953	100.0000
51650	4.0710	70985.8042	36122800	37.930556	100.0000
41530	16.8674	17221.6216	36310400	145.764838	100.0000
46998	16.7528	15341.1231	32125800	238.560161	100.0000
48056	4.5547	77104.1756	43898400	262.250385	100.0000
43216	8.1549	34569.9771	35239400	379.878558	100.0000
48346	30.2261	13504.3439	51023000	464.309855	100.0000
39398	3.8142	109905.1721	52400600	438.452860	100.0000
50718	33.8353	18961.8762	80197600	551.089029	100.0000
38836	3.2575	129114.6628	52574200	511.524374	100.0000
42268	6.0647	50750.4651	38473400	606.975770	100.0000
33058	3.3578	80215.3474	33668600	621.368546	100.0000
57600	13.3927	24317.1978	40709200	720.139454	100.0000
38304	11.5998	24865.2993	36054200	722.887320	100.0000
41258	3.4400	180438.4927	77589400	768.143484	100.0000
34858	1.1947	250194.0383	37364600	714.741560	100.0000
49492	1.4908	191443.5411	35676200	802.563294	100.0000
41714	3.2409	240242.4928	97326600	776.967213	100.0000
44640	2.4314	187105.1640	56865200	835.262560	100.0000
50500	4.8962	89634.8863	54859000	935.546852	100.0000
51322	0.9282	302646.5477	35116200	748.480819	100.0000
59490	2.2914	134085.6296	38406200	920.699968	100.0000
50222	3.0730	97534.5291	37465400	1200.655447	100.0000
43454	3.7893	89209.4735	42254800	1230.357880	100.0000
33108	1.9828	295359.0278	73204600	1167.254717	100.0000
42214	1.8243	313325.9386	71449000	1180.319734	100.0000
55902	1.2401	205618.6646	31872400	1426.549129	100.0000
54274	1.1283	251340.1997	35449400	1520.529524	100.0000
43204	12.1987	64529.7066	98397600	8.793869	100.0000
33634	13.4697	57656.8770	97077400	97.193432	100.0000
60068	6.6082	39522.7598	32646600	136.271688	100.0000
58546	11.4853	26057.1939	37409400	353.912084	100.0000
40810	21.8559	30508.0164	83347600	422.406156	100.0000
47754	3.9972	66265.6793	33110000	437.881711	100.0000
58822	6.1346	80054.1469	61387200	508.437982	100.0000
38404	7.2239	34598.7282	31242400	612.731571	100.0000
45308	1.9675	234635.6404	57706600	791.140163	100.0000
60276	0.8582	292545.2298	31382400	969.279489	100.0000
57902	4.9631	51661.5903	32050200	1222.377716	100.0000
49516	0.6739	702513.8661	59180800	656.325345	100.0000
43050	0.8226	454099.7249	46695600	1014.758573	100.0000
56660	1.6468	264261.1606	54398400	1227.015675	100.0000
48564	1.7285	163015.5482	35221200	1360.034608	100.0000
57894	1.3940	546981.4514	95309200	1223.255162	100.0000
48762	41.0603	10167.2249	52183600	2.206103	100.0000
59924	16.3869	33255.6757	68119800	18.339784	100.0000
36410	22.1321	32970.8731	91214200	41.844050	100.0000
42178	9.0609	65667.8660	74376400	50.799858	100.0000
33948	10.8133	60314.6717	81524800	68.782238	100.0000
37184	9.0705	73984.7925	83885200	93.103641	100.0000
46288	8.8697	51820.9998	57454600	323.618258	100.0000
42548	19.8315	15852.2040	39296600	388.389812	100.0000
54514	25.1670	29636.0877	93231600	392.473438	100.0000
51640	19.4888	14048.2678	34223000	437.720536	100.0000
38776	4.9888	68470.4616	42698600	431.213124	100.0000
53246	8.8246	39448.4738	43514800	566.755583	100.0000
59358	7.7410	42803.1660	41417600	566.965512	100.0000
56434	1.6924	247470.2969	52351600	507.004942	100.0000
33668	4.1353	170324.2629	88041800	631.228753	100.0000
36872	1.5129	206760.6245	39100600	746.478867	100.0000
37344	1.6218	165251.9196	33500600	792.285452	100.0000
49728	2.9839	173968.0673	64887200	791.270337	100.0000
47062	1.0884	391146.9204	53215400	585.380581	100.0000
47186	4.3870	67743.5698	37149000	1046.810728	100.0000
46752	3.2674	160153.6045	65410800	1001.440459	100.0000
41072	3.4765	105871.5037	46008200	1117.409387	100.0000
41960	2.6527	153908.9409	51034200	1144.833742	100.0000
52606	1.4985	205418.3787	38477600	1105.163905	100.0000
36576	2.8282	113512.2857	40129600	1387.935859	100.0000
53236	0.8382	308729.6081	32345600	1239.315966	100.0000
60530	0.8236	347259.5593	35751800	1353.995207	100.0000
44268	7.2720	53491.1611	48623400	32.961646	100.0000
58812	11.9062	22477.6884	33453000	249.114369	100.0000
42626	20.8842	27139.0026	70847000	311.788481	100.0000
48530	25.6346	18576.1145	59523800	377.374568	100.0000
60348	6.6603	69826.6799	58133600	406.458719	100.0000
52944	5.8503	85752.4968	62710200	517.951363	100.0000
54348	6.9647	76190.3693	66330600	544.083614	100.0000
41242	0.6757	442964.7217	37415000	690.696491	100.0000
46858	4.3921	164679.5512	90410600	1074.675571	100.0000
32992	3.6136	128313.0237	57958600	1243.700862	100.0000
46430	3.0863	133535.6823	51517200	1274.878755	100.0000
46932	2.3011	287156.9393	82595800	1135.307961	100.0000
60704	0.6464	635911.9490	51385600	807.953007	100.0000
53708	1.5203	412008.6021	78299200	1095.247144	100.0000
54098	8.7636	47422.0806	51948400	82.557559	100.0000
48600	18.3383	22463.7436	51493400	186.804399	100.0000
35002	6.8892	72808.8846	62699000	229.987735	100.0000
53154	11.4873	45608.0727	65489200	284.111234	100.0000
39948	15.1468	35923.6752	68016200	340.956250	100.0000
57792	9.8781	33896.8918	41854400	403.114047	100.0000
57670	6.1559	59909.0173	46099200	384.411761	100.0000
44408	24.5045	28912.1280	88559800	439.021626	100.0000
47352	12.7130	48246.2627	76669600	450.585334	100.0000
48844	4.8075	98065.3907	58931600	444.525429	100.0000
37970	25.9675	9910.6035	32169200	575.768155	100.0000
46106	2.2470	128709.7955	36150800	538.137350	100.0000
50898	3.1902	149541.9459	59633000	518.889635	100.0000
51690	3.4486	109464.7582	47187000	630.083342	100.0000
42430	3.2074	86146.7312	34538000	730.141668	100.0000
35646	4.0362	137635.7912	69441400	699.583324	100.0000
42624	1.6479	166505.7231	34298600	687.648923	100.0000
36038	2.8001	157259.6431	55042400	729.018520	100.0000
41138	0.9737	332993.8976	40528600	592.728309	100.0000
42778	4.1737	95880.5474	50022000	865.636947	100.0000
55072	0.4008	650774.8604	32607400	651.775859	100.0000
40264	1.1121	271254.7289	37707600	1225.494167	100.0000
45656	1.0813	424418.4389	57366400	1161.645505	100.0000
58974	0.9464	282840.3549	33460000	1376.791253	100.0000
35438	1.0262	398448.0059	51112600	1268.101849	100.0000
48564	5.5306	52820.6481	36516200	45.109842	100.0000
37358	3.5877	87815.0609	39382000	84.701721	100.0000
33162	41.0101	7807.2178	40021800	169.143749	100.0000
40146	25.5279	17802.1299	56806400	185.869192	100.0000
58414	33.5033	7663.3970	32093600	366.908796	100.0000
48744	13.4256	34386.7543	57708000	421.950230	100.0000
42202	10.1003	50885.2588	64244600	443.174972	100.0000
41034	2.7210	209333.0103	71198400	779.130852	100.0000
44810	2.9656	115722.5911	42898800	1060.641974	100.0000
35650	1.5490	173808.5474	33653200	1088.133895	100.0000
49678	4.4136	69403.2066	38290000	1223.733251	100.0000
51746	0.5848	688559.4134	50330000	649.896013	100.0000
35778	0.4573	644772.9812	36853600	740.542465	100.0000
39490	1.0205	264882.7806	33789000	1195.480783	100.0000
48012	0.3199	884161.5294	35352800	648.794683	100.0000
52800	0.6558	768043.0463	62956600	827.554208	100.0000
35760	1.2420	351349.1116	54548200	1333.405830	100.0000
55812	0.7076	563991.2129	49884800	1218.755297	100.0000
47096	5.1266	49989.8120	32034800	37.408803	100.0000
56068	9.2658	76559.6270	88673200	73.309759	100.0000
43372	10.6726	28958.6801	38633000	137.079326	100.0000
52320	24.3368	24302.1886	73929800	157.647071	100.0000
35458	4.0281	129161.7781	65034200	73.942551	100.0000
33576	15.5819	21658.3592	42184800	197.627469	100.0000
43200	18.9129	40220.7715	95086600	186.228634	100.0000
60294	6.2589	51564.5057	40342400	249.753982	100.0000
44472	9.3791	65917.7459	77281400	303.281442	100.0000
60556	36.9450	11014.7656	50867600	407.097745	100.0000
44118	22.7725	11661.0896	33194000	451.149958	100.0000
39244	8.4449	36145.5363	38155600	517.938229	100.0000
59558	3.9725	88859.4724	44123800	642.657999	100.0000
40346	1.1104	259182.2647	35975800	543.261922	100.0000
59596	3.3219	154724.1970	64247400	704.125477	100.0000
36368	1.7299	167215.5433	36159200	778.001424	100.0000
32956	2.0109	326325.6596	82024600	669.070151	100.0000
38360	3.6951	98400.3062	45449600	1066.442696	100.0000
52338	1.4553	311743.2197	56711200	1121.797323	100.0000
35018	2.3677	137345.2123	40649000	1358.110510	100.0000
51738	1.4327	414890.8838	74303600	1331.871933	100.0000
55190	1.0459	246877.1829	32275600	1513.624775	100.0000
58520	16.8902	39114.7593	82581800	93.787618	100.0000
39154	13.3038	43797.1505	72833600	130.271522	100.0000
50656	34.9309	10458.0948	45663800	232.118824	100.0000
44212	26.3293	13653.4633	44935800	334.197798	100.0000
50948	3.5100	110470.9033	48469400	449.052044	100.0000
33686	1.9808	178762.7396	44261000	467.198876	100.0000
56260	1.0679	238631.7604	31855600	574.428094	100.0000
36640	7.6792	72744.7336	69827800	861.819109	100.0000
38214	6.6904	51481.8538	43054200	908.245453	100.0000
34634	4.6434	53277.0103	30923200	942.059185	100.0000
35480	2.0570	315352.8248	81083800	741.766686	100.0000
40398	3.4770	119249.1135	51828000	940.631967	100.0000
44474	1.5106	276063.9619	52127600	911.111930	100.0000
40050	0.7641	435087.6548	41556200	823.835285	100.0000
41136	2.8682	125751.0710	45084200	1134.130288	100.0000
54484	1.5036	231488.2973	43507800	1078.314087	100.0000
37156	1.5039	260357.8469	48944000	1095.670165	100.0000
44330	1.7589	159100.6253	34980400	1204.291330	100.0000
55746	0.7542	597638.3741	56344400	895.173462	100.0000
46050	0.9738	270026.3499	32870600	1224.351033	100.0000
60466	0.5050	551098.8016	34790000	954.665662	100.0000
36728	1.3850	466679.6014	80796800	1050.361165	100.0000
53410	0.6886	943339.2225	81201400	595.653246	100.0000
50232	15.2876	34025.1150	65020200	236.433621	100.0000
58826	13.3064	19718.4399	32797800	258.543248	100.0000
45218	11.1711	23708.1247	33105800	313.983657	100.0000
33304	7.1667	41802.8773	37448600	387.248430	100.0000
52658	7.5287	68897.0222	64838200	469.418958	100.0000
54148	1.6035	185468.2595	37174200	474.648909	100.0000
43396	16.1161	26503.6231	53391800	642.397341	100.0000
50704	3.9415	86776.3828	42753200	740.126751	100.0000
39996	4.0261	97289.2774	48962200	730.515790	100.0000
37650	2.3722	108548.7195	32187400	933.611928	100.0000
54912	0.6424	392821.4085	31543400	653.171364	100.0000
33896	1.6531	166073.7074	34316800	882.242457	100.0000
55654	7.8529	52684.8729	51716000	1046.753619	100.0000
58384	0.7002	586344.2870	51317000	604.919305	100.0000
52434	1.3880	212516.8612	36870400	1314.522057	100.0000
50450	1.4881	262421.6508	48815200	1289.700908	100.0000
34416	1.2317	372845.3183	57402800	1274.736718	100.0000
54046	1.1527	337042.4546	48561800	1407.184925	100.0000
44828	72.6997	5352.2972	48638800	0.111028	100.0000
51844	26.2713	12485.6706	41001800	111.653234	100.0000
56330	12.8086	37259.5615	59655400	123.531023	100.0000
44362	7.6562	34857.1535	33359200	132.284938	100.0000
50302	18.1061	14271.8020	32300800	201.747609	100.0000
56478	13.3282	44500.2784	74138400	204.035933	100.0000
57290	12.2106	21132.1756	32254600	264.001445	100.0000
56978	21.9885	20442.5111	56187600	332.409051	100.0000
44490	4.9951	149916.4490	93606800	360.160024	100.0000
39752	3.1113	112738.9074	43845200	540.700873	100.0000
45832	4.2094	58732.8923	30903600	612.844976	100.0000
34784	1.0100	309463.0339	39068400	380.844277	100.0000
48908	8.3860	31556.7740	33079200	877.273964	100.0000
35342	10.8458	60052.2051	81414200	902.384838	100.0000
49052	2.6258	197784.7284	64918000	852.011500	100.0000
33072	0.8449	566163.7660	59795400	497.642566	100.0000
43828	0.8887	319875.5303	35534800	760.000406	100.0000
39454	1.5078	192998.0218	36376200	1300.423349	100.0000
45836	1.3939	260713.1995	45425800	1360.217506	100.0000
60152	0.7902	780345.4336	77079800	987.797881	100.0000
58816	1.2873	223588.6135	35977200	1573.326708	100.0000
49706	16.5353	39847.2036	82360600	9.507741	100.0000
45960	11.2640	28877.0532	40658800	80.467124	100.0000
43100	13.8458	20088.4443	34767600	114.120155	100.0000
52616	25.2724	22420.9321	70828800	303.723844	100.0000
57650	2.9758	173117.5125	64395800	272.743161	100.0000
56410	1.7667	167215.9239	36927800	359.500140	100.0000
59260	18.5354	30231.8441	70044800	544.534758	100.0000
35898	1.9554	218575.9829	53425400	506.266737	100.0000
37864	5.5488	58218.4449	40380200	722.987538	100.0000
47472	2.2275	151724.4650	42245000	919.949676	100.0000
33950	1.1264	367818.6687	51790200	708.051212	100.0000
58966	2.5550	206116.9130	65829400	905.040510	100.0000
50446	2.4259	229830.5746	69692000	884.755907	100.0000
38340	3.7682	114204.8926	53793600	1004.300816	100.0000
34568	0.8132	573566.7222	58303000	546.002102	100.0000
38690	1.5890	171185.2766	34001800	992.969139	100.0000
40528	2.8502	126126.7799	44935800	1089.246897	100.0000
37526	3.3306	156769.7553	65268000	1067.727336	100.0000
46320	1.5218	238795.6604	45424400	1046.294237	100.0000
56792	1.8313	200134.7890	45813600	1093.521567	100.0000
35262	1.0728	365149.9050	48967800	1181.111416	100.0000
52686	0.6785	572242.2646	48531000	1063.342038	100.0000
35500	1.2827	464814.5923	74526200	1222.923007	100.0000
35424	0.9743	325026.5816	39583600	1461.593141	100.0000
41976	30.9296	13645.8360	52757600	97.722114	100.0000
36540	38.6496	10286.7275	49697200	312.702331	100.0000
35680	3.5753	101049.0542	45159800	273.128155	100.0000
46008	2.3336	166461.7910	48556200	278.622968	100.0000
48564	2.3177	121043.5425	35067200	325.822058	100.0000
47690	8.7917	62664.8008	68866000	408.729584	100.0000
56180	13.7697	27993.2032	48182400	472.024193	100.0000
45278	9.6537	53677.6526	64773800	477.663383	100.0000
40952	12.5180	50925.3789	79685200	542.250187	100.0000
59342	7.6169	60200.3870	57317400	532.085447	100.0000
57766	4.1468	91265.4674	47307400	518.975009	100.0000
43314	2.7339	98761.2063	33749800	626.264892	100.0000
33558	1.0445	269189.9240	35147000	529.759065	100.0000
44730	17.7479	25034.1321	55538000	809.418876	100.0000
50894	17.4930	15490.9862	33873000	820.076201	100.0000
52480	19.0558	14657.2518	34913200	861.806599	100.0000
56594	16.3675	28219.7858	57736000	980.175045	100.0000
41782	0.9314	702488.9947	81786600	406.686238	100.0000
35010	2.7396	163520.4303	55997200	1083.967354	100.0000
38324	1.4996	314177.4180	58891000	1135.601452	100.0000
41504	1.3739	254126.3112	43643600	1317.073425	100.0000
54764	1.1906	433847.6829	64569400	1186.885576	100.0000
49980	25.0471	11037.6248	34557600	105.568285	100.0000
42812	10.3676	31058.1685	40250000	125.462847	100.0000
53668	31.1894	13901.3331	54196800	151.113281	100.0000
43646	24.9110	20093.5881	62568800	217.964292	100.0000
38002	2.3027	113074.8561	32547200	127.432819	100.0000
49570	4.6831	76234.3834	44626400	206.728747	100.0000
57186	4.7257	111712.7339	65990400	200.308227	100.0000
38906	7.6043	42534.4264	40430600	353.116682	100.0000
34022	34.9651	13016.4981	56890400	426.782390	100.0000
38506	7.6395	41728.3959	39848200	496.585449	100.0000
46762	1.8302	135979.8547	31109400	410.612578	100.0000
58082	4.2875	115552.0220	61929000	454.316684	100.0000
49972	3.0403	186385.5064	70833000	391.902141	100.0000
60506	5.7281	92161.2649	65989000	712.346587	100.0000
36306	5.3263	111401.3711	74169200	821.402326	100.0000
41410	1.1789	224524.9205	33087600	820.820508	100.0000
58400	6.8785	51941.5198	44660000	1012.711222	100.0000
34428	1.7201	377291.6559	81124400	794.990865	100.0000
59154	2.1096	211661.1600	55815200	967.397838	100.0000
46194	2.4430	138972.7148	42439600	1044.270304	100.0000
33720	0.9650	563887.5333	68021800	691.859640	100.0000
38442	1.3719	354684.4532	60823000	1107.191768	100.0000
39636	0.8264	400578.4781	41381200	1087.766259	100.0000
38340	1.1608	400123.6829	58058000	1238.965746	100.0000
50750	18.0721	21166.5731	47815600	17.989957	100.0000
56584	28.1196	9179.5755	32265800	86.007950	100.0000
58602	8.7578	29640.2538	32447800	202.744016	100.0000
43990	2.2987	129506.4578	37212000	119.467603	100.0000
56724	2.7876	190392.2269	66341800	64.646629	100.0000
46030	6.6684	56505.9127	47100200	363.166279	100.0000
59318	6.1307	63736.2301	48843200	380.005204	100.0000
49380	2.0037	148330.4722	37150400	353.308610	100.0000
57232	2.4367	270976.3590	82537000	241.669400	100.0000
34406	1.5784	241220.9818	47593000	357.267157	100.0000
42478	1.2087	549221.8427	82978000	214.931911	100.0000
47534	3.0745	198963.7636	76465200	597.393510	100.0000
34022	20.1028	28253.4882	70996800	962.353531	100.0000
51996	1.7978	167826.6960	37714600	1116.606885	100.0000
56158	3.0167	244839.1778	92325800	1090.964673	100.0000
42738	2.0339	283267.1556	72016000	1134.738994	100.0000
34102	1.2487	503324.9615	78565200	1229.058063	100.0000
49914	8.9453	82616.7039	92379000	226.119470	100.0000
34118	4.5784	165018.3577	94439800	196.329368	100.0000
56494	2.3626	119545.1220	35305200	298.135593	100.0000
42402	3.1803	83689.6030	33269600	447.543786	100.0000
35638	11.6309	41605.2065	60488400	575.344758	100.0000
45492	3.9692	124949.9781	61993400	550.202288	100.0000
44628	5.9741	52941.1675	39534600	641.709896	100.0000
43402	5.6029	54023.9812	37836400	741.742295	100.0000
43020	5.0600	92110.6379	58259600	718.649521	100.0000
38800	6.4404	97468.9648	78467200	740.679178	100.0000
41026	1.2618	458690.8334	72345000	400.875289	100.0000
57968	24.0781	11251.1341	33863200	929.031124	100.0000
59326	1.1982	246383.0019	36901200	760.476490	100.0000
58058	32.6389	8271.2630	33745600	1013.505572	100.0000
35602	1.3961	408444.4762	71279600	673.388152	100.0000
54562	0.5463	679699.2758	46411400	510.190224	100.0000
56870	1.2744	351825.1605	56046200	909.496524	100.0000
38132	1.3368	442330.2017	73911600	1184.834664	100.0000
46190	1.5883	417926.8678	82976600	1242.860238	100.0000
41840	24.7018	16393.4211	50618400	66.730133	100.0000
47634	3.2230	162595.4433	65506000	288.376565	100.0000
55172	1.6697	153537.2599	32046000	299.641551	100.0000
38716	2.0237	157290.7031	39789400	335.812277	100.0000
55844	12.4314	26431.9318	41073200	510.314121	100.0000
59316	2.2138	247990.7802	68623800	318.594571	100.0000
41928	3.3175	84526.3895	35051800	600.428727	100.0000
36110	3.2693	89667.9913	36643600	666.824384	100.0000
53646	7.1260	42866.5529	38183600	715.308571	100.0000
57008	4.8785	133301.2138	81288200	718.218708	100.0000
49514	25.7840	13187.7240	42504000	846.226016	100.0000
36520	3.0649	116463.1185	44618000	799.537898	100.0000
59488	1.6709	378996.2498	79160200	559.543089	100.0000
57294	2.0230	240722.5933	60873400	1104.283145	100.0000
56180	1.6133	197552.6865	39838400	1330.885268	100.0000
50798	1.2032	479845.1319	72165800	1056.838156	100.0000
45888	0.5872	651415.1361	47810000	1062.361097	100.0000
40440	6.5617	67501.5025	55365800	168.642597	100.0000
55118	21.1771	12240.7864	32403000	227.730102	100.0000
42480	18.5432	18260.6272	42326200	340.149829	100.0000
37640	9.8854	38764.9094	47901000	332.969518	100.0000
51052	13.9515	27239.2615	47503400	604.212826	100.0000
56070	3.5080	150315.3508	65913400	520.357984	100.0000
40520	8.0372	58390.9402	58662800	887.084726	100.0000
41548	5.2705	138341.4283	91141400	831.037763	100.0000
46898	0.7217	341427.9630	30801400	717.776602	100.0000
34936	1.8361	344455.7499	79055200	896.944798	100.0000
50476	2.2039	276286.5148	76113800	1038.464611	100.0000
50644	4.0179	98123.2103	49281400	1251.554572	100.0000
45418	0.8940	295603.0198	33033000	1089.212144	100.0000
39632	1.2890	257378.8863	41469400	1157.520972	100.0000
45236	1.7690	179960.2725	39793600	1243.980565	100.0000
50240	1.9488	269977.5092	65767800	1225.628846	100.0000
52290	1.9736	279947.0342	69063400	1220.796667	100.0000
34556	1.7312	272668.0954	59005800	1287.674876	100.0000
54706	1.4960	199299.2374	37268000	1433.881968	100.0000
41046	39.0828	10432.0385	50964200	67.952350	100.0000
54198	5.0737	52118.0878	33054000	122.595421	100.0000
50612	9.4546	81640.9596	96485200	117.064960	100.0000
53632	15.2544	16472.8154	31410400	239.637588	100.0000
47546	15.8260	21122.6589	41785800	237.007642	100.0000
35880	6.5275	58291.2929	47562200	239.568605	100.0000
56916	18.5675	26948.7978	62546400	299.750826	100.0000
39540	1.9009	150400.1361	35737800	314.792704	100.0000
38220	4.9086	63565.6362	39002600	413.289662	100.0000
42776	13.4152	55147.5370	92477000	450.334863	100.0000
56854	13.6271	56518.2675	96272400	641.101156	100.0000
55424	9.4355	63037.4713	74348400	661.852511	100.0000
51040	5.1621	58343.9801	37647400	713.278184	100.0000
50044	6.7236	63169.6927	53090800	723.653950	100.0000
59440	13.9200	20967.8520	36484000	856.274752	100.0000
52608	0.7548	396672.5997	37424800	648.366973	100.0000
50096	5.3331	59111.2488	39405800	999.389872	100.0000
48500	0.9698	361580.3356	43831200	705.679905	100.0000
42464	1.6835	388819.9622	81821600	795.210960	100.0000
35844	0.8420	507340.9708	53396000	772.426456	100.0000
33720	1.3432	264399.5811	44392600	1063.164462	100.0000
55718	2.4155	295887.2493	89338200	1111.752369	100.0000
59500	1.7568	156907.8111	34456800	1315.224677	100.0000
48576	1.2247	275664.4519	42200200	1314.815356	100.0000
36666	1.8013	243156.5978	54751200	1377.998901	100.0000
60960	21.1357	17802.3212	47033000	51.799185	100.0000
58918	21.0353	16568.3882	43565200	77.726260	100.0000
42204	11.3581	28487.9737	40446000	128.516759	100.0000
37350	8.3956	61043.8989	64062600	150.499740	100.0000
53630	4.4979	66315.0670	37284800	178.502649	100.0000
48306	25.0365	18343.4242	57407000	357.951479	100.0000
59096	1.2101	314093.3974	47509000	193.138370	100.0000
50178	1.5551	198663.8679	38619000	349.077011	100.0000
59414	15.1296	24602.8484	46529000	533.453673	100.0000
46430	3.4846	90623.7656	39473000	723.347855	100.0000
51148	1.2758	462898.7678	73822000	409.734525	100.0000
54576	1.5283	517599.6049	98880600	632.289980	100.0000
57602	5.2826	86094.1674	56849800	1074.971270	100.0000
44382	1.9682	205433.3476	50541400	1105.338611	100.0000
55088	0.8598	447414.9434	48087200	871.512832	100.0000
41696	1.3283	379493.4408	63009800	972.194762	100.0000
41002	1.3343	263157.6958	43892800	1165.751429	100.0000
54352	0.5484	841779.7835	57706600	622.270479	100.0000
40538	0.5130	598105.4856	38357200	1129.695082	100.0000
47566	14.8675	45144.2786	83897800	141.573529	100.0000
40558	24.7027	29799.6795	92016400	169.325187	100.0000
60996	7.1988	44639.4503	40168800	172.065595	100.0000
60424	6.7748	41339.3447	35008400	222.600628	100.0000
43406	13.2963	37603.8059	62498800	265.376089	100.0000
59114	8.0260	59603.1248	59796800	409.055379	100.0000
38928	9.7244	38219.2264	46457600	451.373788	100.0000
49712	3.9866	65785.4224	32782400	458.441511	100.0000
43726	2.8381	206247.8411	73168200	528.420566	100.0000
42420	1.3691	315590.8888	54010600	652.272624	100.0000
33674	0.9626	379191.9545	45624600	795.697480	100.0000
51350	1.7160	264765.3907	56791000	1134.561027	100.0000
33808	1.4793	302560.3959	55945400	1134.760756	100.0000
60342	1.9907	330682.7129	82285000	1157.443813	100.0000
40456	0.5156	518396.2783	33409600	1175.744577	100.0000
57256	0.7148	713766.0384	63775600	1011.182305	100.0000
33672	0.5655	1235762.1175	87347400	513.037107	100.0000
49912	48.6005	12531.1883	76127800	2.519628	100.0000
35968	22.0844	17330.2027	47840800	8.146356	100.0000
44240	32.5948	10005.6665	40766600	32.265790	100.0000
33140	9.6001	43769.3989	52523800	287.542443	100.0000
49130	24.2082	20241.5291	61251400	405.163044	100.0000
51304	10.7180	24148.2708	32352600	431.976546	100.0000
58850	10.7818	65939.9807	88869200	430.900446	100.0000
50598	30.1008	24244.2292	91221200	596.679479	100.0000
35160	2.3243	152158.6795	44207800	563.518320	100.0000
45114	4.6005	69819.0684	40150600	681.554722	100.0000
37334	4.7188	124860.0787	73648400	753.702049	100.0000
50240	5.3840	53484.8386	35995400	887.825582	100.0000
42588	1.5642	414135.2686	80974600	643.715109	100.0000
36446	2.1204	191806.3050	50838200	979.319568	100.0000
45276	2.1503	365535.5645	98249200	891.655765	100.0000
43544	2.3154	245462.3743	71043000	1025.421321	100.0000
39948	1.4235	476409.1948	84768600	941.316538	100.0000
60532	1.3555	249955.7158	42352800	1177.632681	100.0000
50644	0.7848	507439.1733	49778400	975.972861	100.0000
43722	1.5662	368888.0434	72217600	1229.391682	100.0000
39966	0.7100	384046.1047	34084400	1381.055058	100.0000
42110	13.4856	28807.2721	48560400	72.538414	100.0000
55878	5.4642	135996.5082	92888600	149.641503	100.0000
43530	12.1456	24653.4983	37429000	269.471766	100.0000
57712	5.3596	88033.8589	58977800	281.233060	100.0000
50112	2.4955	173733.1124	54194000	253.309299	100.0000
35046	10.5446	34445.7140	45402000	511.743821	100.0000
60176	13.0710	49839.2342	81431000	603.402842	100.0000
55448	2.8143	156455.3683	55039600	768.446737	100.0000
55402	16.4883	41664.9998	85873200	963.730551	100.0000
45068	3.4163	184188.1609	78656200	860.698771	100.0000
33320	3.8925	175435.6940	85360800	920.041577	100.0000
34008	1.9467	269137.0775	65492000	884.964851	100.0000
38062	1.9856	164715.2696	40882800	1016.496268	100.0000
43654	1.9106	410904.3994	98134400	802.097751	100.0000
48734	4.0314	66460.3675	33490800	1186.490488	100.0000
37874	1.8197	424184.3988	96485200	842.486639	100.0000
38426	1.0173	539019.2103	68541200	982.845454	100.0000
54596	1.1886	423766.9259	62960800	1104.376177	100.0000
48214	0.7901	428503.9108	42322000	1186.274123	100.0000
48094	1.5980	373792.8904	74666200	1292.712206	100.0000
60914	0.7218	591027.9424	53327400	1143.796151	100.0000
47188	16.9223	20298.8929	42938000	12.928449	100.0000
52938	22.5004	18121.7455	50968400	26.598354	100.0000
35860	8.9119	56538.5750	62983200	239.411250	100.0000
42958	34.9413	11755.3856	51343600	327.757218	100.0000
57514	6.1011	119686.0756	91277200	255.552704	100.0000
56708	31.2871	8627.5473	33741400	376.357972	100.0000
32828	5.0710	68041.1006	43129800	323.175349	100.0000
59680	8.0970	89315.4406	90398000	330.189764	100.0000
58742	4.4719	129884.2839	72604000	384.039608	100.0000
38844	2.1077	129955.2645	34238400	450.857212	100.0000
34922	5.3884	145382.7541	97923000	503.723186	100.0000
45914	1.4817	421336.8530	78034600	318.026514	100.0000
46452	3.4482	206281.0263	88912600	617.703200	100.0000
50294	4.5717	111660.8224	63810600	820.018367	100.0000
46808	4.0416	67343.1661	34021400	1009.174141	100.0000
55082	1.6518	193505.7740	39953200	891.956373	100.0000
46592	2.2710	205339.3281	58291800	980.302505	100.0000
35152	5.0273	77706.4575	48832000	1109.523622	100.0000
46202	1.8703	178003.8358	41615000	1029.812037	100.0000
48606	1.4415	190237.6332	34277600	1088.360944	100.0000
56094	0.8669	679164.4554	73598000	729.395537	100.0000
59544	1.4926	191620.8163	35751800	1321.541782	100.0000
38124	1.7600	336787.5227	74092200	1210.906384	100.0000
51254	0.6900	462815.8384	39916800	1280.173645	100.0000
38146	15.4125	47022.2224	90591200	211.921396	100.0000
35686	12.0300	51371.0400	77249200	213.940525	100.0000
46972	8.5875	46384.7055	49791000	241.945037	100.0000
53662	5.0911	95804.1784	60968600	193.766400	100.0000
35470	8.5528	68458.6828	73189200	392.319295	100.0000
47518	3.9309	142439.2861	69988800	517.073719	100.0000
57410	4.1721	101160.0814	52756200	603.249647	100.0000
50876	0.8811	426012.8399	46922400	376.295244	100.0000
49832	1.4239	257330.1672	45801000	725.810320	100.0000
34098	1.8938	354543.8257	83928600	681.226353	100.0000
60514	6.1528	57639.9804	44331000	1119.853897	100.0000
34752	1.2715	214719.0244	34126400	1212.491171	100.0000
48456	1.8281	185224.5999	42326200	1248.092555	100.0000
59242	1.7254	196235.9809	42323400	1279.343790	100.0000
59472	1.4788	217562.6625	40217800	1345.679089	100.0000
59208	0.5395	975575.4070	65795800	629.844479	100.0000
54522	1.4042	526618.1554	92436400	1093.494516	100.0000
39216	1.4258	306073.1221	54548200	1347.665224	100.0000
49976	1.4223	282490.3514	50225000	1392.989237	100.0000
50784	1.0207	386750.9587	49345800	1413.188037	100.0000
41352	14.3735	52981.7774	95191600	33.070404	100.0000
55146	7.3521	36850.6245	33866000	131.535604	100.0000
50268	12.1774	46950.7202	71467200	194.892748	100.0000
40552	13.5438	47446.2282	80325000	351.084788	100.0000
52558	18.4608	25987.6575	59969000	525.694875	100.0000
36664	12.0701	39480.0011	59565800	513.460838	100.0000
51172	15.0942	25447.0803	48013000	641.926445	100.0000
47956	2.7942	216804.2514	75723200	452.504735	100.0000
48646	2.6337	170679.9736	56189000	563.901525	100.0000
42714	7.1475	60436.6366	53996600	706.496745	100.0000
35606	6.0450	121185.8094	91571200	679.737768	100.0000
59456	3.1905	80388.8059	32060000	721.701673	100.0000
44530	4.7913	51924.5318	31098200	765.794491	100.0000
45322	3.5585	197688.6629	87935400	644.780127	100.0000
39414	20.7960	20406.7656	53047400	1040.107317	100.0000
55372	5.0599	95539.7455	60428200	984.248857	100.0000
40788	2.3493	105357.6262	30940000	1099.709983	100.0000
45828	2.8597	147249.4284	52635800	1109.229250	100.0000
49380	2.2140	228098.1097	63126000	1096.197186	100.0000
44618	1.8300	223844.6569	51205000	1128.862049	100.0000
60450	1.1671	238446.9469	34785800	1259.273240	100.0000
46478	1.3893	446511.5097	77544600	1059.472930	100.0000
41830	1.3490	317323.1424	53508000	1201.987958	100.0000
36680	1.7463	343276.3430	74935000	1250.432755	100.0000
43142	1.4114	503253.6597	88785200	1093.975010	100.0000
33932	1.7003	294327.1149	62556200	1351.454378	100.0000
56208	1.1437	522573.0783	74706800	1206.166193	100.0000
54170	14.1869	37693.5645	66844400	306.891993	100.0000
54746	4.3941	57074.2452	31348800	429.963469	100.0000
46512	1.1753	266022.8140	39081000	240.906560	100.0000
42080	1.9398	147426.6801	35747600	435.279311	100.0000
54430	2.7166	175472.9660	59585400	416.804982	100.0000
36182	5.6921	111269.1258	79170000	506.606655	100.0000
39814	2.4423	211743.7441	64642200	457.847772	100.0000
53864	5.9457	57063.2115	42410200	607.099174	100.0000
41950	5.5026	143248.6300	98530600	706.639669	100.0000
46560	3.3554	124578.6440	52250800	778.738567	100.0000
57922	1.1211	565438.2985	79237200	754.370596	100.0000
46250	2.6390	251322.1002	82905200	1095.640357	100.0000
57996	1.3459	484190.7825	81460400	988.337384	100.0000
57354	1.1007	236830.5168	32583600	1336.009839	100.0000
48498	1.0863	524738.9954	71254400	1188.481727	100.0000
50550	0.9346	408415.0428	47713400	1323.301250	100.0000
56046	1.0140	398019.1681	50449000	1339.804695	100.0000
34770	0.8958	382274.6852	42803600	1382.060963	100.0000
36350	9.2952	42290.3818	49137200	99.484066	100.0000
40146	12.6553	20583.4424	32561200	156.019544	100.0000
56632	11.8987	64440.1781	95844000	153.188487	100.0000
33252	9.3667	58179.1928	68118400	292.541492	100.0000
56012	11.5704	58917.5174	85212400	477.935911	100.0000
50158	3.2890	143521.6037	59005800	408.974390	100.0000
41328	4.0163	142822.4702	71702400	541.755422	100.0000
34820	0.9211	404498.1397	46573800	507.304213	100.0000
36092	4.8212	107957.0022	65060800	835.544695	100.0000
38916	3.6750	94873.2872	43582000	849.003243	100.0000
53164	4.5562	163571.9680	93157400	818.491333	100.0000
55944	0.7706	395010.0498	38049200	643.402356	100.0000
36458	1.9083	147628.1688	35215600	1192.985961	100.0000
45620	1.6309	186906.7979	38102400	1204.257757	100.0000
44696	2.0615	125367.6084	32306400	1379.796339	100.0000
32960	0.4420	626315.5095	34606600	1043.797548	100.0000
34358	0.5344	862023.6367	57587600	927.329694	100.0000
32780	31.7007	12248.0242	48533800	3.855162	100.0000
43774	28.0340	24856.2550	87102400	11.045892	100.0000
42150	24.8099	26634.9934	82601400	45.209255	100.0000
57488	12.0776	25344.9670	38263400	63.216356	100.0000
56616	29.4484	9249.9245	34049400	210.850865	100.0000
34634	16.9665	16683.9946	35383600	343.434842	100.0000
55044	1.9317	271978.3660	65671200	127.744535	100.0000
36914	2.9330	92875.4414	34050800	473.370292	100.0000
39286	2.2685	263734.3965	74783800	317.593213	100.0000
56402	3.7247	93936.0413	43736000	566.026996	100.0000
37780	2.6414	196338.3937	64825600	515.717449	100.0000
39042	7.1369	43871.5270	39138400	692.276202	100.0000
56088	3.8087	96290.8804	45843000	699.889360	100.0000
45930	10.5879	52159.6085	69032600	763.762867	100.0000
53710	3.2340	196896.3754	79595600	644.159638	100.0000
48000	21.3695	28032.0963	74879000	1027.239789	100.0000
41412	0.8682	360860.7467	39160800	839.835305	100.0000
41118	2.7508	98952.0949	34024200	1165.104961	100.0000
34600	1.0639	700702.3995	93188200	609.038779	100.0000
57702	1.3164	214477.9512	35291200	1187.874443	100.0000
54600	1.5722	173887.8717	34174000	1236.986824	100.0000
48652	2.3992	319310.8420	95760000	1148.778521	100.0000
44380	0.5137	614717.3499	39474400	1111.916478	100.0000
57142	12.6839	51584.6412	81786600	188.002327	100.0000
38690	8.2001	69410.1731	71146600	279.456473	100.0000
56442	6.3174	60886.1507	48080200	589.887590	100.0000
59692	1.5235	318285.2971	60613000	329.607630	100.0000
55314	1.6593	298753.4905	61965400	640.810793	100.0000
39302	0.8547	586109.5645	62620600	398.067709	100.0000
54438	7.6017	89994.9883	85514800	929.047820	100.0000
42318	8.6518	31233.2461	33777800	1053.515570	100.0000
50328	16.9340	16930.9866	35838600	1077.876014	100.0000
56888	5.6624	134144.7987	94948000	998.404532	100.0000
46908	1.8151	364275.6195	82647600	893.613870	100.0000
59802	1.3651	193886.8209	33083400	1287.503235	100.0000
47392	28.4934	9033.2316	32173400	27.095604	100.0000
59822	8.0848	68520.1136	69246800	231.426709	100.0000
43654	6.4381	77677.1059	62511400	263.416373	100.0000
42828	4.5665	139502.6638	79630600	223.146109	100.0000
39242	8.6473	41442.4030	44795800	358.326860	100.0000
54702	7.7565	45635.9112	44247000	361.125073	100.0000
51780	7.6279	65058.7998	62032600	346.919096	100.0000
36074	2.9604	191413.9550	70833000	292.916032	100.0000
33676	0.8684	463956.7141	50360800	384.163537	100.0000
35990	5.3603	103468.6911	69328000	966.742765	100.0000
59048	1.7915	266879.0928	59763200	833.621086	100.0000
56562	7.8276	58306.7543	57050000	1079.655679	100.0000
54582	10.1565	26058.9145	33083400	1134.874518	100.0000
41208	2.2015	204274.6055	56212800	1077.650196	100.0000
48790	2.2102	125091.4157	34559000	1231.119520	100.0000
48710	3.0726	122840.5727	47180000	1263.296588	100.0000
49046	3.2880	86970.3553	35744800	1313.711701	100.0000
60448	2.1588	216853.9422	58517200	1312.856700	100.0000
44020	1.3111	562288.3415	92152200	1126.888902	100.0000
44432	1.1015	408932.4703	56302400	1346.195091	100.0000
45512	10.3823	52917.3704	68675600	35.610410	100.0000
35648	30.8454	14907.1413	57477000	109.795627	100.0000
37110	35.2462	10100.1569	44499000	132.593909	100.0000
48394	33.3929	19405.6122	81001200	130.434233	100.0000
45762	9.8053	28327.4891	34720000	363.047943	100.0000
49572	7.1706	54220.8406	48599600	344.169192	100.0000
44852	4.8496	100018.0303	60631200	331.367618	100.0000
44000	9.6263	30002.5148	36101800	506.230759	100.0000
33640	3.6123	70707.0868	31927000	659.603468	100.0000
48574	1.9794	190484.3967	47129600	645.265564	100.0000
56730	1.0322	266533.5317	34388200	581.255929	100.0000
40846	2.7837	209812.2668	73005800	815.587841	100.0000
51540	1.2675	454165.8952	71957200	607.373831	100.0000
45348	1.2009	235862.3955	35404600	922.257684	100.0000
44746	1.2746	377387.2057	60125800	890.059711	100.0000
37876	1.5281	297834.9206	56890400	1107.213467	100.0000
52468	1.8203	184276.1227	41930000	1246.831268	100.0000
52696	3.3443	147262.9915	61560800	1302.485254	100.0000
57090	0.6172	468444.4714	36141000	1214.457241	100.0000
55062	1.8141	225722.4813	51184000	1557.450795	100.0000
56746	13.1907	21140.5202	34857200	44.134768	100.0000
51014	14.9379	29493.6538	55071800	102.126261	100.0000
51208	7.3288	97523.3819	89341000	285.594118	100.0000
59478	14.5481	31855.3232	57929200	355.100038	100.0000
35592	5.3531	83170.2401	55652800	342.603309	100.0000
56200	4.8132	83869.2510	50460200	373.897345	100.0000
54728	14.9123	31883.8028	59432800	574.538591	100.0000
58982	3.2764	168873.0372	69162800	440.159945	100.0000
46542	0.9944	452393.6147	56232400	336.567410	100.0000
59660	1.1975	244753.8080	36638000	584.022103	100.0000
56344	0.7402	421898.7773	39036200	584.859532	100.0000
54566	1.6404	178780.2464	36659000	840.689956	100.0000
43952	3.5324	137337.8938	60641000	933.154331	100.0000
57608	0.8078	502265.6860	50713600	725.339118	100.0000
46758	4.5401	87266.8674	49525000	1167.368876	100.0000
37968	4.5233	174158.4687	98470400	1124.694741	100.0000
36044	3.5893	186302.0290	83587000	1390.810842	100.0000
42344	0.9595	274045.6280	32867800	1317.269189	100.0000
34016	1.2740	274308.2846	43684200	1468.900056	100.0000
44974	1.3366	334068.0499	55812400	1438.755674	100.0000
39292	15.5949	22289.4904	43450400	7.072832	100.0000
57748	18.8669	27234.0282	64227800	50.176090	100.0000
56052	22.6041	13635.2502	38526600	75.150416	100.0000
54518	23.5117	14891.4612	43765400	94.108660	100.0000
50824	16.9902	41106.5820	87301200	191.432598	100.0000
42912	19.7297	13332.9076	32881800	364.051759	100.0000
33772	5.2914	105972.3275	70092400	279.688796	100.0000
32968	25.3302	12191.2142	38600800	397.703006	100.0000
48104	25.1891	14240.3961	44837800	464.322262	100.0000
47234	3.1244	179554.6294	70126000	337.623302	100.0000
43208	3.1272	204292.3021	79858800	454.071302	100.0000
53678	8.3261	64371.7222	66995600	600.348133	100.0000
32890	6.1620	44847.5387	34543600	685.207514	100.0000
58242	14.4463	17286.4999	31215800	777.616690	100.0000
42130	1.8289	252533.1910	57731800	693.417193	100.0000
41174	3.8044	93312.5886	44374400	860.633265	100.0000
60440	5.1455	91139.3091	58619400	913.597751	100.0000
60030	1.2022	228944.2095	34403600	778.391790	100.0000
57720	0.9109	467038.4039	53177600	546.560323	100.0000
33432	0.8890	355795.7502	39538800	729.887281	100.0000
46710	1.1137	309504.7857	43086400	826.233315	100.0000
51686	2.8684	128778.0287	46173400	1060.585283	100.0000
39068	4.2213	96324.5270	50827000	1096.436309	100.0000
49618	0.8005	637238.7649	63761600	877.037764	100.0000
56358	2.0889	133463.0279	34848800	1395.393555	100.0000
38242	1.1965	475334.4729	71093400	1082.302488	100.0000
51148	1.4569	261031.6588	47535600	1363.211209	100.0000
46452	0.8822	495939.9396	54692400	1283.101442	100.0000
35684	17.5148	16201.3163	35470400	190.523941	100.0000
51724	7.9917	31852.4345	31819200	490.710476	100.0000
34418	2.3220	126988.9722	36857800	448.444435	100.0000
46908	4.7773	154318.0562	92152200	462.646048	100.0000
40276	13.3269	29791.5499	49628600	726.499036	100.0000
36038	2.1738	133739.8494	36339800	626.260560	100.0000
57970	6.1959	48661.8074	37688000	758.587394	100.0000
39198	6.1703	74911.0278	57778000	793.657997	100.0000
57332	11.3233	38211.3041	54084800	940.743972	100.0000
52506	1.5939	349740.9662	69680800	681.484386	100.0000
47004	1.2769	364561.1441	58189600	696.071417	100.0000
49310	0.8771	388372.7396	42581000	684.692926	100.0000
37646	2.7618	215103.4271	74260200	862.406498	100.0000
34856	8.9361	61172.0815	68329800	1078.960917	100.0000
56318	2.9019	218317.9461	79192400	931.158942	100.0000
47576	1.6868	414725.5272	87446800	883.399546	100.0000
54050	0.9121	348111.3623	39687200	1010.986839	100.0000
42546	3.7007	165974.5915	76777400	1274.479097	100.0000
59622	3.0172	134818.0871	50846600	1460.472209	100.0000
52642	0.8824	662214.1292	73039400	950.823133	100.0000
44312	1.0290	261205.8937	33598600	1539.471678	100.0000
49904	15.8367	40246.2631	79671200	66.508720	100.0000
35860	7.9236	98668.0675	97725600	51.385756	100.0000
33424	21.9954	24138.0242	66365600	304.364801	100.0000
51682	2.4661	305957.1749	94316600	80.137050	100.0000
46674	1.5938	170525.8327	33972400	365.215777	100.0000
46012	1.0586	351426.7534	46502400	238.703393	100.0000
36378	7.0665	38552.3984	34053600	581.548179	100.0000
38620	2.4132	133029.3376	40128200	487.881765	100.0000
42530	0.9371	290177.4411	33989200	361.746280	100.0000
48950	6.3982	60022.4481	48004600	714.535973	100.0000
39344	1.3682	326850.2652	55899200	541.427928	100.0000
55938	2.6178	155949.5768	51030000	797.258484	100.0000
36622	1.9480	217917.8114	53064200	764.941691	100.0000
54174	1.4566	448756.5879	81708200	545.117355	100.0000
34314	4.8910	72058.8056	44055200	1022.089664	100.0000
33920	0.8524	360860.3389	38451000	759.881656	100.0000
56326	5.3937	131651.3449	88761400	998.538513	100.0000
54628	0.9515	265470.0966	31574200	881.791882	100.0000
56420	0.9233	517799.8456	59759000	671.647220	100.0000
39982	1.9222	386332.6420	92827000	938.382030	100.0000
44202	3.5629	170695.0071	76021400	1155.449862	100.0000
38750	1.6834	271821.9738	57197000	1143.747871	100.0000
33544	3.4377	184207.7124	79157400	1244.107809	100.0000
50818	0.6980	662842.4054	57834000	770.209224	100.0000
33600	1.3757	352937.0586	60691400	1240.223691	100.0000
39298	20.7229	23911.7559	61940200	277.587266	100.0000
35934	4.5245	90988.1257	51459800	283.134495	100.0000
54544	4.9563	113288.4760	70186200	282.983830	100.0000
37804	1.2265	364286.3483	55847400	167.633622	100.0000
52648	2.5042	147472.7327	46162200	430.597345	100.0000
34488	1.8021	184761.5328	41619200	405.101687	100.0000
58968	12.2126	41469.5682	63306600	575.483284	100.0000
40432	5.8045	47750.6419	34645800	634.016022	100.0000
57186	4.7199	107190.5868	63240800	608.422820	100.0000
38860	1.9267	309549.5441	74550000	499.194670	100.0000
59444	3.4325	123076.7962	52808000	791.239164	100.0000
40556	9.7918	44540.2577	54516000	958.598850	100.0000
60248	8.2394	52699.7883	54276600	1018.230216	100.0000
56012	2.6249	237517.3373	77931000	1109.749587	100.0000
36008	0.6316	398574.6466	31465000	1000.430012	100.0000
33704	1.4053	288650.5910	50703800	1228.880436	100.0000
56100	0.7199	564052.4288	50758400	1113.532861	100.0000
43744	0.6056	436150.8468	33014800	1332.125661	100.0000
50188	1.5464	299347.9825	57863400	1502.081678	100.0000
37556	24.8457	23600.6877	73297000	6.146357	100.0000
33360	16.2373	27605.9518	56030800	118.340807	100.0000
48744	35.6073	11068.7472	49266000	148.500144	100.0000
57620	4.6545	58631.8057	34112400	192.198768	100.0000
49604	6.2969	64088.7475	50444800	214.509369	100.0000
38810	12.8718	24730.4379	39790800	467.322879	100.0000
40952	11.6336	24282.9597	35312200	483.006573	100.0000
58308	4.6467	91486.4544	53138400	433.324763	100.0000
51180	10.0662	29140.9633	36667400	540.110143	100.0000
55448	9.2849	77390.2342	89819800	492.125440	100.0000
56950	2.5661	211509.1586	67844000	407.990326	100.0000
53376	5.7653	57669.4344	41560400	636.935864	100.0000
45622	4.7575	52178.4547	31029600	730.607513	100.0000
49050	4.0712	168658.7048	85829800	668.163620	100.0000
39448	3.6275	214747.3773	97375600	699.336366	100.0000
55622	5.1798	59011.7300	38208800	856.103504	100.0000
34290	2.2834	119152.2305	34008800	1026.742971	100.0000
56598	2.3101	139185.9053	40191200	1036.601801	100.0000
49566	0.8979	311775.6057	34991600	965.199002	100.0000
34186	2.2008	127856.6537	35173600	1180.348639	100.0000
32926	4.6141	58423.2702	33696600	1269.690766	100.0000
46432	1.9484	233197.4947	56793800	1183.783587	100.0000
55668	2.6755	217256.8189	72660000	1321.512383	100.0000
49652	1.1183	385310.5054	53862200	1167.791647	100.0000
36134	2.1339	283134.2349	75521600	1329.151665	100.0000
59514	1.4845	210322.6649	39029200	1434.402894	100.0000
36086	1.5137	359404.8594	68002200	1415.761048	100.0000
48808	14.9576	48286.0639	90280400	72.757393	100.0000
47196	15.0720	22452.0883	42299600	162.665392	100.0000
35870	3.0772	89394.2347	34385400	114.898391	100.0000
58324	5.4234	64693.6974	43857800	249.256514	100.0000
51646	4.0122	157761.8315	79122400	242.536652	100.0000
36098	3.9588	74753.4277	36992200	432.658141	100.0000
38516	5.6287	89640.6637	63070000	541.729929	100.0000
44558	7.2290	75337.4836	68076400	569.527525	100.0000
40644	3.9281	88357.3628	43384600	586.288169	100.0000
36108	1.1310	266804.7026	37718800	538.346565	100.0000
36448	3.4436	96652.3100	41603800	748.948263	100.0000
49108	0.8844	332961.7110	36808800	584.444774	100.0000
48016	4.8527	125482.6623	76116600	795.119771	100.0000
40918	0.6350	468198.4670	37163000	461.116581	100.0000
36802	0.9428	365374.9431	43059800	598.867560	100.0000
54094	0.8404	360373.9097	37858800	762.083638	100.0000
50994	1.6791	259773.2862	54523000	865.723309	100.0000
34436	0.9178	496869.0034	57005200	628.705274	100.0000
40096	0.5139	510288.3603	32776800	1024.507031	100.0000
46370	1.8699	143463.5537	33532800	1461.861428	100.0000
46302	1.3113	215779.2725	35368200	1562.536398	100.0000
51166	28.3955	27320.5366	96972400	0.716141	100.0000
42826	31.0226	12704.8997	49267400	56.577777	100.0000
42830	14.3598	39652.8224	71176000	154.780908	100.0000
43622	8.2287	30370.0271	31238200	232.323066	100.0000
48360	12.2244	48259.2018	73742200	218.415206	100.0000
52944	4.6930	59333.5643	34806800	212.188481	100.0000
51236	10.1386	61838.0691	78369200	327.001842	100.0000
38476	3.9012	86112.7519	41993000	625.982736	100.0000
41946	6.5286	87266.1482	71215200	652.869939	100.0000
49874	1.4098	204876.7988	36103200	576.344042	100.0000
50940	2.0954	232048.7108	60778200	576.585132	100.0000
50284	4.5162	109434.8299	61779200	715.984324	100.0000
48340	5.6180	61925.4924	43486800	785.380557	100.0000
35706	0.8124	539725.1692	54811400	442.173184	100.0000
33308	6.1758	45401.7325	35049000	950.841040	100.0000
39856	5.9467	89806.5599	66756200	1053.757962	100.0000
46934	0.7423	529057.8071	49088200	616.960287	100.0000
48084	2.4086	136030.2077	40955600	1044.144237	100.0000
47756	1.0023	348834.0117	43706600	850.064428	100.0000
51540	3.9000	63630.8791	31019800	1157.881041	100.0000
42626	4.3803	89010.1867	48736800	1249.894659	100.0000
40760	0.9689	371958.5864	45050600	1002.670475	100.0000
50418	0.7968	888180.7781	88457600	566.093883	100.0000
35106	2.0508	338002.8441	86647400	1282.949726	100.0000
38426	3.2077	127933.5102	51296000	108.110816	100.0000
41314	6.2895	98301.0861	77282800	157.105114	100.0000
60786	4.9843	120333.7184	74972800	148.002741	100.0000
36718	5.9063	47022.0721	34715800	231.277629	100.0000
32796	19.5065	12969.8978	31624600	496.838177	100.0000
56148	3.0467	99679.1237	37961000	432.905058	100.0000
40352	1.7603	174228.7723	38337600	375.461134	100.0000
44812	7.9914	35952.9288	35914200	583.537522	100.0000
55622	5.9425	97495.0168	72420600	678.357369	100.0000
45016	7.0541	40682.1006	35872200	785.590823	100.0000
36620	1.0946	231419.0117	31663800	635.175668	100.0000
40300	5.5561	49884.9165	34645800	833.390123	100.0000
59514	0.8770	293747.3414	32202800	851.283150	100.0000
44698	0.7243	807446.1057	73106600	437.907937	100.0000
34532	1.7863	360945.8130	80593800	918.159895	100.0000
41788	1.2107	235844.5029	35691600	1132.768277	100.0000
43372	3.5866	93915.2867	42105000	1283.186712	100.0000
37082	1.3515	250413.4103	42305200	1174.002155	100.0000
35566	1.7620	140188.4637	30877000	1344.186218	100.0000
35636	3.3639	201632.1251	84782600	1323.834113	100.0000
38432	2.5003	100755.7967	31490200	1546.793861	100.0000
41398	0.7254	529762.3280	48034000	1168.972340	100.0000
37778	1.9455	227526.5283	55332200	1511.366598	100.0000
33678	39.3061	7633.0608	37503200	1.617548	100.0000
58838	12.9622	21018.0693	34055000	241.145101	100.0000
46846	17.8690	27115.3359	60565400	260.654897	100.0000
46878	2.0849	252590.7461	65829400	136.465478	100.0000
57176	9.9669	64973.3348	80948000	403.209254	100.0000
48854	3.0170	136878.7830	51620800	339.762814	100.0000
43426	4.1791	98268.0054	51333800	509.970760	100.0000
44660	16.7543	19957.6577	41797000	595.295196	100.0000
37546	4.9984	49777.9116	31101000	758.202146	100.0000
41322	2.7797	263461.2410	91543200	686.222684	100.0000
53038	1.0705	244253.4282	32684400	709.080368	100.0000
42530	1.2196	271469.6708	41384000	718.169872	100.0000
36396	1.7099	186694.4257	39904200	833.982892	100.0000
49438	3.5954	199645.3149	89724600	865.673910	100.0000
38530	2.1685	251501.1426	68173000	835.493655	100.0000
37194	2.1046	125353.5591	32977000	1181.274688	100.0000
57516	1.7780	156198.3200	34714400	1179.124980	100.0000
37764	1.4210	277575.3158	49305200	1339.615914	100.0000
49698	0.7103	439854.0045	39051600	1267.295892	100.0000
60624	22.9708	11065.0571	31771600	12.068985	100.0000
60548	41.7649	7780.8900	40621000	99.375435	100.0000
48124	28.1034	26090.4659	91653800	154.517210	100.0000
52108	14.4481	19288.1938	34834800	177.108451	100.0000
43978	11.5414	40429.6716	58326800	169.016579	100.0000
45788	3.5820	69780.5256	31243800	231.244482	100.0000
44016	2.4507	115782.8261	35469000	272.834995	100.0000
57526	4.7504	150985.5101	89656000	265.949125	100.0000
34840	8.0726	36936.8396	37272200	389.742910	100.0000
58346	17.0222	18859.8765	40129600	432.482244	100.0000
58066	11.1640	65412.2920	91282800	533.333869	100.0000
49800	7.0117	74887.9558	65636200	540.621177	100.0000
45008	4.1543	151565.0236	78705200	592.510102	100.0000
59906	4.0827	160592.8389	81957400	600.115723	100.0000
39658	3.4743	115431.9551	50131200	651.755953	100.0000
59184	5.0370	105255.5475	66271800	771.421378	100.0000
42096	11.7700	60121.3488	88453400	851.367541	100.0000
48928	4.5622	144507.2288	82409600	812.512673	100.0000
58604	2.0409	290127.4850	74015200	700.264850	100.0000
46170	1.7078	182800.5224	39023600	848.825412	100.0000
38374	4.3136	90821.8457	48970600	1043.685819	100.0000
60300	6.2953	106628.4174	83907600	1160.717930	100.0000
34868	4.5029	90065.1651	50694000	1205.118081	100.0000
35088	0.9880	521936.1624	64457400	847.407540	100.0000
45330	0.9614	748904.9196	90000400	694.013020	100.0000
36898	1.4264	231564.1613	41287400	1440.849727	100.0000
60634	32.6496	14163.6127	57804600	71.125591	100.0000
58208	21.3040	26618.8646	70886200	172.540338	100.0000
52454	16.8084	22128.9648	46494000	446.799494	100.0000
60050	17.1636	22220.4312	47672800	480.177911	100.0000
60696	8.3470	31901.3510	33285000	475.548159	100.0000
51858	11.6494	33800.7901	49219800	476.100700	100.0000
56940	1.6210	408191.6074	82709200	502.121495	100.0000
47642	1.1757	269480.7359	39604600	660.257773	100.0000
58902	1.3394	547878.9775	91730800	488.994432	100.0000
57542	1.2976	268845.6428	43607200	783.672982	100.0000
57012	3.2053	89982.2355	36052800	977.708871	100.0000
59804	0.6548	441214.5800	36115800	642.620147	100.0000
42418	0.9983	398737.8754	49757400	718.557052	100.0000
54324	2.4008	162696.5372	48825000	1004.262994	100.0000
37024	6.0182	99358.4957	74744600	1172.864221	100.0000
50630	0.7700	517997.0762	49856800	1011.288671	100.0000
49350	1.6157	211604.4275	42736400	1322.012781	100.0000
58372	37.2746	13872.8158	64638000	39.860809	100.0000
43738	24.4726	16203.7133	49568400	79.257972	100.0000
36856	22.2016	17788.5258	49366800	122.505714	100.0000
52708	5.6976	60871.3622	43352400	209.687619	100.0000
35152	11.5437	48469.3975	69939800	242.897372	100.0000
33642	15.0423	21363.1786	40168800	321.481656	100.0000
43306	8.3266	50217.4062	52267600	333.741968	100.0000
40116	4.8368	87987.1221	53197200	302.521719	100.0000
58628	11.9875	26462.4748	39652200	393.190252	100.0000
42506	15.4489	16597.5291	32051600	489.934932	100.0000
51570	3.9839	73150.4237	36428000	445.708349	100.0000
42990	0.9812	274219.9689	33632200	453.965791	100.0000
35082	1.8667	284524.6258	66390800	572.975085	100.0000
34750	1.3903	322364.1850	56023800	663.341914	100.0000
48988	0.8914	548492.0066	61115600	464.107299	100.0000
33280	1.3867	251384.6699	43575000	832.981046	100.0000
54620	1.8074	231680.4673	52343200	876.998495	100.0000
43354	4.3331	62610.6846	33912200	1107.704605	100.0000
39556	1.8129	135878.4261	30791600	1432.639021	100.0000
44788	1.1568	265891.7350	38449600	1313.249008	100.0000
43444	1.8704	423746.4616	99072400	1157.458625	100.0000
51616	1.2038	210184.3792	31628800	1409.284512	100.0000
34976	0.9807	275574.5944	33782000	1452.981650	100.0000
35910	29.7108	9510.8735	35322000	12.372943	100.0000
37606	12.8029	21457.1306	34339200	50.530830	100.0000
46790	9.4801	56590.0949	67060000	240.746846	100.0000
42224	10.9036	55668.1081	75873000	253.905508	100.0000
58236	18.4828	40513.9680	93601200	269.932228	100.0000
35582	4.0151	118677.6922	59563000	198.729910	100.0000
37510	8.6054	60617.9353	65205000	280.127053	100.0000
54084	27.3600	10290.0108	35191800	411.866381	100.0000
43658	2.7420	98679.3924	33822600	458.762645	100.0000
47776	3.0562	191625.6678	73206000	394.670899	100.0000
38870	6.8799	43374.4846	37301600	578.466907	100.0000
45196	3.9987	61991.8045	30986200	621.253187	100.0000
41986	6.8104	45221.8380	38497200	646.013475	100.0000
37428	5.4412	59933.5101	40763800	650.537149	100.0000
43354	4.3056	125646.5439	67622800	610.053892	100.0000
38956	10.9986	45835.1659	63015400	696.082330	100.0000
34308	4.2235	83078.4584	43860600	659.723990	100.0000
50154	5.1872	63179.1345	40965400	775.150568	100.0000
42304	5.1203	58393.8876	37374400	799.056195	100.0000
58778	2.1487	211107.6312	56701400	839.024371	100.0000
36884	1.5825	173264.1213	34274800	940.239366	100.0000
38760	2.1602	129430.3283	34949600	1046.888533	100.0000
59684	0.7544	663887.8406	62601000	684.687504	100.0000
50726	2.3053	115439.7945	33265400	1246.149763	100.0000
36054	2.1897	146476.7077	40093200	1435.391400	100.0000
45230	2.2686	116425.1855	33014800	1490.219664	100.0000
37414	1.6817	185783.3029	39053000	1568.893351	100.0000
59442	14.8076	36100.6472	66820600	110.500229	100.0000
58550	21.3028	16388.7924	43640800	244.843556	100.0000
39128	6.2864	47111.6629	37020200	342.241908	100.0000
33444	5.2167	91485.0594	59656800	515.028983	100.0000
48154	3.6131	170065.1342	76806800	723.113410	100.0000
55848	6.1713	100671.8471	77659400	819.650797	100.0000
55648	10.6628	50314.1088	67061400	882.648470	100.0000
50466	1.4801	442508.5640	81869200	611.101136	100.0000
54230	1.8061	344801.8592	77844200	834.996696	100.0000
50474	4.6195	163715.7601	94536400	1023.836462	100.0000
48962	6.7037	74021.1024	62027000	1213.007938	100.0000
54836	2.6743	165738.5548	55405000	1195.530899	100.0000
50276	4.0780	82482.1431	42044800	1287.491613	100.0000
40582	4.0945	89836.1901	45978800	1280.819606	100.0000
53212	4.3724	69936.4682	38224200	1350.289072	100.0000
58308	1.8106	209147.1270	47335400	1315.396287	100.0000
37288	39.4316	18421.4341	90798400	81.306939	100.0000
34412	7.4098	96577.9855	89453000	265.427282	100.0000
46666	9.9712	48442.9489	60379200	389.140601	100.0000
35630	11.5258	26212.4567	37765000	428.550032	100.0000
38954	7.8843	36436.8470	35910000	426.832497	100.0000
37408	6.4909	45668.6079	37053800	430.852594	100.0000
45188	6.2484	47896.4278	37409400	609.001717	100.0000
40280	13.9488	26103.4830	45514000	635.979386	100.0000
50890	4.4743	85310.7553	47713400	613.741422	100.0000
41570	4.1568	190100.0223	98775600	522.008209	100.0000
55116	6.8586	83547.2816	71626800	654.502750	100.0000
47576	0.8390	626505.3396	65702000	265.087154	100.0000
34948	1.4519	188282.1088	34169800	716.514476	100.0000
48276	3.5838	197872.8702	88641000	789.880918	100.0000
60064	14.8048	22520.6499	41676600	1018.786746	100.0000
59830	1.6387	253642.4483	51954000	879.810058	100.0000
55394	1.4156	244466.8354	43257200	944.475512	100.0000
59940	2.1371	229537.9585	61317200	1098.140893	100.0000
42758	2.0737	238968.3235	61943000	1137.692777	100.0000
57374	1.2295	303663.3116	46670400	1112.107501	100.0000
33964	2.0182	280339.4591	70721000	1136.455432	100.0000
54530	1.1366	239666.4863	34050800	1212.979305	100.0000
50092	1.0979	249532.1196	34244000	1222.732276	100.0000
55222	1.2038	208335.9442	31348800	1556.770408	100.0000
49710	37.9135	6665.0199	31586800	41.734148	100.0000
39142	42.2208	5837.0465	30805600	89.256955	100.0000
38422	12.0413	25212.2387	37948400	320.193454	100.0000
47144	8.2633	46983.3867	48529600	474.090396	100.0000
49348	6.3863	60642.8501	48410600	513.237712	100.0000
60678	10.9509	39621.1694	54236000	579.584569	100.0000
33086	3.2006	203093.5672	81251800	417.774354	100.0000
57496	20.1721	24503.1273	61784800	619.562549	100.0000
54054	3.9488	71162.7741	35126000	705.064414	100.0000
53998	3.8863	74823.2544	36348200	873.685209	100.0000
56660	1.2323	350980.8515	54062400	619.908370	100.0000
51310	3.0277	88407.2960	33458600	907.683028	100.0000
55688	9.7640	33175.5997	40490800	976.503968	100.0000
44790	0.7110	483725.6805	42991200	551.341444	100.0000
48080	1.6246	156403.3170	31761800	1040.927391	100.0000
40002	1.9140	147782.2241	35357000	1065.378870	100.0000
59176	2.0183	270119.5017	68146400	1015.715694	100.0000
34612	1.2261	234363.1387	35918400	1094.343748	100.0000
47960	0.5677	570202.1637	40461400	800.321019	100.0000
35562	1.1148	234521.5770	32681600	1150.753326	100.0000
44194	3.5086	135154.1999	59276000	1342.986887	100.0000
57608	0.9027	464379.2144	52399200	1040.359114	100.0000
45778	38.0989	7557.4280	35991200	18.574880	100.0000
48812	33.8863	10522.6718	44571800	32.772772	100.0000
57984	23.6705	10532.1220	31162600	73.149146	100.0000
48268	19.2471	19417.6515	46716600	105.218635	100.0000
33012	28.0544	19261.4080	67545800	215.556280	100.0000
41328	7.2156	89477.1083	80704400	149.038449	100.0000
34676	2.5608	294109.0473	94144400	78.763300	100.0000
40248	10.8010	38135.4862	51487800	429.081808	100.0000
54520	3.5996	134135.8592	60354000	363.280302	100.0000
39666	10.1736	34915.8636	44402400	521.290798	100.0000
58466	5.6306	121808.1858	85731800	650.887807	100.0000
37054	0.6890	669291.3286	57642200	239.197462	100.0000
53664	4.0876	102056.0087	52145800	807.763881	100.0000
45600	1.3087	459279.7096	75131000	656.167069	100.0000
49598	1.8246	215947.0188	49252000	903.182361	100.0000
34962	1.5705	292902.5714	57500800	1054.879311	100.0000
36186	1.7637	239564.0433	52813600	1200.522920	100.0000
58212	1.5911	158373.4607	31498600	1282.261912	100.0000
56670	0.7046	667617.0440	58798600	858.555103	100.0000
59070	0.9872	312424.1248	38551800	1231.806859	100.0000
57082	3.1850	86972.5979	34626200	1474.660274	100.0000
60282	1.5297	244988.3735	46844000	1377.688992	100.0000
60094	1.6813	152984.2249	32151000	1483.647495	100.0000
42610	1.1997	389252.2972	58373000	1341.214750	100.0000
32928	1.3606	262021.8493	44563400	1475.331507	100.0000
