42192	65.3109	7.3740	60200	101.011996	100.0000
49284	99.7097	1.5726	19600	460.146184	100.0000
36036	57.9966	8.8833	64400	586.757524	100.0000
58744	55.9890	1.4003	9800	604.190045	100.0000
56164	79.5797	34.0590	338800	678.861553	100.0000
42620	31.4811	7.4712	29400	839.120931	100.0000
51270	50.9527	2.6377	16800	895.037732	100.0000
37020	61.6971	368.1470	2839200	1227.580387	100.0000
48602	61.8219	7.9713	61600	37.531741	100.0000
56580	18.8728	14.8362	35000	68.108416	100.0000
57830	28.5853	126.9462	453600	92.975463	100.0000
50984	93.2108	3.9652	46200	95.748218	100.0000
46516	52.0409	104.8099	681800	340.992699	100.0000
42134	52.5070	18.7708	123200	423.760762	100.0000
53458	29.1002	12.3161	44800	441.224003	100.0000
45070	15.3353	26.2923	50400	543.843429	100.0000
33686	46.2857	5.3235	30800	574.232397	100.0000
56598	66.6479	7.7302	64400	657.948845	100.0000
46482	60.7869	13.8188	105000	708.864977	100.0000
44092	43.8874	2.0416	11200	712.434502	100.0000
56590	42.8507	39.9900	214200	722.151174	100.0000
56390	49.8596	7.1882	44800	1004.279625	100.0000
60564	92.7669	136.1866	1579200	1083.536429	100.0000
58804	28.9204	17.0399	61600	1144.754104	100.0000
33596	47.4113	4.7246	28000	1208.051119	100.0000
49184	86.8656	38.2936	415800	1690.936097	100.0000
48550	67.3264	11.1457	93800	34.972926	100.0000
43464	96.8004	7.4049	89600	309.366553	100.0000
56758	64.5886	14.9128	120400	331.028374	100.0000
36328	48.3282	3.0127	18200	338.339799	100.0000
48326	28.0637	3.5918	12600	701.692905	100.0000
49934	27.6297	676.5468	2336600	736.688771	100.0000
38028	4.8449	83.2217	50400	839.837762	100.0000
54568	65.2447	3.7766	30800	878.849063	100.0000
54116	54.0358	12.6435	85400	962.493072	100.0000
34820	43.6688	105.6680	576800	1004.642008	100.0000
40708	42.4957	2.3720	12600	1044.358125	100.0000
47590	30.8282	127.1562	490000	1146.603630	100.0000
54792	51.8936	76.1867	494200	1239.874781	100.0000
56508	27.3681	19.2341	65800	1368.559558	100.0000
49206	5.4883	48.9770	33600	1382.461233	100.0000
33334	48.6933	1.8401	11200	1418.125959	100.0000
39062	39.3677	32.4327	159600	1675.382454	100.0000
48348	61.6814	190.6573	1470000	1704.077459	100.0000
46782	52.7410	160.9677	1061200	1733.671248	100.0000
41012	34.8459	4.4998	19600	46.130188	100.0000
36336	27.3755	251.6120	861000	195.657465	100.0000
45818	50.5365	78.0109	492800	429.436822	100.0000
53058	43.2911	5.9504	32200	499.144418	100.0000
35958	49.5571	3.3900	21000	766.789020	100.0000
38636	42.8116	3.1393	16800	883.854264	100.0000
58256	50.3449	3.5594	22400	909.717497	100.0000
47914	40.3848	3.0507	15400	963.304403	100.0000
49950	42.6196	11.0372	58800	1020.448324	100.0000
44468	57.9678	215.4299	1561000	1033.784387	100.0000
32966	47.6946	5.6359	33600	1192.334653	100.0000
52504	12.2060	445.0265	679000	1244.003472	100.0000
46952	55.4104	3.0319	21000	1263.282786	100.0000
50318	39.5955	150.7646	746200	1365.139145	100.0000
48838	22.5269	6.4634	18200	1392.219347	100.0000
46556	10.5679	328.5436	434000	1460.033313	100.0000
45974	77.8397	8.2015	79800	1512.486787	100.0000
42794	51.3996	112.6546	723800	1540.771893	100.0000
49302	41.8689	21.6677	113400	1772.516996	100.0000
59406	22.8563	7.3503	21000	1774.355103	100.0000
57880	87.2760	169.3936	1848000	1.118869	100.0000
58462	77.3057	180.2299	1741600	52.635786	100.0000
57644	46.1730	374.0366	2158800	164.149964	100.0000
57662	42.2260	2.6524	14000	199.493754	100.0000
48608	70.5627	71.5846	631400	283.039280	100.0000
38586	38.3111	19.2947	92400	401.666015	100.0000
48146	29.2267	208.0838	760200	412.836771	100.0000
48868	94.9486	221.2902	2626400	456.372536	100.0000
59772	95.0996	15.6636	186200	532.574023	100.0000
39540	48.9674	32.7075	200200	573.121619	100.0000
54518	79.0996	25.7701	254800	652.314069	100.0000
33712	89.4679	42.6879	477400	694.978997	100.0000
41206	18.9082	85.8887	203000	740.777556	100.0000
58176	18.8120	41.6755	98000	856.946273	100.0000
52778	55.5265	1.8154	12600	904.608693	100.0000
35228	20.0005	39.7590	99400	927.265966	100.0000
59208	46.0037	13.6337	78400	1042.322710	100.0000
59756	5.8122	572.3144	415800	1055.424127	100.0000
55760	44.5062	16.6089	92400	1139.281303	100.0000
57444	27.3851	119.4225	408800	1176.809323	100.0000
59324	47.1225	6.6550	39200	1195.986092	100.0000
47246	30.1186	130.8958	492800	1239.658830	100.0000
42926	53.6467	332.7848	2231600	1314.366389	100.0000
34504	43.0764	9.3601	50400	1336.440939	100.0000
34022	89.5526	2.3763	26600	1510.920037	100.0000
39542	94.5892	247.5885	2927400	1614.717640	100.0000
37864	56.3695	7.1528	50400	1627.053063	100.0000
33802	39.1136	279.7594	1367800	1660.998016	100.0000
49328	24.1396	96.9692	292600	1774.245072	100.0000
45672	67.9235	5.4414	46200	109.378512	100.0000
59976	87.1044	247.1335	2690800	199.572941	100.0000
37130	58.7372	12.2035	89600	327.699189	100.0000
42448	55.8598	10.0251	70000	379.615089	100.0000
50880	24.9405	17.5137	54600	478.090866	100.0000
41316	18.3551	563.8106	1293600	591.440296	100.0000
34296	40.3188	513.9047	2590000	606.850593	100.0000
46608	86.6417	50.4145	546000	613.991752	100.0000
48978	22.0621	50.7657	140000	742.057508	100.0000
35206	83.6104	274.3391	2867200	813.482238	100.0000
38368	60.0455	65.6568	492800	872.573617	100.0000
44610	25.9760	4.3117	14000	952.905192	100.0000
51106	85.6298	26.2899	281400	997.170284	100.0000
42540	92.1928	62.3215	718200	1007.691367	100.0000
42074	38.6663	3.7656	18200	1022.600273	100.0000
44268	37.1571	24.4152	113400	1042.524125	100.0000
48524	49.8475	17.3008	107800	1096.708869	100.0000
32814	71.8905	1.4021	12600	1104.443924	100.0000
41746	15.0543	801.2569	1507800	1120.856332	100.0000
37006	45.3239	249.5815	1414000	1176.840719	100.0000
38968	61.2757	18.4608	141400	1206.874394	100.0000
34774	67.9670	67.3974	572600	1283.637836	100.0000
49514	48.2441	5.5717	33600	1414.471322	100.0000
42724	45.7207	89.1674	509600	1498.738260	100.0000
51190	67.3833	263.1156	2216200	1507.312535	100.0000
55782	71.8272	61.9041	555800	1548.506191	100.0000
41510	43.4410	11.0863	60200	1598.352651	100.0000
58632	40.3044	5.5577	28000	1698.395145	100.0000
34092	84.7731	27.0841	287000	1767.974789	100.0000
49840	36.1754	10.5265	47600	40.123743	100.0000
57248	92.7021	96.1704	1114400	40.311095	100.0000
37964	49.7613	39.1630	243600	160.338206	100.0000
50130	35.2274	7.3125	32200	163.230205	100.0000
38990	30.6306	2.9252	11200	230.331282	100.0000
56474	7.4049	80.1629	74200	249.941161	100.0000
59880	79.8747	2.3837	23800	524.758206	100.0000
41270	31.6233	96.3339	380800	558.816813	100.0000
45950	16.8807	196.3896	414400	564.921939	100.0000
48522	14.9296	434.3576	810600	592.348990	100.0000
41248	92.3638	85.9731	992600	806.337584	100.0000
49478	41.7062	54.5147	284200	1022.651050	100.0000
39546	36.1765	9.2878	42000	1044.578018	100.0000
56602	94.7529	249.1703	2951200	1198.990888	100.0000
52290	15.1754	84.8743	161000	1322.645135	100.0000
46196	70.1746	32.0800	281400	1404.967274	100.0000
47666	73.3754	85.4783	784000	1417.316323	100.0000
60924	22.6937	42.4436	120400	1449.235792	100.0000
34700	42.6758	3.1493	16800	1508.334752	100.0000
53560	79.4036	50.2143	498400	1518.902987	100.0000
50198	61.6684	118.9588	917000	1576.444338	100.0000
39648	55.9077	2.0033	14000	1625.296098	100.0000
50532	72.0795	26.1045	235200	1626.553674	100.0000
55004	93.8771	38.5355	452200	1738.450134	100.0000
34800	91.6498	51.0814	585200	1763.660194	100.0000
53354	93.8811	10.2598	120400	42.823566	100.0000
53456	14.6477	14.5279	26600	67.873412	100.0000
45416	75.7947	14.7768	140000	132.660913	100.0000
55180	44.4036	6.0536	33600	199.237871	100.0000
39832	49.4045	12.2418	75600	327.984902	100.0000
56392	61.2689	3.2904	25200	345.204026	100.0000
56912	87.9797	31.4436	345800	383.142369	100.0000
51936	40.0754	5.8689	29400	416.144944	100.0000
48144	4.4043	33.0584	18200	481.246173	100.0000
58450	90.9319	200.7656	2282000	524.460509	100.0000
51154	34.8137	589.0563	2563400	597.305994	100.0000
58126	50.4560	81.4650	513800	656.705909	100.0000
46354	88.8698	242.9801	2699200	662.696867	100.0000
58098	49.9892	2.0164	12600	670.836083	100.0000
45606	88.5189	33.0235	365400	693.973736	100.0000
52158	66.6725	184.4479	1537200	713.796051	100.0000
50120	61.4172	25.5303	196000	764.455308	100.0000
45358	71.4993	111.5312	996800	978.337069	100.0000
51710	91.5668	56.7542	649600	996.481351	100.0000
43154	15.6548	977.2859	1912400	1048.149489	100.0000
41654	66.1111	4.7435	39200	1078.587275	100.0000
49992	66.5428	3.8712	32200	1111.784151	100.0000
35102	34.8529	14.4608	63000	1387.096094	100.0000
57434	43.0730	2.0802	11200	1562.384634	100.0000
34970	51.8262	9.2926	60200	1569.721547	100.0000
38528	29.5307	21.2389	78400	1625.913612	100.0000
45350	85.3040	53.6997	572600	1637.224881	100.0000
46826	81.5056	1.7864	18200	1738.966132	100.0000
53024	4.2982	46.9030	25200	62.537931	100.0000
51338	84.0540	56.6302	595000	83.119240	100.0000
59386	47.9998	231.9341	1391600	112.822818	100.0000
58844	37.5881	5.9593	28000	130.496372	100.0000
52466	87.3018	31.5595	344400	228.939777	100.0000
54084	20.8092	224.9774	585200	246.475577	100.0000
44878	32.4601	3.4504	14000	253.436926	100.0000
58878	90.9089	143.4050	1629600	306.515408	100.0000
33736	95.4322	82.3873	982800	361.519598	100.0000
56482	51.9959	1.7232	11200	372.480234	100.0000
33014	44.3261	2.7794	15400	374.106834	100.0000
48540	16.1652	78.2914	158200	847.636862	100.0000
50484	36.1163	9.6134	43400	986.855571	100.0000
52036	41.7126	23.8968	124600	1000.215781	100.0000
42370	25.2248	57.2770	180600	1004.661666	100.0000
50626	42.3586	2.6441	14000	1027.399935	100.0000
38508	95.5418	241.4860	2884000	1132.537446	100.0000
41612	43.4418	2.3203	12600	1437.124033	100.0000
58688	32.2441	15.2834	61600	1484.316070	100.0000
59494	53.4380	2.0959	14000	1587.753677	100.0000
33114	48.2650	2.7846	16800	1657.122494	100.0000
58372	39.0378	10.6153	51800	1693.426700	100.0000
42680	90.9683	119.4262	1358000	1745.049204	100.0000
40446	60.1346	9.1262	68600	25.411668	100.0000
50746	63.9529	238.5256	1906800	141.679972	100.0000
58866	50.3846	51.7936	326200	192.943518	100.0000
35038	45.9508	7.3122	42000	224.210849	100.0000
47886	20.8586	398.9526	1040200	243.284325	100.0000
34350	91.7203	100.4969	1152200	335.180655	100.0000
60108	98.2198	1.1403	14000	380.829224	100.0000
56194	22.5561	177.2647	499800	455.437849	100.0000
35220	17.8205	55.3072	123200	569.123281	100.0000
60500	58.9397	362.7573	2672600	682.244392	100.0000
50508	42.7920	4.1877	22400	787.119886	100.0000
41430	60.8795	79.6591	606200	955.849848	100.0000
58748	59.8670	22.0756	165200	987.737127	100.0000
47260	81.8598	123.6846	1265600	1174.874490	100.0000
59696	31.3142	14.6643	57400	1222.775162	100.0000
35556	41.7552	8.0469	42000	1324.328877	100.0000
36242	28.5386	65.1469	232400	1459.974475	100.0000
55152	73.5750	46.2766	425600	1500.177691	100.0000
36322	25.4098	673.0620	2137800	1549.417901	100.0000
34328	95.7176	26.6785	319200	1614.993851	100.0000
44534	19.9413	80.8774	201600	1737.410800	100.0000
43196	65.8767	11.7310	96600	58.853781	100.0000
34956	58.4763	7.4697	54600	368.789855	100.0000
44172	39.6131	12.7231	63000	386.811854	100.0000
58812	27.5591	73.9646	254800	402.221579	100.0000
36452	9.0190	22.3528	25200	433.022377	100.0000
57542	80.1456	174.5423	1748600	461.276446	100.0000
33616	33.7509	21.2380	89600	471.502648	100.0000
49416	92.1127	42.4350	488600	613.536802	100.0000
34800	91.8829	91.2988	1048600	659.028194	100.0000
58386	86.0733	1.5615	16800	661.183473	100.0000
45110	50.0164	30.2301	189000	684.268827	100.0000
56048	92.6660	101.1633	1171800	697.481692	100.0000
59812	41.5095	5.1265	26600	776.600783	100.0000
56982	33.1180	52.7569	218400	845.273868	100.0000
52884	41.1524	34.0199	175000	910.917643	100.0000
42528	62.8812	378.1350	2972200	1128.867574	100.0000
49886	76.8848	1.0197	9800	1218.027457	100.0000
39324	33.6409	651.5408	2739800	1306.347088	100.0000
43566	21.2475	143.3770	380800	1619.139493	100.0000
46264	44.4711	315.3150	1752800	180.242305	100.0000
51564	18.4862	1201.4139	2776200	184.670246	100.0000
35892	15.4828	460.7958	891800	189.357304	100.0000
34330	22.4001	238.4984	667800	275.202488	100.0000
47154	29.8917	95.5448	357000	391.660487	100.0000
59990	9.9370	107.0747	133000	406.768500	100.0000
59642	94.3160	101.6498	1198400	489.974765	100.0000
42386	52.6795	1.9135	12600	529.925558	100.0000
42456	39.6521	73.7212	365400	815.892838	100.0000
56488	95.6369	131.0456	1566600	829.786026	100.0000
41372	67.7322	23.4807	198800	891.825897	100.0000
33184	57.5174	7.0100	50400	953.814033	100.0000
49230	68.7477	19.5497	168000	955.905018	100.0000
52426	66.7652	2.8518	23800	1231.414156	100.0000
38898	13.8324	178.9417	309400	1295.708514	100.0000
37332	41.3820	5.6836	29400	1342.428061	100.0000
52334	29.8655	2.6251	9800	1373.645358	100.0000
43210	81.4379	3.0256	30800	1693.262277	100.0000
46542	55.8840	109.4266	764400	1704.269142	100.0000
44116	8.0054	344.1669	344400	1751.440806	100.0000
56126	67.1932	150.3486	1262800	1769.386902	100.0000
42190	39.1698	112.0863	548800	48.936013	100.0000
60658	86.0061	9.7668	105000	95.655727	100.0000
39174	95.1838	46.7138	555800	291.833643	100.0000
60742	94.1092	120.7958	1421000	444.117413	100.0000
59072	93.1904	47.3525	551600	502.231399	100.0000
36400	93.7978	163.1082	1912400	684.030320	100.0000
34348	50.3214	3.3385	21000	973.809051	100.0000
36278	50.6548	6.4120	40600	979.956793	100.0000
44216	89.9233	71.9902	809200	1250.394446	100.0000
43486	36.6368	3.3627	15400	1280.753723	100.0000
38326	42.3885	10.0405	53200	1419.445380	100.0000
47468	80.5912	95.6135	963200	1514.185276	100.0000
40448	39.1479	5.4358	26600	1636.606164	100.0000
57528	38.1466	2.3488	11200	1644.956419	100.0000
51056	86.5928	227.8989	2466800	1746.111344	100.0000
38012	29.4745	332.4910	1225000	1799.992246	100.0000
40410	92.1972	5.9525	68600	110.315592	100.0000
50204	83.1232	20.6152	214200	123.428303	100.0000
53380	57.6867	355.6870	2564800	173.234135	100.0000
52614	9.2566	14.5194	16800	220.692823	100.0000
36026	50.8798	44.6857	284200	237.374134	100.0000
41136	54.5307	6.1617	42000	328.932176	100.0000
52110	95.3454	13.9786	166600	368.465879	100.0000
40520	93.7657	11.8252	138600	533.829149	100.0000
51378	66.7368	16.9502	141400	705.769985	100.0000
36734	42.2225	68.4375	361200	716.101229	100.0000
34388	92.1669	27.9493	322000	725.858588	100.0000
35742	66.9146	298.4341	2496200	841.993916	100.0000
54436	93.5383	73.2791	856800	936.932235	100.0000
43882	32.9220	36.7413	151200	977.382366	100.0000
44058	41.5298	4.8544	25200	1239.674937	100.0000
37888	22.7547	12.7973	36400	1284.327705	100.0000
45656	60.2120	45.3863	341600	1298.043162	100.0000
54792	67.4387	6.9752	58800	1303.221440	100.0000
32974	88.1053	15.5087	170800	1355.649934	100.0000
56396	57.6199	1.5550	11200	1546.950526	100.0000
42872	25.3161	36.2773	114800	1630.381741	100.0000
37280	43.2760	1.8116	9800	1652.209859	100.0000
55336	47.4093	100.4022	595000	61.241102	100.0000
59112	85.8465	30.9203	331800	124.920928	100.0000
40060	61.9879	52.9394	410200	199.716932	100.0000
57562	51.1783	12.0363	77000	269.763651	100.0000
41084	88.3646	45.5024	502600	336.696009	100.0000
54834	39.0493	17.2090	84000	408.464092	100.0000
42030	34.0976	3.6132	15400	490.490286	100.0000
43608	80.1676	41.0740	411600	554.558358	100.0000
37040	39.2503	4.5656	22400	607.377221	100.0000
43952	94.1927	203.3278	2394000	717.212370	100.0000
33302	93.9357	174.3150	2046800	746.225878	100.0000
45898	42.9031	81.7097	438200	754.195891	100.0000
46188	16.8965	12.5943	26600	778.054987	100.0000
37200	33.8180	2.3183	9800	782.597166	100.0000
35160	94.5429	11.2541	133000	794.794451	100.0000
39908	63.3547	9.5463	75600	870.621479	100.0000
46188	71.2518	17.1336	152600	1316.233566	100.0000
43764	91.1051	2.3358	26600	1490.306320	100.0000
45094	15.0931	1181.3646	2228800	1526.860889	100.0000
41292	30.9495	27.5028	106400	1613.192924	100.0000
57684	93.3382	6.1197	71400	1792.003500	100.0000
50584	41.0765	12.2698	63000	99.166469	100.0000
44562	26.1139	621.0344	2027200	181.515245	100.0000
37704	92.8668	219.7383	2550800	247.041630	100.0000
38972	53.6150	17.9651	120400	269.397103	100.0000
45780	94.3105	21.2574	250600	314.789036	100.0000
33478	93.5811	46.0777	539000	424.079112	100.0000
48854	17.5757	277.2016	609000	523.437963	100.0000
49440	58.3765	8.2499	60200	686.904290	100.0000
42454	29.9275	10.4786	39200	870.878186	100.0000
48540	53.1753	1.4744	9800	924.693739	100.0000
37108	69.1372	5.0219	43400	998.839865	100.0000
51498	42.5246	2.6338	14000	1034.608465	100.0000
35388	65.7778	36.2676	298200	1203.627078	100.0000
50502	76.8566	148.3489	1425200	1226.235373	100.0000
55808	90.2976	10.6669	120400	1322.491196	100.0000
42400	49.2246	64.6181	397600	1365.653117	100.0000
48902	95.5992	156.5201	1870400	1372.139106	100.0000
44142	19.6222	1181.5210	2898000	1441.169070	100.0000
58654	81.2607	2.3431	23800	1516.048831	100.0000
34200	90.9598	1.4776	16800	1557.903867	100.0000
60596	85.3188	3.8069	40600	1610.528105	100.0000
42572	85.7850	30.2897	324800	125.421432	100.0000
45072	85.2099	1.0515	11200	232.853870	100.0000
49470	44.2126	9.8795	54600	242.681985	100.0000
38926	94.8144	29.5314	350000	309.813000	100.0000
35162	71.3257	6.2810	56000	324.980621	100.0000
44762	55.3788	92.2230	638400	586.878277	100.0000
47988	60.6863	12.5498	95200	804.115622	100.0000
47222	93.5628	4.3094	50400	887.150119	100.0000
38652	78.0812	2.1516	21000	1051.650164	100.0000
32944	33.2744	455.0769	1892800	1051.798780	100.0000
58060	93.2609	15.2518	177800	1062.428679	100.0000
33200	33.1124	4.7354	19600	1092.177944	100.0000
41492	73.2935	8.2518	75600	1099.792756	100.0000
39326	75.3716	13.9681	131600	1103.952142	100.0000
45916	25.0410	521.9607	1633800	1113.781197	100.0000
49646	55.6580	37.4286	260400	1470.983951	100.0000
55910	93.8718	15.9878	187600	1584.221879	100.0000
43326	94.9601	21.8197	259000	1657.416715	100.0000
60708	65.4664	1.8819	15400	1714.796424	100.0000
45316	82.1204	1.9094	19600	1722.401879	100.0000
45920	89.0057	161.8233	1800400	1737.877749	100.0000
57194	21.7198	10.8288	29400	175.844415	100.0000
54184	79.2542	8.7617	86800	231.264037	100.0000
57618	58.8978	7.0359	51800	254.049921	100.0000
43052	81.8938	10.2572	105000	525.815484	100.0000
50638	47.8819	5.1460	30800	543.607005	100.0000
39356	95.3371	174.4547	2079000	611.762880	100.0000
51908	47.3911	262.0912	1552600	662.474162	100.0000
52024	17.2741	580.2908	1253000	773.550773	100.0000
53104	49.2111	17.0693	105000	791.905172	100.0000
58068	43.4715	32.2050	175000	863.542431	100.0000
40562	95.4496	168.1475	2006200	1197.016222	100.0000
53996	68.4458	5.8908	50400	1383.045118	100.0000
36116	95.2025	61.4101	730800	1408.695128	100.0000
37784	57.7627	2.7146	19600	1411.382026	100.0000
36834	62.5040	18.2772	142800	1422.959349	100.0000
42872	75.1883	5.2136	49000	1465.569612	100.0000
34798	85.2890	2.6264	28000	1544.828248	100.0000
46578	72.4424	2.1645	19600	1551.917508	100.0000
41444	73.3423	85.3641	782600	1694.846936	100.0000
45354	47.9412	1.6353	9800	1697.168734	100.0000
53596	83.8119	204.0569	2137800	13.242770	100.0000
56126	81.3774	11.9738	121800	47.122268	100.0000
56504	69.4502	28.5442	247800	130.293725	100.0000
59930	95.5273	133.1892	1590400	133.929746	100.0000
54028	95.4160	107.5207	1282400	150.515488	100.0000
39794	94.4952	10.0746	119000	199.961235	100.0000
51108	90.7275	9.0116	102200	481.143785	100.0000
49356	33.5488	16.3583	68600	507.778310	100.0000
51924	37.7650	224.2074	1058400	568.903724	100.0000
34604	86.2731	2.5964	28000	612.293150	100.0000
60966	82.1167	9.1382	93800	623.294788	100.0000
54066	25.0350	54.5796	170800	724.548081	100.0000
45890	94.9000	145.2814	1723400	779.135238	100.0000
41214	39.3284	4.8413	23800	900.817809	100.0000
58566	73.7619	85.9413	792400	964.280845	100.0000
37010	43.6752	7.4367	40600	983.240816	100.0000
36168	41.2162	189.1297	974400	1046.547326	100.0000
33844	62.7109	7.6797	60200	1101.769118	100.0000
54294	91.5225	2.2027	25200	1162.058765	100.0000
48186	59.4435	284.5057	2114000	1277.125504	100.0000
43586	51.6263	7.1591	46200	1380.906494	100.0000
53208	93.6703	1.1957	14000	1478.407260	100.0000
53228	55.5941	1.4102	9800	1516.788567	100.0000
49696	27.4951	404.9015	1391600	1793.743966	100.0000
48416	35.7204	10.9741	49000	37.263475	100.0000
33410	71.8327	86.0666	772800	54.464741	100.0000
41340	53.3317	5.4602	36400	77.232364	100.0000
57882	91.8431	4.7559	54600	201.438066	100.0000
53302	79.6805	82.7907	824600	249.819030	100.0000
38278	53.2213	10.3117	68600	415.773634	100.0000
39534	80.8050	9.5638	96600	436.788435	100.0000
38632	62.8288	124.6053	978600	628.208765	100.0000
37626	28.9178	23.2383	84000	1149.387321	100.0000
48070	34.1145	5.5812	23800	1166.736657	100.0000
55040	79.5504	4.5053	44800	1210.225236	100.0000
38244	91.1925	1.7194	19600	1243.642318	100.0000
58576	7.9834	70.1459	70000	1306.845623	100.0000
33084	42.5909	35.2376	187600	1323.375463	100.0000
55542	45.3382	27.6676	156800	1471.674771	100.0000
45886	79.5218	3.2394	32200	1478.661720	100.0000
54820	41.5128	567.6513	2945600	1533.502277	100.0000
53076	68.5191	4.0864	35000	1706.720297	100.0000
56382	89.4197	60.2462	673400	97.705395	100.0000
58458	33.9061	2.9729	12600	134.235037	100.0000
53636	92.3131	160.7573	1855000	137.608045	100.0000
45042	47.7988	122.3126	730800	207.964093	100.0000
56060	58.7879	3.6198	26600	455.068964	100.0000
44132	96.6859	4.4019	53200	646.868522	100.0000
60794	45.0236	5.4727	30800	845.467909	100.0000
40080	66.2369	76.7669	635600	1035.371320	100.0000
41402	42.8285	341.5295	1828400	1051.060760	100.0000
33834	86.5012	30.1684	326200	1098.872712	100.0000
57034	52.3535	7.4876	49000	1191.845134	100.0000
58908	91.5434	122.1016	1397200	1210.200071	100.0000
51210	60.4829	149.0669	1127000	1294.030776	100.0000
42432	82.7219	2.7079	28000	1314.216619	100.0000
47428	26.0746	11.5975	37800	1544.566739	100.0000
57418	68.3822	1.1465	9800	1664.372873	100.0000
36104	24.5452	190.2775	583800	1692.795349	100.0000
46256	36.9364	2.7290	12600	61.027888	100.0000
43464	92.4403	108.1953	1250200	145.994514	100.0000
48148	27.8137	494.4905	1719200	216.939792	100.0000
58526	55.4848	423.6977	2938600	235.102987	100.0000
42362	51.9454	237.3879	1541400	367.826221	100.0000
51866	14.6401	75.7373	138600	414.339749	100.0000
40000	94.8044	58.5965	694400	498.597917	100.0000
46984	56.5977	131.9912	933800	505.461266	100.0000
37630	68.6553	140.1319	1202600	679.777709	100.0000
48408	61.3127	65.2132	499800	797.840183	100.0000
40486	51.6266	2.1694	14000	888.119581	100.0000
60472	91.0362	2.9527	33600	1087.619824	100.0000
33554	5.4892	79.5742	54600	1117.831775	100.0000
47880	61.3860	1.2772	9800	1235.922952	100.0000
42390	56.8532	10.2439	72800	1555.667830	100.0000
44602	44.5719	5.5282	30800	8.723546	100.0000
55370	61.1844	36.7937	281400	20.893482	100.0000
47306	33.3603	53.7165	224000	251.989849	100.0000
37768	68.0564	291.2876	2478000	292.459235	100.0000
52534	45.4885	29.0535	165200	413.640860	100.0000
51454	79.3274	20.3309	201600	462.644372	100.0000
35246	26.5277	187.8791	623000	542.085497	100.0000
37574	28.5980	4.3080	15400	646.400689	100.0000
52926	26.4630	113.0031	373800	699.856601	100.0000
39578	43.8971	46.4358	254800	728.856779	100.0000
52812	92.8274	99.4189	1153600	805.733127	100.0000
39498	49.8792	6.2872	39200	1043.161766	100.0000
45858	33.9056	3.6336	15400	1043.986426	100.0000
49710	83.5250	62.8890	656600	1079.186296	100.0000
57848	54.1481	187.6041	1269800	1144.318213	100.0000
51838	18.1459	32.0953	72800	1178.446711	100.0000
53344	39.5635	6.2280	30800	1240.699038	100.0000
50382	68.6755	245.2811	2105600	1355.435023	100.0000
50772	93.5307	32.4514	379400	1486.700401	100.0000
37698	38.0117	47.4380	225400	1539.230178	100.0000
35918	60.5669	9.0611	68600	1695.360626	100.0000
49430	94.9968	25.4661	302400	1723.751264	100.0000
39576	95.5437	237.1438	2832200	1793.784329	100.0000
44210	88.8541	4.0336	44800	42.062084	100.0000
52646	49.8154	99.5997	620200	60.807261	100.0000
59972	76.6567	1.6072	15400	194.553574	100.0000
59164	35.5220	2.5224	11200	225.102694	100.0000
58540	37.4542	115.1273	539000	475.686642	100.0000
33572	84.1162	227.4188	2391200	483.766183	100.0000
34186	14.7305	77.5533	142800	590.190363	100.0000
57750	82.1329	2.1818	22400	613.905117	100.0000
58422	45.2638	5.1962	29400	642.938370	100.0000
45194	37.4544	5.6816	26600	679.478801	100.0000
45954	95.3749	72.2203	861000	800.451383	100.0000
58918	95.1915	32.3558	385000	929.657774	100.0000
35346	37.6743	2.0810	9800	931.458755	100.0000
39486	86.7572	242.1840	2626400	1008.910399	100.0000
58562	94.1571	41.0378	483000	1200.991359	100.0000
52990	47.8863	7.2505	43400	1247.206464	100.0000
57176	94.7481	42.0821	498400	1620.676119	100.0000
38822	33.5992	3.6668	15400	1645.552736	100.0000
46900	65.9817	1.1882	9800	1658.934203	100.0000
39478	43.6081	107.8700	588000	1756.965448	100.0000
44526	50.9542	1.5386	9800	67.557312	100.0000
52960	28.9749	8.8904	32200	68.425095	100.0000
41668	55.7753	10.6427	74200	216.993672	100.0000
60764	54.9963	20.7723	142800	293.974171	100.0000
59622	95.1860	30.2397	359800	319.523467	100.0000
56896	88.5674	27.5677	305200	341.006077	100.0000
32964	30.8849	103.7141	400400	386.275832	100.0000
42082	18.6158	116.7182	271600	441.874949	100.0000
53130	78.0009	18.2357	177800	621.965734	100.0000
38746	89.1353	100.0187	1114400	643.423394	100.0000
53012	90.0580	54.2229	610400	759.348641	100.0000
60944	69.9342	24.0226	210000	764.568536	100.0000
35486	88.3354	57.6892	637000	893.071685	100.0000
41702	30.1876	2.5971	9800	906.574002	100.0000
55386	42.9994	415.9688	2235800	943.615982	100.0000
48636	86.7974	29.2912	317800	994.597419	100.0000
52810	15.0488	109.4041	205800	1015.438132	100.0000
54408	24.6607	303.3811	935200	1022.496089	100.0000
35248	65.2760	4.1179	33600	1090.422994	100.0000
38744	40.8961	4.3818	22400	1371.426578	100.0000
56340	32.2430	11.4630	46200	1477.104417	100.0000
39740	50.7148	5.3002	33600	1592.171144	100.0000
45526	85.7513	4.4407	47600	1654.234925	100.0000
58422	71.7712	12.3281	110600	1694.486314	100.0000
53080	87.5018	40.0632	438200	142.623126	100.0000
58498	37.1314	4.2228	19600	183.976843	100.0000
37672	95.3101	46.0644	548800	682.370091	100.0000
40674	91.7212	62.3978	715400	690.905415	100.0000
54198	37.6892	2.6745	12600	709.660486	100.0000
42054	74.9369	35.2723	330400	917.044253	100.0000
43260	40.6476	154.5772	785400	936.538574	100.0000
48306	86.0876	149.2248	1605800	938.122026	100.0000
46430	11.8208	270.9802	400400	1014.267826	100.0000
53208	45.9351	88.2637	506800	1124.483663	100.0000
47320	90.7892	66.3691	753200	1206.787466	100.0000
36314	66.6702	27.0466	225400	1218.235417	100.0000
58594	94.4287	112.7962	1331400	1344.707495	100.0000
57508	52.0412	349.7228	2275000	1369.831332	100.0000
48634	63.5044	4.0564	32200	1401.902780	100.0000
50622	92.5552	114.5953	1325800	1411.578269	100.0000
38890	79.4763	10.9920	109200	1536.691562	100.0000
34364	83.1189	241.3314	2507400	1619.549751	100.0000
53778	46.2885	18.1471	105000	1657.211754	100.0000
42626	95.5676	75.5905	903000	1697.966037	100.0000
56974	36.3823	3.3863	15400	3.343750	100.0000
53270	92.4104	9.6959	112000	150.833111	100.0000
34732	35.9277	210.1110	943600	175.663436	100.0000
35786	49.1107	1.5964	9800	200.335207	100.0000
55282	34.5345	182.5883	788200	332.970506	100.0000
46416	44.4000	1.7658	9800	395.662796	100.0000
47712	93.8767	33.5248	393400	486.074759	100.0000
53674	19.0174	753.2469	1790600	489.611616	100.0000
40904	34.4810	2.5985	11200	652.925839	100.0000
58080	52.4104	37.3972	245000	925.477100	100.0000
58712	16.7110	9.3830	19600	1120.618509	100.0000
38190	61.0159	47.1746	359800	1177.110981	100.0000
47564	88.5791	37.6793	417200	1239.996702	100.0000
56326	34.3621	394.7142	1695400	1415.656177	100.0000
51434	24.0204	492.8477	1479800	1448.065165	100.0000
40798	94.1930	172.8876	2035600	1510.239862	100.0000
44226	46.1752	6.3064	36400	1638.628471	100.0000
41330	87.0482	2.1873	23800	1778.805181	100.0000
51536	76.2037	14.1096	134400	29.488963	100.0000
43342	33.9269	5.2819	22400	29.568268	100.0000
36324	23.6729	13.2472	39200	50.449492	100.0000
46368	78.1608	102.8853	1005200	126.237075	100.0000
47536	95.3199	222.3083	2648800	274.409679	100.0000
50596	95.4761	43.5209	519400	335.062464	100.0000
43720	53.4053	99.4059	663600	339.805160	100.0000
52968	39.8991	3.3685	16800	454.664848	100.0000
46222	51.9903	1.9388	12600	487.537684	100.0000
42794	95.0107	88.6468	1052800	499.635083	100.0000
45870	95.2147	123.2750	1467200	590.125218	100.0000
60618	64.2690	117.4563	943600	595.842190	100.0000
46476	56.5175	1.5854	11200	710.978989	100.0000
43654	48.7480	341.8728	2083200	733.974214	100.0000
60568	35.8850	24.6566	110600	740.761515	100.0000
40980	92.5381	101.0610	1169000	743.646740	100.0000
58692	33.4870	196.6615	823200	920.414426	100.0000
59146	94.2013	50.4112	593600	939.174003	100.0000
42442	39.5092	17.2922	85400	976.868814	100.0000
45062	71.4530	24.1389	215600	1007.033589	100.0000
37064	67.5184	67.1817	567000	1203.346518	100.0000
33722	84.1389	0.9318	9800	1230.365447	100.0000
49648	77.4631	29.4953	285600	1373.842623	100.0000
39116	29.7315	9.0409	33600	1392.419686	100.0000
46980	38.1188	14.1033	67200	1405.322879	100.0000
37924	94.0825	193.5664	2276400	1422.247963	100.0000
58956	49.0624	10.2726	63000	1580.670171	100.0000
50528	34.5059	9.0883	39200	1694.636152	100.0000
45362	90.6513	56.5861	641200	15.603268	100.0000
32808	93.0524	106.1595	1234800	132.794372	100.0000
49068	84.7445	207.8908	2202200	136.517981	100.0000
52386	78.4982	1.4268	14000	194.761621	100.0000
53980	71.1483	99.9602	889000	343.923081	100.0000
43126	69.8142	10.5881	92400	373.283158	100.0000
54028	62.4979	4.3009	33600	580.986444	100.0000
50874	10.8706	276.1197	375200	637.040667	100.0000
57142	85.2986	174.3709	1859200	656.825663	100.0000
38202	95.2512	228.9356	2725800	663.885215	100.0000
54910	79.5133	32.6788	324800	1119.200899	100.0000
51204	10.2072	408.1807	520800	1148.161410	100.0000
58504	43.3229	3.3608	18200	1181.429349	100.0000
50140	52.3193	35.3216	231000	1198.478679	100.0000
41250	84.6855	9.9191	105000	1309.608097	100.0000
47784	76.4210	19.7851	189000	1383.777977	100.0000
45980	70.9444	2.3681	21000	1393.654844	100.0000
56602	85.3695	13.3818	142800	1449.783777	100.0000
53656	33.5508	3.6720	15400	1669.418292	100.0000
58880	21.1413	91.1202	240800	1785.523310	100.0000
40324	79.0962	25.3463	250600	9.630553	100.0000
51060	95.2623	152.1358	1811600	148.998180	100.0000
59634	59.8484	71.1130	532000	173.096651	100.0000
38044	15.5298	434.8790	844200	179.418641	100.0000
52306	49.8963	5.6116	35000	184.435430	100.0000
41916	86.1862	212.0803	2284800	212.044029	100.0000
40564	91.3734	10.7865	123200	240.206273	100.0000
58280	79.8215	26.0982	260400	378.769779	100.0000
59406	81.2282	1.3788	14000	459.371895	100.0000
56838	23.2845	62.0497	180600	508.860896	100.0000
55978	38.4392	37.2953	179200	743.179020	100.0000
49202	50.4146	17.7726	112000	819.191268	100.0000
53456	48.7830	6.1989	37800	878.469441	100.0000
33994	68.8694	13.9859	120400	892.726259	100.0000
34898	35.4183	6.9569	30800	944.644239	100.0000
46638	94.1319	161.1015	1895600	962.073718	100.0000
47700	17.8986	113.2600	253400	1050.153262	100.0000
44552	35.1210	2.2323	9800	1097.124002	100.0000
55580	73.8352	47.1753	435400	1173.449152	100.0000
36806	40.3653	32.4635	163800	1184.658744	100.0000
47668	93.4687	228.1490	2665600	1254.385012	100.0000
58656	28.5107	87.6023	312200	1296.100269	100.0000
48442	90.6035	75.5291	855400	1568.368055	100.0000
50002	95.4362	49.6416	592200	1621.431664	100.0000
53120	75.0326	13.7327	128800	1688.502441	100.0000
40668	80.8685	58.9995	596400	1746.872048	100.0000
36086	27.2124	314.0332	1068200	1793.840696	100.0000
46952	56.5106	5.7476	40600	23.995020	100.0000
59474	36.0539	12.7365	57400	259.855572	100.0000
49668	40.4504	218.7373	1106000	326.608367	100.0000
38514	80.7832	19.4100	196000	498.036984	100.0000
41276	72.1289	104.0359	938000	813.888177	100.0000
38300	66.6378	10.2524	85400	885.523590	100.0000
57292	53.5732	9.6167	64400	922.406113	100.0000
54472	15.2104	8.8361	16800	940.851745	100.0000
57568	72.8373	13.6853	124600	1011.396404	100.0000
52534	28.3094	3.9563	14000	1078.267770	100.0000
35878	74.6491	1.9505	18200	1118.996918	100.0000
46664	93.3548	22.4349	261800	1119.351751	100.0000
56272	6.9737	24.0907	21000	1122.074722	100.0000
33466	49.2208	29.3535	180600	1123.339232	100.0000
57704	39.4332	13.6332	67200	1191.207000	100.0000
52100	49.8461	88.5285	551600	1228.099197	100.0000
58740	88.6594	45.7300	506800	1305.767249	100.0000
50020	56.6289	23.5357	166600	1325.588700	100.0000
39764	87.2447	2.9526	32200	1430.389003	100.0000
55612	6.4846	31.0893	25200	1458.437407	100.0000
33528	31.3283	14.6577	57400	1628.606703	100.0000
36116	49.0800	9.8126	60200	1648.789329	100.0000
46272	92.1831	36.2062	417200	1722.355159	100.0000
46544	50.4270	347.5916	2191000	1798.669036	100.0000
34106	64.2331	11.1594	89600	36.345205	100.0000
48684	51.9132	5.6094	36400	56.026362	100.0000
40424	86.4092	73.7514	796600	67.663314	100.0000
33346	66.3335	4.5588	37800	160.153674	100.0000
59790	8.4708	23.7993	25200	244.240228	100.0000
45332	43.6468	92.8912	506800	247.637817	100.0000
40902	83.3088	51.8937	540400	311.931031	100.0000
58190	59.2491	4.3477	32200	343.734029	100.0000
35672	76.7814	44.9275	431200	380.019407	100.0000
33814	93.3890	4.4374	51800	411.385616	100.0000
45532	62.3720	1.9752	15400	447.168410	100.0000
57782	45.7812	2.6911	15400	546.642830	100.0000
46516	33.8160	373.9296	1580600	550.400778	100.0000
43556	69.1924	73.6497	637000	646.052424	100.0000
33448	94.9460	24.1822	287000	714.805797	100.0000
44076	76.4023	163.0108	1556800	918.233659	100.0000
37142	93.7569	217.1744	2545200	1014.948906	100.0000
46302	95.6950	4.4475	53200	1154.440553	100.0000
56138	29.9402	72.9454	273000	1219.542260	100.0000
57636	52.2439	6.0026	39200	1241.546479	100.0000
59118	75.1193	14.3132	134400	1252.571057	100.0000
40434	94.0646	31.3147	368200	1397.520776	100.0000
37556	16.9607	69.9970	148400	1460.423462	100.0000
39288	37.1748	5.1217	23800	1510.201705	100.0000
34774	95.2164	21.6433	257600	1548.553182	100.0000
59284	34.6153	16.1778	70000	1581.106895	100.0000
45978	94.2791	110.7181	1304800	1583.682057	100.0000
42810	32.9087	2.3823	9800	1701.378216	100.0000
48706	31.6440	3.1854	12600	26.423419	100.0000
45316	79.1729	87.2824	863800	125.550029	100.0000
32778	57.3953	1.3660	9800	288.638332	100.0000
44040	89.2093	158.1897	1764000	336.908382	100.0000
60190	62.1613	16.2159	126000	375.834757	100.0000
33204	5.6853	133.9598	95200	506.654083	100.0000
35176	51.2075	3.0621	19600	522.113095	100.0000
41400	25.3530	334.4142	1059800	565.845903	100.0000
57364	26.6383	640.7627	2133600	568.339240	100.0000
54600	69.4656	54.1736	470400	772.618610	100.0000
42092	82.4798	9.0980	93800	1088.110783	100.0000
52458	62.4825	11.2928	88200	1100.335111	100.0000
42206	68.9973	20.2906	175000	1166.565122	100.0000
45528	58.9800	90.7698	669200	1206.776795	100.0000
42804	33.1131	3.3823	14000	1455.484669	100.0000
36638	54.2038	11.3645	77000	1540.759489	100.0000
50350	66.8731	17.7530	148400	1703.522844	100.0000
45954	43.8442	2.0436	11200	91.361922	100.0000
48856	20.0253	400.4529	1002400	154.445717	100.0000
56842	91.7756	80.6663	925400	200.161594	100.0000
53210	48.1446	8.3748	50400	222.431211	100.0000
59014	90.5326	1.2371	14000	517.250460	100.0000
35070	19.8645	20.2976	50400	549.600390	100.0000
41286	45.8445	6.5962	37800	621.929531	100.0000
41384	49.3282	37.9174	233800	630.109622	100.0000
38436	94.1897	193.5838	2279200	633.872678	100.0000
58192	86.2177	34.4245	371000	820.275679	100.0000
43054	70.5020	16.5215	145600	821.487148	100.0000
55814	96.7369	2.5471	30800	837.621526	100.0000
46086	65.2734	19.2176	156800	986.899436	100.0000
55242	37.4230	13.1684	61600	988.118841	100.0000
56254	80.6073	132.1370	1331400	990.402264	100.0000
55580	47.4698	2.3594	14000	1034.979259	100.0000
42358	66.1041	1.1860	9800	1048.471396	100.0000
57730	39.5908	78.0787	386400	1128.876939	100.0000
53130	82.8207	167.9581	1738800	1224.708799	100.0000
57976	90.3035	5.0851	57400	1311.185249	100.0000
56972	25.0775	327.3690	1026200	1315.507463	100.0000
58162	90.6078	6.1805	70000	1441.750732	100.0000
50710	95.3837	65.2858	778400	1454.033595	100.0000
46764	50.4039	2.2221	14000	1585.266428	100.0000
54456	89.0149	109.5906	1219400	1623.895028	100.0000
39336	92.9944	146.5722	1703800	1625.725400	100.0000
37610	61.6772	62.1040	478800	1645.421249	100.0000
42658	92.7572	191.7437	2223200	1666.749299	100.0000
54514	46.2379	5.5712	32200	1682.411277	100.0000
49742	88.7656	45.5492	505400	34.561310	100.0000
52634	30.3579	106.6212	404600	223.827513	100.0000
41816	93.6421	65.1844	763000	275.944794	100.0000
41486	44.9644	130.2721	732200	279.463758	100.0000
57950	39.6228	2.5440	12600	415.297145	100.0000
58310	24.4386	346.0100	1057000	441.490283	100.0000
36340	45.9843	47.0074	270200	447.430810	100.0000
58498	92.5869	15.2419	176400	548.092581	100.0000
45240	60.2044	9.4877	71400	878.728647	100.0000
47116	22.9805	471.7733	1355200	926.517095	100.0000
48234	38.1437	3.8171	18200	939.323369	100.0000
35144	37.8360	5.0322	23800	942.829068	100.0000
53872	74.0345	4.0846	37800	1211.077008	100.0000
55690	52.8774	24.5700	162400	1313.745799	100.0000
37610	37.7636	24.3197	114800	1414.510354	100.0000
35854	34.6797	68.1436	295400	1515.635291	100.0000
42384	78.5112	1.5692	15400	1521.634802	100.0000
39112	76.9128	1.6018	15400	1540.693885	100.0000
53692	32.5461	193.3993	786800	1586.564428	100.0000
36960	55.4609	4.6447	32200	1649.491411	100.0000
39344	87.6143	5.4968	60200	1693.382129	100.0000
35672	46.5956	35.3338	205800	1.143740	100.0000
60246	79.8375	152.7703	1524600	165.208007	100.0000
39366	90.5667	245.6002	2780400	358.400291	100.0000
55262	77.2831	17.3906	168000	447.146858	100.0000
37968	40.0660	5.8703	29400	612.986370	100.0000
34206	39.3742	2.2756	11200	687.105600	100.0000
46052	50.6335	4.4239	28000	765.641549	100.0000
58976	48.4493	253.8241	1537200	843.372330	100.0000
44526	85.5487	30.8970	330400	1006.096566	100.0000
57474	88.9459	10.7031	119000	1024.994474	100.0000
39540	28.5845	421.9912	1507800	1032.162274	100.0000
53752	47.0171	6.6699	39200	1075.057669	100.0000
36180	62.6927	62.1699	487200	1134.788041	100.0000
57960	52.9177	22.0115	145600	1146.430840	100.0000
40210	8.5602	23.5508	25200	1296.410991	100.0000
48714	14.3221	362.0699	648200	1468.951723	100.0000
44936	16.2540	206.0291	418600	1469.740523	100.0000
39062	95.3350	44.5251	530600	1550.887987	100.0000
47376	59.9284	15.1381	113400	1561.867991	100.0000
36438	82.4165	2.8538	29400	1670.828310	100.0000
57106	37.1882	11.4445	53200	1738.845171	100.0000
39376	85.7457	154.9140	1660400	30.149611	100.0000
39030	99.3765	1.0143	12600	41.498446	100.0000
59624	84.5969	3.5746	37800	202.672441	100.0000
38380	76.9373	4.5128	43400	254.167774	100.0000
51804	90.7479	4.0728	46200	465.598059	100.0000
35484	90.5941	14.8354	168000	523.171593	100.0000
38620	30.8241	330.2871	1272600	709.515234	100.0000
37512	41.1387	415.4532	2136400	856.554307	100.0000
34908	20.2429	176.4960	446600	889.033053	100.0000
57746	37.4119	6.8855	32200	986.377586	100.0000
35494	20.7797	347.1074	901600	1066.655511	100.0000
44880	47.8478	1.8726	11200	1079.957156	100.0000
39258	50.6166	1.7702	11200	1221.897157	100.0000
55182	65.2964	117.3235	957600	1225.470056	100.0000
39190	71.9588	12.2959	110600	1265.164351	100.0000
57090	56.9831	7.0758	50400	1330.070532	100.0000
44432	77.9917	1.0052	9800	1352.679160	100.0000
53100	43.0531	2.0812	11200	1640.859891	100.0000
53224	69.4294	40.9740	355600	1694.651309	100.0000
33244	40.7230	13.7515	70000	1727.798488	100.0000
41414	39.2817	4.8470	23800	91.277138	100.0000
42004	37.8993	5.3194	25200	98.025589	100.0000
53724	78.7875	69.6557	686000	350.795878	100.0000
34812	73.2331	74.4800	681800	356.887863	100.0000
57708	83.5841	26.3974	275800	411.928117	100.0000
50850	37.7627	10.9738	51800	561.818429	100.0000
40664	92.3885	172.1426	1988000	666.691158	100.0000
44662	49.1085	1.5965	9800	1020.745780	100.0000
41866	77.6357	142.5324	1383200	1117.297239	100.0000
41096	36.9012	2.7316	12600	1150.613030	100.0000
35664	22.4824	225.1717	632800	1270.769286	100.0000
54012	94.6687	19.6390	232400	1402.208880	100.0000
51942	90.5834	7.2949	82600	1415.981698	100.0000
54240	31.3021	3.9358	15400	1437.232344	100.0000
38700	70.5556	306.8445	2706200	1497.046259	100.0000
33106	47.9662	12.6089	75600	1550.256331	100.0000
36506	27.3888	356.9921	1222200	1733.412715	100.0000
40326	39.7497	12.3976	61600	29.859860	100.0000
54052	62.7246	243.3750	1908200	237.885748	100.0000
58534	34.8826	7.7059	33600	266.580379	100.0000
41186	79.3772	118.0994	1171800	333.393462	100.0000
45480	94.8071	45.9544	544600	386.398069	100.0000
37942	63.7051	69.2692	551600	558.450110	100.0000
35536	88.8187	56.8709	631400	882.820688	100.0000
49380	69.9263	23.2244	203000	903.482808	100.0000
46442	15.4828	12.2975	23800	1063.627883	100.0000
57354	89.8752	235.0283	2640400	1169.155482	100.0000
58256	43.0548	3.1216	16800	1274.056269	100.0000
60580	55.7865	3.2122	22400	1310.819905	100.0000
38620	78.1054	1.0038	9800	1313.785320	100.0000
39066	17.8619	250.1855	558600	1406.279366	100.0000
39704	31.5490	4.6150	18200	1421.005041	100.0000
34998	48.4812	8.7787	53200	1448.501593	100.0000
39068	47.7632	75.0368	448000	1526.866030	100.0000
53846	51.0608	14.4769	92400	1527.846406	100.0000
55874	33.2117	41.4794	172200	1619.050809	100.0000
56244	38.0482	2.0605	9800	1724.439160	100.0000
57044	81.0548	29.0174	294000	33.292997	100.0000
40128	65.2342	208.2588	1698200	43.481904	100.0000
46288	54.2919	72.6149	492800	216.510684	100.0000
36996	75.5862	19.8555	187600	237.875921	100.0000
52444	18.4902	87.8303	203000	244.256339	100.0000
54558	36.4183	11.6864	53200	325.853052	100.0000
47024	16.7916	15.3410	32200	552.903937	100.0000
40076	90.7968	3.3305	37800	585.493216	100.0000
50792	36.8250	7.2994	33600	756.089879	100.0000
40406	61.7593	27.0210	208600	772.356794	100.0000
40118	39.1190	97.6303	477400	841.091140	100.0000
43810	67.6269	3.3123	28000	906.269464	100.0000
39790	38.6232	37.4075	180600	924.900161	100.0000
42936	59.1138	11.3679	84000	1117.083163	100.0000
48426	24.6654	690.1965	2128000	1158.722201	100.0000
37746	38.7022	3.1833	15400	1160.373728	100.0000
58178	92.5655	51.1811	592200	1177.887571	100.0000
47776	51.2894	6.9878	44800	1301.470140	100.0000
49846	35.0930	33.5109	147000	1465.554620	100.0000
44634	95.2449	41.7450	497000	1553.613840	100.0000
53834	67.4995	64.2138	541800	1563.776116	100.0000
56530	24.1820	118.1041	357000	1599.066332	100.0000
45290	91.2031	2.2105	25200	1633.292806	100.0000
49432	30.4839	2.5718	9800	1668.433107	100.0000
53022	94.3264	15.9107	187600	1675.679070	100.0000
52268	87.1594	33.5386	365400	1714.331942	100.0000
37496	32.5676	3.7829	15400	9.038497	100.0000
42852	42.4361	69.4126	368200	11.872626	100.0000
49750	37.0383	105.2316	487200	86.628523	100.0000
52036	71.5855	1.0952	9800	171.194462	100.0000
49234	93.9530	13.2321	155400	199.394324	100.0000
36164	86.1716	11.4376	123200	320.226357	100.0000
59330	94.3697	16.2595	191800	574.985032	100.0000
36462	47.6068	312.4261	1859200	580.804778	100.0000
36144	88.3693	43.4721	480200	806.880402	100.0000
60622	72.2464	1.3952	12600	863.009936	100.0000
49676	78.8769	15.7613	155400	957.904465	100.0000
52678	52.1963	10.0850	65800	1051.707472	100.0000
60914	54.4059	6.1758	42000	1075.322907	100.0000
35162	93.1163	7.9385	92400	1181.335595	100.0000
33462	76.8468	2.0404	19600	1260.150816	100.0000
51896	17.9508	21.8374	49000	1274.091841	100.0000
34650	71.7358	59.1727	530600	1309.510473	100.0000
56758	43.7847	104.8769	574000	1310.443532	100.0000
47396	70.6358	11.8920	105000	1326.651049	100.0000
50748	54.0916	11.3881	77000	1399.530475	100.0000
54512	40.4391	182.5162	922600	1481.120719	100.0000
46306	93.7806	152.7480	1790600	1504.476753	100.0000
54548	79.0200	0.9922	9800	281.311207	100.0000
43280	22.2081	539.1176	1496600	396.967003	100.0000
46440	15.5010	15.1732	29400	475.019235	100.0000
48990	52.2790	78.4101	512400	483.909012	100.0000
48224	46.9017	8.3579	49000	564.798671	100.0000
38708	25.9569	81.9820	266000	571.486330	100.0000
50382	93.7813	15.1672	177800	662.108232	100.0000
34240	93.8023	127.9969	1500800	823.735688	100.0000
55638	61.9509	6.5084	50400	831.863720	100.0000
46296	72.2988	75.9072	686000	833.605015	100.0000
56884	94.3106	226.5874	2671200	916.845227	100.0000
59862	48.6294	1.6122	9800	968.009587	100.0000
53338	63.1392	2.1286	16800	1093.440993	100.0000
35538	39.8727	34.2691	170800	1252.716207	100.0000
60090	51.3987	172.3623	1107400	1394.156859	100.0000
60196	74.4036	83.2433	774200	1444.902957	100.0000
34048	38.8384	2.5954	12600	1613.338939	100.0000
52000	30.7855	4.3657	16800	1767.876229	100.0000
54406	88.5254	93.6229	1036000	27.707579	100.0000
58460	52.2160	8.3652	54600	145.909590	100.0000
39842	40.1198	116.9695	586600	214.100272	100.0000
54974	95.4458	103.6148	1236200	256.284863	100.0000
48554	66.7819	299.8659	2503200	317.384468	100.0000
43918	83.8808	3.2045	33600	401.361307	100.0000
39384	34.4341	60.4982	260400	407.000693	100.0000
59820	65.3616	1.5422	12600	428.161776	100.0000
56574	32.5247	240.0146	975800	443.591945	100.0000
60860	95.5008	251.6753	3004400	535.122635	100.0000
52170	82.0673	3.2754	33600	548.405329	100.0000
53082	79.7600	1.8255	18200	575.988226	100.0000
42052	53.3379	103.5210	690200	591.617594	100.0000
38012	23.9595	17.2959	51800	701.558348	100.0000
54362	68.9677	115.6252	996800	794.554810	100.0000
46766	54.9817	2.0370	14000	843.593279	100.0000
44364	80.6146	276.0591	2781800	857.038995	100.0000
43620	43.5619	2.8282	15400	982.636516	100.0000
44018	69.3741	1.4530	12600	984.478968	100.0000
48984	88.2637	20.0490	221200	1022.061094	100.0000
33360	75.7728	266.6496	2525600	1159.581978	100.0000
54886	35.3406	3.8030	16800	1170.164434	100.0000
49832	44.5038	503.0758	2798600	1227.654894	100.0000
42206	19.4091	145.4162	352800	1233.210433	100.0000
40526	72.5483	8.0277	72800	1300.877140	100.0000
42012	52.2141	7.0785	46200	1417.840331	100.0000
53030	16.3047	242.4820	494200	1425.189404	100.0000
43866	47.0764	26.4082	155400	1435.230418	100.0000
38074	57.6120	140.5540	1012200	1514.786132	100.0000
40382	70.8595	2.2128	19600	1552.492036	100.0000
42166	86.2458	1.1688	12600	1575.800139	100.0000
55258	74.8920	210.2656	1968400	1580.119377	100.0000
57444	88.8942	114.9052	1276800	1601.020038	100.0000
48962	91.7960	13.2991	152600	1619.831472	100.0000
48862	92.0598	9.4895	109200	1659.445155	100.0000
50210	56.8692	23.2393	165200	1686.212963	100.0000
56792	95.2280	73.1550	870800	1699.020162	100.0000
53108	95.2032	110.2316	1311800	1782.081841	100.0000
43068	26.3504	36.5535	120400	1785.739765	100.0000
59274	45.1122	31.5303	177800	12.243346	100.0000
46224	42.5762	9.9962	53200	62.917970	100.0000
42170	48.0359	26.5801	159600	110.165626	100.0000
36420	52.8831	5.2947	35000	415.806732	100.0000
34706	67.6078	9.7740	82600	623.365187	100.0000
49782	58.7227	7.0569	51800	669.127878	100.0000
56996	14.8126	176.9302	327600	769.444676	100.0000
36890	30.0760	483.3628	1817200	847.923096	100.0000
48510	64.5479	88.1454	711200	866.535307	100.0000
47118	53.3012	56.1038	373800	898.052966	100.0000
47662	41.4097	2.7047	14000	1010.612322	100.0000
50486	36.3572	2.4644	11200	1127.398967	100.0000
47692	32.8069	215.7598	884800	1245.787083	100.0000
38068	27.8729	69.9174	243600	1300.161927	100.0000
48298	31.4577	27.0585	106400	1337.803047	100.0000
32808	69.5208	30.2873	263200	1350.000480	100.0000
37062	30.2806	74.3445	281400	1387.870819	100.0000
36208	17.9209	107.4949	240800	1388.699964	100.0000
39204	24.1950	33.7920	102200	1498.752927	100.0000
43412	72.1880	16.7562	151200	1513.710841	100.0000
50848	95.2770	171.1557	2038400	1558.169616	100.0000
35400	14.3309	340.7457	610400	1566.289971	100.0000
38026	92.5436	56.0341	648200	1619.924213	100.0000
46328	94.4404	216.0769	2550800	1666.979312	100.0000
60326	80.2461	2.6518	26600	1693.763968	100.0000
60984	40.4357	5.5397	28000	1727.026216	100.0000
59534	95.1766	23.6529	281400	96.393295	100.0000
50232	3.2233	253.6519	102200	173.725615	100.0000
54806	51.9266	8.8433	57400	462.136100	100.0000
55140	26.4497	41.9211	138600	524.615604	100.0000
37074	17.8979	113.2649	253400	557.454267	100.0000
48666	43.5476	198.2935	1079400	585.901242	100.0000
46682	61.5130	8.0113	61600	615.281476	100.0000
45318	62.3988	190.2600	1484000	759.549946	100.0000
58576	34.3022	4.8977	21000	823.873094	100.0000
48036	90.5962	58.8457	666400	825.012462	100.0000
50786	86.8137	240.9942	2615200	912.213172	100.0000
45524	37.4568	204.5237	957600	1144.173667	100.0000
56150	43.2344	405.4177	2191000	1227.801863	100.0000
56278	66.3997	198.1935	1645000	1264.043012	100.0000
48252	95.5993	164.0179	1960000	1277.500034	100.0000
46896	70.5324	87.9709	775600	1319.637562	100.0000
55564	13.5479	10.7470	18200	1347.369976	100.0000
53538	30.9834	5.0608	19600	1358.186440	100.0000
41764	19.4479	346.1153	841400	1395.713367	100.0000
53336	95.5071	157.9610	1885800	1424.169617	100.0000
54156	39.2502	21.1158	103600	1747.993432	100.0000
55168	26.9491	552.3292	1860600	259.992552	100.0000
33820	52.5568	250.1827	1643600	324.229324	100.0000
41974	94.0283	72.3017	849800	331.047034	100.0000
52260	81.4424	4.2631	43400	408.572806	100.0000
53882	30.6037	167.9799	642600	409.867077	100.0000
39008	92.9113	10.2463	119000	423.047644	100.0000
43662	20.7635	35.0615	91000	448.305726	100.0000
57422	91.4035	66.0456	754600	620.019205	100.0000
48450	93.8262	37.7208	442400	627.947760	100.0000
41480	94.4967	23.7045	280000	649.907802	100.0000
55382	41.9756	23.7472	124600	748.403987	100.0000
34388	68.6412	231.0449	1982400	867.998266	100.0000
44862	55.0761	25.8261	177800	881.251624	100.0000
57954	17.0373	17.0919	36400	943.870815	100.0000
38308	93.2885	244.0773	2846200	1099.487826	100.0000
50480	91.3063	67.9559	775600	1165.136545	100.0000
41058	90.2432	252.9344	2853200	1169.113971	100.0000
58908	93.5044	32.3407	378000	1408.364071	100.0000
33284	10.3176	123.7494	159600	1459.057262	100.0000
57036	15.0552	11.1590	21000	1473.570844	100.0000
50166	26.6419	120.6523	401800	1517.513088	100.0000
53986	80.5319	14.3248	144200	1770.750683	100.0000
34174	90.3795	228.3880	2580200	1785.653086	100.0000
34814	41.0331	10.9180	56000	78.852346	100.0000
53546	48.4705	10.1670	61600	113.295819	100.0000
50440	41.5766	231.9383	1205400	276.640451	100.0000
41262	34.6614	136.6825	592200	376.226322	100.0000
42458	42.0280	401.0662	2107000	483.425389	100.0000
44772	12.2063	13.7633	21000	634.980616	100.0000
33922	89.8859	51.9592	583800	654.153545	100.0000
41008	43.6756	6.6673	36400	772.548485	100.0000
58850	78.0595	42.1832	411600	815.557056	100.0000
51474	68.2455	13.4573	114800	915.493238	100.0000
41692	37.7743	2.0755	9800	933.323421	100.0000
47994	45.9070	28.0567	161000	1181.187820	100.0000
44922	57.9669	51.3948	372400	1477.882311	100.0000
34724	90.5688	52.4331	593600	1622.877370	100.0000
55652	60.6465	44.8765	340200	1631.582168	100.0000
51356	51.2337	5.4652	35000	1672.072098	100.0000
47640	46.3022	7.9823	46200	1725.527532	100.0000
50888	48.2298	8.5922	51800	1747.820375	100.0000
55246	24.8179	49.6416	154000	63.671138	100.0000
58386	52.1477	43.1697	281400	192.715552	100.0000
55190	35.2605	6.0351	26600	347.954140	100.0000
53646	62.8668	1.9597	15400	354.019821	100.0000
35728	69.9487	79.5783	695800	356.784976	100.0000
55032	95.2726	110.7391	1318800	390.090210	100.0000
44792	65.6969	236.4558	1941800	727.241703	100.0000
51962	60.2695	4.0883	30800	738.130409	100.0000
36330	73.7882	21.5536	198800	751.816278	100.0000
58996	30.3149	500.2428	1895600	858.075158	100.0000
36774	64.5155	1.5624	12600	861.063441	100.0000
39646	46.9601	6.4395	37800	959.252335	100.0000
53934	71.2509	4.8729	43400	1216.114414	100.0000
32998	31.2993	412.5838	1614200	1240.280003	100.0000
37074	21.2093	6.3368	16800	1484.338548	100.0000
52974	56.7675	127.8477	907200	1522.820869	100.0000
48628	88.5283	3.9219	43400	1564.745232	100.0000
58054	92.4203	2.4237	28000	1684.796391	100.0000
44480	91.3130	105.7286	1206800	1765.665941	100.0000
50272	35.9347	7.1686	32200	31.037702	100.0000
55512	44.3251	60.6428	336000	59.835760	100.0000
54156	93.5917	4.7867	56000	200.269072	100.0000
37114	25.4714	221.6135	705600	205.123580	100.0000
60274	74.5173	8.7174	81200	239.286884	100.0000
34062	50.8355	67.1971	427000	294.211385	100.0000
45898	85.3405	134.1263	1430800	385.627989	100.0000
55110	83.2920	26.3555	274400	693.139512	100.0000
56958	35.3542	4.4351	19600	696.553867	100.0000
43388	95.0214	59.9949	712600	743.037472	100.0000
38106	89.6924	66.5564	746200	822.672208	100.0000
46986	36.8896	3.6433	16800	1086.211988	100.0000
47702	22.3294	222.7014	621600	1091.599669	100.0000
38660	41.2882	2.4414	12600	1100.752197	100.0000
50606	82.7768	222.3038	2300200	1134.435838	100.0000
51194	33.7892	37.4558	158200	1155.102982	100.0000
36164	29.9042	4.4944	16800	1167.763075	100.0000
59426	36.3360	44.3858	201600	1312.050710	100.0000
59850	82.7173	24.1014	249200	1326.166800	100.0000
53464	83.7510	3.0758	32200	1344.557054	100.0000
45882	62.0198	1.4447	11200	1354.828941	100.0000
34456	43.5780	187.1035	1019200	1390.172365	100.0000
58050	66.2408	13.3573	110600	1501.688790	100.0000
39338	35.3531	308.5671	1363600	1584.649621	100.0000
60348	74.5126	1.8037	16800	1663.201257	100.0000
38796	80.9756	1.6598	16800	1740.687055	100.0000
49688	20.1643	143.8584	362600	63.338060	100.0000
55858	62.8639	377.7046	2968000	140.462424	100.0000
33164	9.7910	13.7269	16800	180.700823	100.0000
56234	80.3354	1.8124	18200	209.531498	100.0000
33422	77.3756	3.0397	29400	236.933326	100.0000
38444	34.3250	424.5063	1821400	241.069923	100.0000
34130	39.7552	2.2538	11200	319.142630	100.0000
35254	24.9466	70.9354	221200	507.170820	100.0000
33158	23.4352	662.3894	1940400	573.647703	100.0000
52928	95.0409	48.1982	572600	584.620089	100.0000
52596	39.6659	8.1884	40600	1048.104000	100.0000
57814	38.6098	2.0306	9800	1156.782213	100.0000
34488	94.2700	239.6350	2823800	1198.433408	100.0000
58316	77.1597	6.6771	64400	1216.707369	100.0000
36034	50.1630	2.0094	12600	1242.216020	100.0000
36646	78.6999	1.8501	18200	1295.883093	100.0000
52814	80.3476	12.8243	128800	1386.009455	100.0000
49316	38.8338	46.1453	224000	1444.580942	100.0000
43528	34.5027	4.2200	18200	1452.480498	100.0000
47830	61.3425	11.8678	91000	1502.831386	100.0000
49546	63.7259	1.7575	14000	1568.115892	100.0000
44668	43.1535	85.9073	463400	1659.717579	100.0000
36246	89.1903	1.5069	16800	1755.053551	100.0000
38036	95.0396	56.3302	669200	135.326522	100.0000
59014	95.2348	79.0299	940800	353.822309	100.0000
56016	94.9243	41.8860	497000	465.144404	100.0000
34962	91.5338	14.3160	163800	803.368271	100.0000
49390	64.9649	3.1032	25200	818.372467	100.0000
59352	46.1529	2.1840	12600	857.772771	100.0000
47774	35.6043	2.8311	12600	1010.415044	100.0000
42034	34.7873	101.0945	439600	1051.554664	100.0000
49818	57.2380	7.4356	53200	1172.282393	100.0000
48422	53.3771	4.4064	29400	1188.186917	100.0000
37994	95.5088	3.7525	44800	1228.289667	100.0000
56420	31.5075	11.3751	44800	1391.757114	100.0000
39676	95.4759	62.2901	743400	1398.309993	100.0000
45038	11.5737	13.5479	19600	1436.201391	100.0000
44810	31.6521	11.3231	44800	1442.511730	100.0000
52762	19.0406	121.1726	288400	1486.781726	100.0000
38580	81.4885	3.0237	30800	1755.290866	100.0000
53822	59.8802	42.2711	316400	432.071454	100.0000
50554	66.9718	1.3379	11200	436.941964	100.0000
52062	23.8697	40.3524	120400	438.989865	100.0000
37848	92.2504	99.5551	1148000	633.374544	100.0000
44614	79.3914	0.9875	9800	771.465988	100.0000
60608	66.8227	1.3409	11200	924.734647	100.0000
48426	65.3479	9.4265	77000	984.991010	100.0000
48460	32.3472	4.8474	19600	1010.094842	100.0000
56014	85.3848	26.6277	284200	1041.580186	100.0000
48880	92.6374	7.2541	84000	1061.105387	100.0000
46292	55.3347	2.2265	15400	1242.175213	100.0000
43576	34.6787	24.2224	105000	1295.990323	100.0000
40082	22.3445	39.0970	109200	1358.348035	100.0000
35884	8.0328	1246.4914	1251600	1463.139947	100.0000
48534	33.5847	48.6888	204400	1482.098086	100.0000
40358	80.4798	70.8352	712600	1627.181711	100.0000
55042	47.3989	25.9922	154000	1688.016678	100.0000
51564	86.9555	235.4493	2559200	1701.637402	100.0000
34948	80.8182	3.4646	35000	1793.826542	100.0000
57432	17.4519	825.9519	1801800	47.948549	100.0000
38686	95.3632	67.6488	806400	209.177918	100.0000
43144	39.8401	397.7905	1981000	348.156600	100.0000
55976	51.9689	53.0163	344400	569.736652	100.0000
51354	13.8271	54.2702	93800	754.373366	100.0000
33500	44.7841	6.2522	35000	911.745934	100.0000
50804	65.1317	2.0635	16800	975.145476	100.0000
54186	95.3592	250.8745	2990400	1173.951937	100.0000
38634	31.9599	87.9601	351400	1187.138050	100.0000
57836	93.7515	34.7643	407400	1275.745723	100.0000
59236	71.9621	81.3984	732200	1398.578866	100.0000
56534	72.2305	17.8318	161000	1572.747255	100.0000
46586	45.8641	2.9304	16800	1651.188628	100.0000
50722	88.9869	5.0345	56000	1778.674930	100.0000
41518	20.5354	15.8166	40600	13.125752	100.0000
60214	83.0957	161.6065	1678600	59.093359	100.0000
41422	71.8795	14.4909	130200	105.408769	100.0000
54184	87.2089	75.5152	823200	133.331175	100.0000
48272	42.1133	373.3929	1965600	174.902463	100.0000
34754	16.8970	23.8622	50400	207.051817	100.0000
58998	36.7284	3.9642	18200	237.798698	100.0000
39766	93.4822	3.2348	37800	260.869664	100.0000
56882	20.0036	125.9771	315000	285.431991	100.0000
46842	94.0479	9.5271	112000	323.348769	100.0000
48576	89.9178	3.6122	40600	533.904668	100.0000
60142	24.3094	17.5076	53200	706.774423	100.0000
51446	44.3309	36.1283	200200	758.079134	100.0000
35214	59.8156	25.2777	189000	887.950419	100.0000
38826	73.8101	1.0622	9800	976.559877	100.0000
38106	45.6499	5.1523	29400	1035.106592	100.0000
34554	65.5078	1.7097	14000	1074.760144	100.0000
52216	89.9387	123.4085	1387400	1084.234057	100.0000
39212	36.0385	2.1755	9800	1164.732192	100.0000
32932	51.1771	2.8450	18200	1297.241280	100.0000
46024	46.4595	420.1852	2440200	1303.065038	100.0000
60316	58.9301	94.8378	698600	1418.916553	100.0000
44300	14.1611	10.2817	18200	1519.218969	100.0000
33424	41.9556	2.4025	12600	1522.843760	100.0000
52404	71.3373	1.4130	12600	1531.824319	100.0000
50770	19.1602	11.1064	26600	1641.442205	100.0000
34448	53.9715	22.2043	149800	304.335397	100.0000
45470	71.5276	261.1802	2335200	437.488952	100.0000
33352	14.6906	16.7726	30800	503.696953	100.0000
50836	28.3325	15.4169	54600	511.279629	100.0000
49516	23.8315	345.4248	1029000	554.016677	100.0000
44896	32.4435	3.1069	12600	555.933536	100.0000
33682	42.6916	4.1975	22400	671.950385	100.0000
44730	30.3921	19.1629	72800	744.132053	100.0000
38724	62.8816	2.8498	22400	755.517947	100.0000
55134	62.3174	77.6412	604800	931.576395	100.0000
35074	61.4118	14.7724	113400	1014.060644	100.0000
55300	61.4990	91.2405	701400	1137.644326	100.0000
48004	29.0283	168.6079	611800	1152.910463	100.0000
33140	50.5838	1.7713	11200	1268.549331	100.0000
60982	43.0919	448.6044	2416400	1364.510622	100.0000
35784	18.8954	23.7094	56000	1370.866592	100.0000
37322	52.3913	7.2684	47600	1418.350455	100.0000
34492	6.0035	175.3633	131600	1531.437410	100.0000
57234	94.3517	12.7014	149800	1558.372947	100.0000
49378	95.3664	55.6674	663600	1604.024865	100.0000
58634	53.8287	122.1356	821800	1727.487680	100.0000
44354	94.3447	216.0588	2548000	1763.806205	100.0000
44438	23.0388	27.2236	78400	14.163932	100.0000
39332	92.7518	13.2828	154000	148.979154	100.0000
49416	49.4997	6.7879	42000	158.985878	100.0000
40154	72.0608	1.3988	12600	210.978228	100.0000
45874	47.3968	4.4898	26600	313.681035	100.0000
33762	47.2355	11.3813	67200	465.942452	100.0000
50930	92.7476	149.4982	1733200	537.332309	100.0000
36152	46.9329	67.7734	397600	626.215374	100.0000
47018	69.6305	107.9297	939400	815.767895	100.0000
37074	81.0732	39.6481	401800	825.708347	100.0000
59834	14.2449	11.0075	19600	857.246052	100.0000
52840	89.4784	3.0041	33600	926.087240	100.0000
37704	20.5774	91.9843	236600	950.178360	100.0000
56826	68.3703	276.6815	2364600	1130.379207	100.0000
57984	72.6596	11.5608	105000	1172.181659	100.0000
51062	93.4104	16.6662	194600	1204.749697	100.0000
49084	38.7215	24.8751	120400	1205.695053	100.0000
45988	59.1092	1.3264	9800	1229.849689	100.0000
41698	36.9006	3.0352	14000	1259.655858	100.0000
33978	31.5096	17.4169	68600	1268.859148	100.0000
34134	93.1410	20.6826	240800	1369.578108	100.0000
41036	15.1823	50.1638	95200	1381.677511	100.0000
54290	47.5691	30.6081	182000	1402.984218	100.0000
51092	57.7845	20.1577	145600	1609.068704	100.0000
35700	67.3934	72.1258	607600	210.062479	100.0000
56016	23.8809	27.6707	82600	231.749602	100.0000
57134	82.3707	1.3597	14000	309.052723	100.0000
42052	54.8364	10.6207	72800	630.541839	100.0000
58046	89.6871	59.5671	667800	657.679458	100.0000
41862	71.5953	2.5030	22400	682.972559	100.0000
37904	53.3748	6.2951	42000	729.985620	100.0000
44192	28.5712	32.9282	117600	818.707084	100.0000
36138	89.9840	102.5605	1153600	832.435715	100.0000
50344	93.6419	117.3320	1373400	907.539908	100.0000
49252	27.1279	3.7157	12600	986.974388	100.0000
56198	87.8968	10.1938	112000	1116.562906	100.0000
53682	56.2387	52.3768	368200	1418.552797	100.0000
57224	28.2586	2.7744	9800	1513.546882	100.0000
56572	66.1012	23.0434	190400	1522.985867	100.0000
47824	43.4515	523.7652	2844800	1568.579057	100.0000
45546	67.0799	5.0090	42000	1695.473396	100.0000
57320	58.5159	11.2926	82600	1744.994221	100.0000
51204	38.2741	3.5115	16800	1766.286233	100.0000
37146	95.4106	166.2205	1982400	109.475154	100.0000
60300	42.1253	3.1905	16800	152.931205	100.0000
50932	33.9578	8.9052	37800	177.698390	100.0000
59730	58.5321	1.3394	9800	177.940598	100.0000
45984	35.2446	16.2067	71400	275.984159	100.0000
51038	10.2208	501.8778	641200	299.054909	100.0000
39270	72.6005	1.8512	16800	305.482742	100.0000
54658	66.6621	1.6801	14000	469.721883	100.0000
56568	91.9878	4.0179	46200	570.820783	100.0000
34696	77.1896	14.6548	141400	699.277087	100.0000
55300	41.8255	13.3890	70000	717.817276	100.0000
34112	38.2232	3.5162	16800	783.335070	100.0000
39220	36.8715	5.7714	26600	874.290492	100.0000
57792	94.0417	19.6509	231000	1002.669054	100.0000
54214	64.4381	10.7762	86800	1086.075368	100.0000
40568	81.9923	149.8482	1535800	1086.834317	100.0000
39298	94.7507	6.0285	71400	1194.786443	100.0000
35074	94.6030	11.0102	130200	1194.814568	100.0000
36700	43.2916	6.4678	35000	1444.161854	100.0000
56656	88.9430	1.1333	12600	1462.995756	100.0000
60066	93.3116	20.5248	239400	1507.707178	100.0000
40682	27.1239	16.9297	57400	1561.145856	100.0000
47592	53.1940	10.3170	68600	1666.403710	100.0000
54178	87.5176	150.7536	1649200	1766.488420	100.0000
60420	92.8779	184.1385	2137800	33.756339	100.0000
54060	40.1747	7.2483	36400	36.916930	100.0000
44030	65.1489	1.5472	12600	119.201645	100.0000
49456	38.6200	2.3200	11200	147.867032	100.0000
54576	62.7169	41.0734	322000	150.738661	100.0000
56376	64.6333	100.1589	809200	216.635942	100.0000
55760	62.8534	144.6922	1136800	321.109449	100.0000
51132	50.6887	140.7493	891800	479.796801	100.0000
38144	50.5033	3.1047	19600	514.525141	100.0000
36484	74.4441	156.0151	1451800	551.230607	100.0000
36502	68.1038	11.5118	98000	553.146120	100.0000
52180	34.5817	4.5342	19600	619.584735	100.0000
47204	51.3750	1.5260	9800	737.426293	100.0000
40270	71.6161	22.9892	205800	793.513068	100.0000
57668	86.6780	31.5282	341600	962.681501	100.0000
56202	58.4486	18.9705	138600	1213.148264	100.0000
46160	88.2538	56.2197	620200	1418.075701	100.0000
40612	21.1400	259.0728	684600	1441.629880	100.0000
53634	45.2171	28.4848	161000	1507.192728	100.0000
37338	34.4480	42.5918	183400	1515.727637	100.0000
33764	25.7381	99.2148	319200	1531.251141	100.0000
59250	62.2071	40.3298	313600	1542.828141	100.0000
48098	94.1915	193.1045	2273600	1724.186745	100.0000
47768	93.8230	151.1270	1772400	1761.035781	100.0000
54846	20.4543	150.0318	383600	26.946121	100.0000
37832	93.0141	6.2614	72800	74.896381	100.0000
56390	95.2734	5.1725	61600	80.673013	100.0000
41032	52.5323	163.7392	1075200	81.344786	100.0000
45782	35.8704	573.5755	2571800	134.484799	100.0000
57300	7.9032	25.5085	25200	252.339172	100.0000
51880	90.8165	165.7496	1881600	382.162722	100.0000
53224	43.8173	533.1953	2920400	627.529188	100.0000
42652	33.5737	39.6978	166600	705.950060	100.0000
44366	56.4175	29.1824	205800	712.426908	100.0000
34466	64.3482	227.8354	1832600	819.714051	100.0000
42590	57.7872	13.5670	98000	872.869457	100.0000
55254	86.6117	3.4914	37800	917.517301	100.0000
53260	59.8804	11.0353	82600	986.814785	100.0000
48162	88.9421	2.1407	23800	1194.076023	100.0000
47218	34.2574	85.0035	364000	1382.882215	100.0000
37944	86.4125	31.6251	341600	1504.780420	100.0000
55274	75.6903	140.2769	1327200	1715.643253	100.0000
57906	78.6732	58.5104	575400	1765.944212	100.0000
50200	70.3150	8.6013	75600	1775.055968	100.0000
55442	60.2619	201.0956	1514800	43.455102	100.0000
36324	54.5009	113.8476	775600	76.409013	100.0000
57124	28.0230	49.1596	172200	217.334932	100.0000
53918	93.8598	64.0785	751800	232.673400	100.0000
35250	52.8037	32.2402	212800	234.733085	100.0000
52756	49.8595	35.2671	219800	250.426401	100.0000
40322	35.9236	156.8217	704200	317.359088	100.0000
36640	35.0112	7.3577	32200	412.163521	100.0000
40998	71.5658	1.4085	12600	416.783386	100.0000
34738	13.5961	118.6221	201600	481.459984	100.0000
45898	76.9350	16.5958	159600	495.064531	100.0000
42068	92.7883	16.6573	193200	517.762759	100.0000
33458	58.3720	69.6498	508200	545.654729	100.0000
42910	10.5859	16.9282	22400	546.179338	100.0000
47288	34.8837	23.7590	103600	555.955899	100.0000
45702	90.3148	59.4011	670600	561.894382	100.0000
39056	19.0382	30.5912	72800	737.174190	100.0000
35664	20.0710	76.4485	191800	750.164104	100.0000
49944	81.4786	21.1687	215600	824.402283	100.0000
38434	93.4884	4.4326	51800	845.153230	100.0000
33956	95.3768	118.7207	1415400	929.115530	100.0000
57498	87.0439	49.5382	539000	1036.371402	100.0000
38352	37.4192	3.2924	15400	1085.354826	100.0000
35902	64.6937	2.5969	21000	1212.268464	100.0000
54296	66.1685	2.7082	22400	1349.192867	100.0000
36798	29.2355	422.9377	1545600	1377.210454	100.0000
50280	26.9952	99.1585	334600	1436.876542	100.0000
39604	41.7722	2.6812	14000	1437.130393	100.0000
54706	15.4896	562.5444	1089200	1630.750725	100.0000
44254	81.1899	18.7610	190400	1634.922965	100.0000
48858	77.0928	15.6902	151200	1759.673609	100.0000
35356	38.0746	16.1788	77000	303.675984	100.0000
36216	1.0489	266.9395	35000	555.641697	100.0000
43474	31.8317	6.3333	25200	627.660731	100.0000
37080	93.9813	10.4872	123200	659.831329	100.0000
45978	25.1100	82.0710	257600	774.778723	100.0000
36038	64.8609	13.1235	106400	905.052040	100.0000
51196	25.3333	302.8423	959000	907.881821	100.0000
47820	46.5808	147.1509	856800	1053.055389	100.0000
38348	49.9511	6.5024	40600	1078.845345	100.0000
51642	58.0553	22.9574	166600	1272.727380	100.0000
57378	38.3396	2.3370	11200	1279.034947	100.0000
41888	93.1056	18.1643	211400	1308.855436	100.0000
48882	48.3849	9.0276	54600	1360.161224	100.0000
51244	79.9869	17.6429	176400	1420.345268	100.0000
53826	10.2716	19.6269	25200	1436.787103	100.0000
49828	91.2944	4.1711	47600	1470.661608	100.0000
51564	76.7658	18.5291	177800	1514.716731	100.0000
46692	45.0559	297.5501	1675800	1749.283493	100.0000
45374	49.1705	7.5167	46200	548.577602	100.0000
33024	89.9093	230.3299	2588600	603.235673	100.0000
59810	73.5907	33.1781	305200	689.399924	100.0000
58188	21.6502	125.7080	340200	980.988185	100.0000
56974	46.2210	2.1808	12600	1308.936067	100.0000
57658	93.3123	125.5482	1464400	1326.821818	100.0000
46460	61.6452	2.7253	21000	1363.724983	100.0000
55240	92.8335	133.5553	1549800	1523.858875	100.0000
49636	51.2992	264.3938	1695400	1540.113091	100.0000
40310	90.3507	24.5444	277200	1550.411028	100.0000
51464	86.7354	170.7078	1850800	201.071511	100.0000
46668	95.0548	91.1979	1083600	260.580228	100.0000
47810	95.4153	199.3139	2377200	286.479796	100.0000
59972	51.7639	260.5058	1685600	385.818603	100.0000
40580	93.7040	234.3892	2745400	644.345417	100.0000
50370	22.9900	117.8947	338800	799.964923	100.0000
43424	87.6079	6.1364	67200	800.921183	100.0000
50232	91.0327	200.0511	2276400	877.313124	100.0000
44918	45.2109	3.9636	22400	944.077362	100.0000
48966	46.3020	6.7729	39200	975.289061	100.0000
46006	47.1303	15.2089	89600	1016.250024	100.0000
41828	38.8569	29.4002	142800	1113.350856	100.0000
46512	86.8397	1.9346	21000	1187.507775	100.0000
39494	93.7048	201.1594	2356200	1401.101923	100.0000
50714	47.2362	320.5679	1892800	1472.170667	100.0000
44354	24.2842	8.3017	25200	1544.483312	100.0000
56798	82.9082	1.4860	15400	1548.984472	100.0000
43226	34.2845	438.7294	1880200	1579.021510	100.0000
54420	95.5465	53.6869	641200	1688.322686	100.0000
37810	51.5398	41.2885	266000	1758.883261	100.0000
40666	68.7918	1.1397	9800	1780.647195	100.0000
59538	59.7495	163.2683	1219400	1798.172964	100.0000
33974	90.4696	51.2526	579600	0.767346	100.0000
48836	76.1121	24.8686	236600	29.029911	100.0000
39008	32.3802	11.7603	47600	46.570888	100.0000
49930	90.8533	27.6138	313600	175.874688	100.0000
53922	49.2568	6.8214	42000	356.610919	100.0000
53748	15.5887	73.2838	142800	551.088033	100.0000
41194	40.0193	67.4475	337400	560.626810	100.0000
44678	95.3287	133.7015	1593200	813.168735	100.0000
51940	90.0618	4.7256	53200	910.765288	100.0000
46058	53.4756	17.5931	117600	931.242122	100.0000
56826	85.7245	43.8988	470400	1065.093198	100.0000
43840	69.1019	11.5076	99400	1161.374528	100.0000
52890	94.4747	7.7058	91000	1210.981212	100.0000
41076	24.4608	972.5288	2973600	1225.925281	100.0000
46358	90.5967	53.0350	600600	1253.452207	100.0000
45136	62.0706	12.4503	96600	1255.842106	100.0000
37916	40.5084	1.9354	9800	1270.920336	100.0000
49274	38.6447	20.8670	100800	1312.557492	100.0000
37806	95.6994	0.8192	9800	1350.738089	100.0000
33800	11.8768	248.0119	368200	1482.523895	100.0000
50482	65.0513	12.0520	98000	1762.683364	100.0000
57806	93.3892	155.5468	1815800	82.316585	100.0000
41002	49.1180	6.8407	42000	97.797940	100.0000
60200	24.7520	671.0416	2076200	174.824070	100.0000
51106	56.5461	2.1788	15400	287.389010	100.0000
53072	95.5248	56.5131	674800	299.841084	100.0000
48632	29.2867	5.7364	21000	400.544887	100.0000
40416	51.8477	5.8325	37800	491.750131	100.0000
55876	54.6280	54.1261	369600	586.960352	100.0000
40120	61.5337	10.5568	81200	718.959245	100.0000
38606	72.2119	194.4941	1755600	748.658732	100.0000
37110	67.4430	79.8778	673400	814.326824	100.0000
49872	25.0885	33.4815	105000	920.437328	100.0000
38344	37.2007	124.6428	579600	922.195204	100.0000
45632	27.1337	598.9294	2031400	1015.540006	100.0000
50710	39.3822	12.2289	60200	1166.190084	100.0000
50510	90.6065	55.3779	627200	1255.361364	100.0000
55936	70.7317	80.7558	714000	1282.623887	100.0000
45226	64.7818	24.0314	194600	1524.854089	100.0000
43356	42.6831	2.8864	15400	1645.155440	100.0000
44704	95.3352	5.8740	70000	1759.066958	100.0000
43366	58.7252	87.5399	642600	141.296675	100.0000
58794	44.7471	6.0071	33600	184.245938	100.0000
38530	82.8272	78.0226	807800	343.901069	100.0000
40698	21.2940	11.5713	30800	565.096629	100.0000
38582	19.4898	14.9411	36400	588.825732	100.0000
39248	50.0919	146.6745	918400	592.725549	100.0000
51292	74.6477	127.5325	1190000	656.736338	100.0000
35396	93.3580	4.3189	50400	691.746990	100.0000
47306	37.4647	4.4842	21000	1071.601632	100.0000
50496	41.6133	23.9539	124600	1179.958869	100.0000
52056	19.0373	26.4744	63000	1484.534567	100.0000
43160	92.7629	141.1427	1636600	1555.575813	100.0000
46376	85.7655	1.8282	19600	1556.907438	100.0000
40216	86.3605	3.5016	37800	1599.536129	100.0000
38146	81.7434	23.1554	236600	1764.258761	100.0000
40282	60.7926	2.9477	22400	1773.836874	100.0000
43552	41.3929	15.6935	81200	43.587341	100.0000
52846	42.6713	4.1995	22400	137.799673	100.0000
44274	95.1154	57.2273	680400	149.833509	100.0000
43190	94.3565	79.0534	932400	190.555822	100.0000
53696	14.9409	133.4323	249200	204.762794	100.0000
46706	83.1696	4.0399	42000	208.580252	100.0000
44822	53.4680	1.4663	9800	369.192969	100.0000
50576	33.7339	210.8264	889000	489.230854	100.0000
42134	95.4657	95.9674	1145200	513.383435	100.0000
47022	93.3118	128.0695	1493800	518.836629	100.0000
49474	48.0312	9.0941	54600	575.488036	100.0000
47288	24.1286	134.6118	406000	576.550308	100.0000
37836	30.6413	34.3589	131600	814.893895	100.0000
43254	67.9019	54.9263	466200	856.323892	100.0000
59572	19.8835	273.1913	679000	870.741489	100.0000
50470	83.1105	36.1158	375200	1129.583225	100.0000
55916	63.1695	2.6595	21000	1177.032117	100.0000
33366	93.6507	158.4612	1855000	1183.125831	100.0000
48358	63.0241	13.6837	107800	1191.112395	100.0000
37844	14.5484	9.2382	16800	1214.705890	100.0000
42898	14.2088	14.1884	25200	1281.659634	100.0000
54696	46.0752	112.7894	649600	1342.750274	100.0000
39278	16.6782	407.6219	849800	1425.160620	100.0000
33162	86.2822	32.9709	355600	1666.096730	100.0000
47020	86.7888	3.7424	40600	1749.657806	100.0000
42802	81.7494	109.0553	1114400	57.417549	100.0000
46126	67.5370	12.7693	107800	104.745554	100.0000
43548	46.2450	6.0547	35000	115.432226	100.0000
35346	94.8723	46.1589	547400	278.809918	100.0000
41718	19.9533	433.3328	1080800	359.737309	100.0000
39468	27.3723	30.2788	103600	438.816922	100.0000
50818	61.4082	5.8364	44800	550.215774	100.0000
40952	11.3717	46.2905	65800	562.354419	100.0000
54474	95.2401	40.8064	485800	841.183026	100.0000
42880	37.5338	585.7548	2748200	1021.257207	100.0000
55368	39.7712	23.6553	117600	1031.570917	100.0000
55154	43.4072	105.7889	574000	1156.239260	100.0000
39880	91.5314	75.6200	865200	1165.955534	100.0000
38496	93.6115	93.9201	1099000	1227.278142	100.0000
36850	35.8999	14.3510	64400	1290.041174	100.0000
54102	15.2153	1403.7437	2669800	1305.920220	100.0000
44126	22.3613	37.5650	105000	1361.477509	100.0000
46372	48.9783	1.8294	11200	1476.090706	100.0000
45798	64.4137	1.7388	14000	1573.888993	100.0000
55470	54.7785	2.0446	14000	1589.048346	100.0000
60452	92.5912	36.8934	427000	1628.533232	100.0000
36490	89.7910	47.8979	537600	1649.547637	100.0000
38512	60.2726	9.1053	68600	1675.997631	100.0000
44290	73.8160	5.0070	46200	1711.422280	100.0000
48176	95.4266	203.0461	2422000	1716.875166	100.0000
40852	73.4658	23.1727	212800	115.006206	100.0000
56618	82.8009	25.4297	263200	192.305092	100.0000
34764	27.0845	39.6979	134400	220.705190	100.0000
42838	37.1398	9.3485	43400	272.893781	100.0000
43810	61.3533	62.6144	480200	281.236950	100.0000
51596	88.7502	42.1498	467600	357.545926	100.0000
46918	87.4075	242.0478	2644600	379.810514	100.0000
42574	90.0822	6.7139	75600	564.748917	100.0000
46628	25.2331	212.6100	670600	905.933353	100.0000
46406	43.1502	183.7675	991200	1150.909194	100.0000
33564	76.1503	1.3237	12600	1217.464996	100.0000
50398	16.3575	86.9573	177800	1287.635670	100.0000
51854	22.5678	334.4940	943600	1289.968536	100.0000
43424	60.5455	61.7850	467600	1395.948338	100.0000
38196	28.8242	692.4182	2494800	1427.272441	100.0000
34502	85.1290	1.3157	14000	1452.454537	100.0000
56536	57.7883	11.2410	81200	1745.875653	100.0000
56312	93.5776	44.0447	515200	1765.443575	100.0000
52436	29.5427	8.7196	32200	91.412311	100.0000
41146	73.0207	80.2184	732200	528.334837	100.0000
57722	76.7859	93.2046	894600	587.897587	100.0000
57178	92.0999	3.2834	37800	811.830977	100.0000
47484	94.7715	164.1507	1944600	930.044722	100.0000
41824	79.1939	16.1225	159600	1014.028873	100.0000
36466	80.4509	23.3882	235200	1066.710700	100.0000
41418	90.3710	99.5186	1124200	1260.912845	100.0000
59364	55.2295	7.5032	51800	1264.827620	100.0000
49986	86.8024	25.9348	281400	1272.186112	100.0000
43904	87.4939	2.1762	23800	1341.256677	100.0000
39848	80.8091	55.1621	557200	1465.447570	100.0000
59160	84.8150	1.8487	19600	1514.339818	100.0000
45368	82.7595	122.2046	1264200	1535.278304	100.0000
52430	91.1532	5.0377	57400	1570.634898	100.0000
51212	64.5542	178.0086	1436400	1585.241190	100.0000
37262	11.8871	74.4338	110600	1622.632255	100.0000
55404	70.3538	1.1144	9800	1695.639525	100.0000
49470	44.1131	15.7413	86800	1752.144607	100.0000
59478	17.3723	10.9600	23800	1752.356721	100.0000
52996	43.4258	22.4383	121800	1773.468633	100.0000
57630	41.0021	6.2826	32200	1799.269697	100.0000
54034	44.1480	8.1181	44800	211.799650	100.0000
38428	42.1125	142.5514	750400	239.013071	100.0000
55834	19.7737	317.1885	784000	499.958259	100.0000
42440	43.1030	388.7246	2094400	704.124621	100.0000
34218	35.6197	15.4072	68600	976.587897	100.0000
34696	72.3889	290.0998	2625000	1179.179204	100.0000
55184	49.7771	4.0501	25200	1335.483370	100.0000
46964	43.2161	2.5916	14000	1362.501826	100.0000
49946	49.5764	78.1663	484400	1468.080202	100.0000
55090	21.8898	85.4462	233800	1572.026507	100.0000
57032	89.5551	4.1271	46200	1685.614814	100.0000
52572	72.1877	1.3964	12600	22.392967	100.0000
51270	42.0161	2.3991	12600	62.547056	100.0000
53758	89.4850	12.6412	141400	170.798224	100.0000
56386	30.2905	25.5130	96600	172.830448	100.0000
34734	26.7957	378.6871	1268400	218.607494	100.0000
45172	61.5284	8.1913	63000	271.836800	100.0000
60220	88.3679	46.3879	512400	417.497273	100.0000
49370	38.1660	48.1266	229600	461.324279	100.0000
48436	27.0265	827.5727	2795800	552.271179	100.0000
48066	43.0545	3.3818	18200	626.182164	100.0000
36422	85.4811	3.2756	35000	721.843692	100.0000
60680	64.7797	106.5025	862400	886.727211	100.0000
41232	95.3683	203.5225	2426200	889.873777	100.0000
54732	57.8280	134.0251	968800	1290.610788	100.0000
36676	85.2888	1.8385	19600	1291.572427	100.0000
40290	13.0668	35.9998	58800	1466.855416	100.0000
53340	76.4772	181.5966	1736000	1469.277234	100.0000
59284	64.4844	134.6061	1085000	1589.148153	100.0000
47104	78.4296	0.9996	9800	1658.280693	100.0000
36358	92.9606	118.6740	1379000	1745.597209	100.0000
42120	94.9874	10.7298	127400	1790.859175	100.0000
39406	62.5792	14.6758	114800	1793.872020	100.0000
47418	74.9058	4.4856	42000	95.240518	100.0000
41192	84.0936	196.4479	2065000	593.214555	100.0000
38734	95.2716	40.9104	487200	648.920434	100.0000
59916	85.2683	26.5327	282800	671.850120	100.0000
60512	54.4604	3.9074	26600	729.164938	100.0000
49130	95.5568	218.8270	2613800	801.150572	100.0000
58506	95.3093	28.6730	341600	1050.333200	100.0000
42694	30.0133	610.8759	2291800	1095.542038	100.0000
60954	93.5527	255.9585	2993200	1106.432187	100.0000
53490	80.3177	3.6256	36400	1188.775149	100.0000
57660	32.2707	58.6539	236600	1241.107017	100.0000
38704	26.6776	55.8370	186200	1288.891086	100.0000
57960	91.6174	39.3637	450800	1317.939650	100.0000
49094	55.2508	40.7451	281400	1656.463955	100.0000
42190	94.0848	12.8565	151200	72.036545	100.0000
56634	13.1877	219.9628	362600	78.269335	100.0000
59086	25.0042	632.9171	1978200	105.681730	100.0000
37838	6.9949	132.8970	116200	218.453941	100.0000
49834	60.2102	12.4630	93800	233.122434	100.0000
57754	93.7095	17.6887	207200	298.663063	100.0000
38454	54.4466	8.6397	58800	310.924164	100.0000
57364	86.3753	1.9450	21000	487.375615	100.0000
45022	76.2488	1.6158	15400	649.068250	100.0000
51742	80.9841	1.5213	15400	649.641015	100.0000
51904	36.4659	2.7642	12600	763.737960	100.0000
35746	26.0845	614.4332	2003400	878.978147	100.0000
50274	68.1353	68.3816	582400	887.340784	100.0000
34788	89.7458	189.9410	2130800	911.880435	100.0000
39156	23.8995	546.4218	1632400	930.703504	100.0000
50758	60.9551	25.5401	194600	1105.949098	100.0000
42298	21.5021	116.6770	313600	1148.045598	100.0000
35222	31.4956	16.7135	65800	1221.517047	100.0000
37244	86.6968	55.2915	599200	1249.990438	100.0000
44566	81.6973	140.6557	1436400	124.260217	100.0000
42364	83.2872	3.8998	40600	129.802061	100.0000
35736	72.5845	1.6973	15400	252.891744	100.0000
46922	39.2168	27.1312	133000	276.611246	100.0000
45276	91.1616	6.3887	72800	543.799170	100.0000
52654	44.2649	9.6148	53200	597.282242	100.0000
47570	49.7521	382.0217	2375800	602.346776	100.0000
57436	62.7338	3.0350	23800	615.357560	100.0000
57786	72.8134	13.9974	127400	624.192693	100.0000
47072	94.7856	60.9713	722400	691.970076	100.0000
53878	34.0821	11.8302	50400	743.763351	100.0000
42980	91.1447	5.8983	67200	810.400843	100.0000
51862	95.2384	208.6218	2483600	890.059947	100.0000
39480	80.0884	1.6781	16800	945.743138	100.0000
53300	92.2240	93.2686	1075200	958.686964	100.0000
44472	34.0290	4.6078	19600	1142.106025	100.0000
58046	55.4455	9.4940	65800	1303.797801	100.0000
57884	77.5493	7.0768	68600	1349.018626	100.0000
44712	95.1170	9.8910	117600	1592.837689	100.0000
33540	27.0364	3.3140	11200	1627.365341	100.0000
35316	92.8330	21.4751	249200	81.932645	100.0000
40870	94.3979	10.0850	119000	105.490926	100.0000
34550	63.1929	68.4128	540400	133.174087	100.0000
48994	4.9791	69.7318	43400	183.189259	100.0000
49500	91.7728	69.0749	792400	494.290013	100.0000
40556	80.7695	16.2239	163800	620.612051	100.0000
49122	50.2954	47.6545	299600	797.651192	100.0000
35296	47.5083	1.6502	9800	863.650486	100.0000
45520	56.6190	26.7048	189000	1216.679530	100.0000
32774	45.1210	23.5810	133000	1324.246212	100.0000
60736	57.8695	2.3225	16800	1544.844244	100.0000
34336	62.5682	43.1401	337400	1696.209178	100.0000
49508	65.9613	4.9241	40600	56.847991	100.0000
35524	94.6189	22.2535	263200	95.107539	100.0000
49536	64.6787	3.8096	30800	95.825584	100.0000
55492	60.8983	1.8391	14000	133.869769	100.0000
39830	33.7642	9.2880	39200	141.307396	100.0000
48482	69.0326	1.6224	14000	156.076219	100.0000
52538	31.8233	30.9710	123200	215.613054	100.0000
51044	81.3301	30.4340	309400	228.871860	100.0000
60210	71.3712	10.9848	98000	263.161732	100.0000
33812	35.4482	12.0063	53200	271.849852	100.0000
37510	94.7715	34.6264	410200	527.884967	100.0000
35354	58.1118	8.2875	60200	573.477600	100.0000
51612	30.7762	355.9109	1369200	587.331424	100.0000
40934	47.7468	11.2594	67200	594.005315	100.0000
43276	50.8819	3.0816	19600	621.978205	100.0000
35966	76.0599	9.2769	88200	664.941493	100.0000
56944	32.1242	257.6498	1034600	820.563815	100.0000
35100	81.3643	1.2389	12600	915.982396	100.0000
56110	83.5830	160.6642	1678600	995.204605	100.0000
53482	36.4315	3.0743	14000	1011.222482	100.0000
50504	40.7791	4.9437	25200	1023.077314	100.0000
55796	71.2797	10.3704	92400	1083.729215	100.0000
53816	72.6615	9.8649	89600	1110.874364	100.0000
40432	41.5185	167.5203	869400	1203.023680	100.0000
49638	49.0722	4.1082	25200	1215.531118	100.0000
42738	81.8724	5.0615	51800	1332.967542	100.0000
59114	91.3778	2.2062	25200	1345.786167	100.0000
54252	94.4743	91.1655	1076600	1372.732453	100.0000
51254	63.2777	116.4644	921200	1514.730144	100.0000
45194	68.2930	71.3397	609000	1613.774448	100.0000
56198	18.8329	46.9815	110600	1701.442167	100.0000
53116	79.7910	1.2633	12600	9.127977	100.0000
37182	65.8400	30.6197	252000	10.571976	100.0000
49580	47.7390	15.2496	91000	54.044191	100.0000
60404	93.8152	26.2644	308000	97.964262	100.0000
34536	90.6350	44.8569	508200	126.173152	100.0000
58252	33.9351	26.7334	113400	145.003935	100.0000
55064	84.7846	199.6022	2115400	195.088012	100.0000
60320	70.1678	28.5715	250600	675.438301	100.0000
58984	33.0655	442.7086	1829800	753.420081	100.0000
56010	40.5686	5.5215	28000	820.444170	100.0000
33840	41.6808	16.9287	88200	843.962843	100.0000
37456	62.4801	6.6325	51800	885.124946	100.0000
37978	35.5580	22.9934	102200	1059.055617	100.0000
44842	51.1954	2.4065	15400	1069.939531	100.0000
37886	45.9158	4.1467	23800	1079.443825	100.0000
38148	38.8421	9.2271	44800	1154.568780	100.0000
49220	66.1999	357.9942	2962400	1271.886293	100.0000
58658	10.6261	466.9259	620200	1296.630337	100.0000
41002	32.1807	40.0240	161000	1395.192317	100.0000
55490	58.6942	16.4105	120400	1402.770827	100.0000
54826	44.6913	19.2968	107800	1645.336028	100.0000
35740	93.1971	37.0140	431200	1717.005895	100.0000
33636	85.2178	205.1591	2185400	9.009475	100.0000
44606	37.1568	279.1201	1296400	188.889555	100.0000
45284	47.7148	4.6946	28000	195.301631	100.0000
54508	74.1816	108.4043	1005200	293.771950	100.0000
42006	39.3290	5.4108	26600	303.383820	100.0000
50090	24.9373	156.7453	488600	406.209051	100.0000
52528	48.5755	1.6140	9800	438.737428	100.0000
45168	6.0436	111.1913	84000	545.897768	100.0000
54060	84.8592	3.1676	33600	726.283391	100.0000
59544	25.0536	36.6574	114800	736.021986	100.0000
40068	95.2556	219.2836	2611000	812.115197	100.0000
51706	86.5251	33.3961	361200	992.962054	100.0000
34302	59.8719	22.2609	166600	1271.801498	100.0000
60104	6.6539	159.9050	133000	1459.190177	100.0000
55614	73.4296	89.0758	817600	1542.633229	100.0000
