40702	0.061220
40440	1.844279
35788	7.101125
44110	7.423332
30979	15.927324
34564	17.345765
55559	18.599877
60176	21.256099
22922	25.139091
42341	26.129360
50892	29.891993
53954	30.880383
50345	33.487227
52994	36.911187
27215	39.127344
49616	40.188913
60978	45.874666
35672	48.218102
70374	51.383574
23925	52.148832
69203	66.936488
26643	69.155319
45068	70.985662
36812	71.220565
36890	71.581021
46776	68.711084
25672	75.250190
41903	85.704531
24486	88.188981
22960	89.110947
50674	92.933406
26668	95.158540
24596	105.182234
51801	106.180561
28649	110.579793
23794	116.353732
38493	120.202668
45601	127.247321
54058	128.724630
25622	129.534066
28227	129.654462
33422	135.864394
28722	137.870800
43954	151.370112
32988	152.178754
26834	157.535692
23909	160.121297
32754	160.756104
30394	163.613808
34444	163.847736
69301	165.126402
39236	169.798553
65038	169.963732
30187	175.185596
59617	177.466112
57971	178.061251
56242	177.546724
50151	176.402399
65988	192.408150
25498	208.383587
46922	208.473220
32123	208.867135
41821	217.622125
32685	222.128803
33594	238.164476
69903	238.950671
28856	240.387327
27723	241.982538
65660	247.837153
57965	256.341508
59558	262.025405
32846	265.478289
67498	276.492347
40477	282.795068
34872	302.723185
24723	307.245164
24882	321.743192
56098	324.016732
26938	326.064002
27486	328.736827
30166	329.297422
22358	331.120100
38749	335.615159
68220	351.577814
23328	355.705152
46868	355.921010
44276	357.954443
35292	362.255671
22745	363.728245
22189	366.973966
30639	368.407956
56716	378.402674
35548	385.100169
26526	385.753283
37165	386.739715
66697	387.121694
38735	390.955122
68151	391.116142
31051	396.678356
42199	397.963434
43751	404.027916
49478	408.954631
23678	415.642106
66075	416.307541
25904	416.820396
60461	422.178199
31910	427.288023
68393	429.262954
55471	434.777054
25415	439.655010
48132	442.515583
26131	446.251073
41651	453.922443
66747	454.693298
41056	455.700832
60770	459.494165
31988	463.408874
67651	472.844233
46059	476.293198
50914	478.952905
53817	481.007129
31916	483.733400
22322	487.347796
36185	493.920359
24616	496.614237
59885	498.018475
54394	500.110989
34185	501.627884
66947	521.817010
53612	524.813762
40386	524.939563
61187	526.770782
35179	545.245478
38536	546.894303
49244	546.943847
23373	547.604905
49495	551.167410
43373	555.497986
44142	558.837461
27754	561.547764
23023	561.927389
45483	565.406103
31495	568.210669
25362	572.443117
27896	580.441913
31535	580.396698
50098	581.332745
35215	581.723933
54556	585.686814
52160	587.208024
60672	588.563237
60047	593.276923
24365	602.785729
37368	605.525919
38361	623.881715
27343	632.811147
60470	639.231056
24161	649.746151
60631	654.435272
45311	656.373113
44569	658.742296
66989	659.048240
38681	667.472324
28568	678.687448
31479	681.132210
65000	683.165144
30830	683.591526
54587	689.802982
35129	699.150127
23681	701.614066
33346	701.945768
39314	702.246929
25159	703.477539
37343	708.092083
29754	712.269995
61693	721.913907
26489	729.054346
51790	733.015515
40072	734.065743
56139	737.086033
37429	739.727039
52934	744.702679
24416	745.152610
66818	747.220350
23706	753.953252
49598	755.305584
29952	761.327073
44789	761.484858
30826	765.862557
50960	769.875756
23193	778.331013
63513	788.871119
25111	790.154766
35831	792.601304
55837	795.857885
35127	797.267657
33188	802.481878
34973	806.289140
48693	806.025940
46824	808.475955
29503	813.414515
62308	819.581206
34185	821.670965
46142	828.902085
37526	835.068833
27295	835.203999
59471	842.742157
35675	842.245400
25823	849.322920
33546	857.258576
26468	856.841566
51360	859.939808
24964	867.062804
25169	869.557746
29382	876.963548
24908	877.419089
33989	877.503510
24473	877.966600
33954	880.933415
48459	888.005885
22995	892.502895
56949	892.822731
26342	894.322526
24424	898.015268
28501	904.342799
49766	909.345160
34650	914.007824
34821	914.975937
34944	915.583087
25802	918.858172
30738	923.726510
30344	924.067030
41745	924.850172
46145	925.046544
34241	926.633948
43914	928.310002
61431	930.009204
25730	935.124786
34378	943.817994
22249	964.281623
53714	969.416519
22545	997.393013
22384	999.162657
22034	1008.982919
40840	1009.133151
67796	1009.255185
70121	1009.468023
34498	1022.211907
33796	1022.818833
23956	1037.441358
57070	1051.055121
57396	1056.399163
47854	1059.735502
21982	1062.960328
23299	1065.638177
40994	1067.366252
21999	1069.325775
29291	1074.072067
29635	1075.592407
41664	1081.193749
51657	1081.589824
38765	1083.667778
30129	1087.415823
66474	1094.087579
62746	1098.116781
32218	1099.357785
46479	1099.632840
52545	1104.311647
23383	1113.945802
46409	1116.814581
24785	1122.397102
63716	1123.116296
52211	1129.087813
32216	1135.147734
28974	1138.015358
36146	1146.560200
55139	1149.372399
29485	1154.581224
46261	1157.658140
41769	1159.291341
58701	1161.191424
28932	1162.856661
57136	1163.763954
53777	1167.865850
41042	1176.720923
32366	1185.994327
34800	1191.725590
32371	1194.079904
49836	1195.204982
27843	1204.973139
36367	1206.295398
26029	1208.421565
24838	1210.632684
51960	1218.179366
29845	1219.509681
41831	1231.070999
41636	1238.425160
22120	1244.957959
36161	1246.707616
32703	1251.888499
44701	1252.621670
24456	1252.714733
29495	1256.887121
46354	1260.942314
33684	1264.419923
26478	1271.005837
30156	1271.943669
33965	1279.333032
40659	1282.898266
64288	1292.887390
39954	1292.225418
28013	1294.558876
36686	1308.634962
51791	1310.641983
22717	1311.239176
27014	1311.479054
27966	1321.762483
53940	1333.456740
23926	1337.741901
36156	1338.907921
27414	1339.845713
22888	1352.570819
66402	1354.873807
27140	1355.810811
28373	1355.898598
30140	1363.592558
53488	1381.352125
26994	1383.970265
38627	1384.165739
38531	1387.421423
42487	1393.664043
24633	1396.688243
24037	1402.208741
32007	1404.284394
25400	1413.091185
36552	1416.251182
48945	1417.645055
69945	1418.826950
27427	1420.292008
63881	1423.703716
22970	1430.569818
43500	1436.344949
58525	1442.615786
66922	1446.700433
43541	1447.442078
34261	1473.620336
36740	1477.334752
27669	1491.617153
37801	1491.863865
61972	1495.976364
37789	1498.304496
52894	1500.972227
37410	1501.489758
27000	1501.595577
36056	1506.226473
44048	1508.115546
33661	1524.863123
47975	1526.964867
36830	1528.311726
38392	1529.861302
25047	1535.226244
41171	1537.453466
26245	1552.290515
48061	1556.087241
48542	1557.690732
50235	1559.081140
27663	1560.746213
24880	1561.724346
22046	1571.681809
23467	1577.460902
63419	1580.870823
36088	1604.002684
28920	1604.499521
70242	1609.253749
41349	1609.764010
53632	1613.019283
49948	1613.962948
35297	1620.213274
33043	1622.016835
46322	1627.108218
61654	1629.866525
57393	1637.816376
46709	1640.690668
55581	1649.877218
43366	1650.306301
29173	1670.146085
27142	1672.638334
34513	1675.774258
36199	1678.937353
23093	1685.699340
32723	1687.832639
60948	1690.247109
34210	1695.142628
29654	1708.020471
38148	1711.616232
23474	1712.884407
24900	1715.084629
41507	1717.705825
36996	1727.079631
44922	1736.833668
69437	1737.785099
31480	1738.166817
69589	1740.156433
37210	1743.896573
21986	1746.906815
23883	1750.081264
34681	1760.928227
47230	1772.574653
59545	1777.561465
57002	1788.227244
22937	1791.767142
55882	1792.429580
24530	0.047234
42469	4.468530
24328	6.198815
26938	9.757403
31869	10.899449
54702	11.933964
27703	19.850719
56347	26.203443
22860	28.582443
31142	31.210408
39543	32.232162
32463	34.277011
36566	34.931224
23390	35.514063
24028	36.973880
24591	40.362343
51759	40.422185
50626	41.449391
37462	45.190035
65792	46.944840
27640	48.585573
65188	51.319792
24145	53.743433
48365	53.846284
51512	54.782736
62921	56.033208
24734	56.350038
26333	57.349834
55161	64.496077
36260	65.100895
53617	66.232475
28664	67.650680
27744	70.065469
30190	71.864517
46673	73.480211
25019	73.946261
54633	75.431421
32043	75.652830
68710	80.665538
26054	82.151960
62502	85.175309
40495	87.011040
46505	88.031679
44729	88.437964
40796	89.410940
59750	93.736793
59904	97.089383
54363	99.928286
48730	104.327758
29235	104.983589
33722	105.771039
38360	110.070961
26739	110.250821
41226	117.865221
38549	119.325576
67961	123.267089
61277	125.558530
29395	127.124494
33334	128.998926
35270	131.575626
33032	131.688009
60960	131.899560
33742	132.239381
34125	136.655199
37569	138.988704
40199	149.207290
33622	151.540240
23704	152.486748
50480	154.992941
32633	156.578722
52389	157.068723
28855	157.881234
25364	158.244370
43391	160.170308
22802	165.372140
34417	168.569062
23927	170.759465
39122	172.808610
69425	173.257296
64772	166.342985
38148	180.740900
26058	180.814959
46556	180.844065
29988	183.270315
22033	185.068076
25358	185.727040
29065	186.126858
23424	187.657824
68932	187.706628
62135	190.718704
29916	194.238820
47192	196.325875
37858	200.459438
22811	206.613456
62902	207.073895
34971	208.475797
70748	211.041476
60333	212.321885
33785	213.356070
41551	215.621938
22305	209.853668
49072	214.009521
24177	221.288709
23151	159.881431
37953	224.538287
66498	227.146900
58819	229.706527
26390	230.239218
64286	231.674487
22871	234.669685
37013	236.795018
65794	237.140020
27034	242.940923
24343	243.258579
47724	244.718147
64161	245.036541
41302	247.451381
54950	241.049029
58997	249.022825
53454	257.156414
39271	256.255756
33166	261.822049
42082	257.176263
28774	265.940233
35809	266.818141
33863	267.113649
36028	268.011195
32834	268.702434
41503	272.711370
23346	275.413224
56503	277.398534
68257	263.681318
46907	281.232518
45966	283.487655
26628	284.736909
27272	282.894736
47767	287.696291
49149	290.685866
39675	286.319244
42822	294.337721
61712	303.142861
69645	298.897413
39858	309.161653
56707	310.990075
22098	312.384239
33660	313.720094
36783	314.804702
36746	314.777797
26942	311.016741
62391	318.264180
53094	320.855645
30704	322.841840
66579	324.164097
57221	331.828619
24602	331.162139
54042	339.411773
35016	340.339621
30695	343.265701
57153	345.373184
26874	338.857220
48959	348.656495
22740	354.067182
23978	351.555017
29047	356.056332
33105	358.549170
63400	358.557940
47615	365.693580
39340	367.194761
32770	367.605596
69224	360.928110
54125	369.525979
31495	371.217606
22078	371.458586
66534	374.859480
23670	371.780727
27369	378.613605
31852	382.012182
43119	379.731437
52744	390.772618
37003	391.178106
35621	394.849712
31900	396.220575
28892	396.225800
35046	398.071910
59054	398.186036
66132	402.499126
24471	406.194834
28120	408.555132
22419	408.771802
27564	411.555690
36959	411.629773
40857	404.636202
45474	411.727247
54074	415.195377
58773	420.260115
24528	414.358508
43774	422.028949
61623	428.553137
23457	429.015108
28289	430.241703
29972	424.968166
57372	433.926855
33171	434.739368
30250	435.426744
24505	437.139028
49221	437.752629
31750	440.119699
33715	440.633109
67641	441.113257
57325	445.477314
48813	448.836962
28287	387.404043
27414	454.558608
31607	461.285721
22190	461.873386
35669	463.627045
27319	463.996773
43584	464.313944
31170	465.436693
67666	469.698971
50267	469.989226
22157	475.406355
29889	475.515710
52217	476.288821
55633	479.026651
22854	479.072348
41234	479.395852
36098	476.499674
23995	481.604103
42007	483.094087
24367	487.084641
22776	490.512530
35338	500.591656
22132	511.284265
23069	507.065714
25595	514.426393
44111	518.094552
26840	518.483162
26217	510.595579
38055	520.594532
70694	515.713467
58580	526.495137
33126	526.756023
70624	526.091763
33729	527.782170
69264	530.353705
31200	524.161305
37436	535.412869
25703	522.512433
27899	530.653826
59509	538.152065
23058	539.514351
40970	539.752489
52050	542.760748
61753	546.932893
53995	553.062657
25864	546.832794
55024	547.056092
29926	556.779066
56097	554.412630
23558	560.031128
27963	561.514363
29162	564.720263
64891	565.052484
57982	568.940351
37843	573.047874
67337	573.604245
49449	574.196890
23804	575.647829
42215	576.231556
69176	577.687792
40730	578.702801
41572	581.565146
55577	553.601698
41564	583.419722
29832	591.515023
33344	594.689848
46610	600.069890
29685	594.139200
37863	602.774774
22255	602.887209
26197	604.935682
37935	597.982257
22410	607.584611
67538	608.989004
27792	611.677274
36294	605.011633
27105	614.277866
35635	614.304098
52978	614.598592
31191	616.424409
28095	620.579465
24137	623.551957
25610	627.664559
41313	631.385838
60960	632.785133
41929	637.653176
65614	637.820569
54364	639.983579
68589	640.183963
53908	642.071309
31090	644.580452
42142	641.278142
45001	649.057123
37269	649.199257
61572	625.655283
64090	658.494467
22656	658.601609
35951	660.134226
58101	664.871288
28621	670.008433
49295	670.375419
34790	672.855974
44378	612.038018
31445	676.870482
42873	679.303288
30982	683.641563
55451	685.593622
47360	685.888662
23880	688.098957
50852	691.646041
51714	694.178339
46923	694.340196
30000	695.577710
24108	700.888621
31537	694.794776
34137	703.431870
22626	697.878285
22042	706.492783
52316	706.817989
29962	710.511271
31263	710.970903
25708	711.547404
27251	714.006335
23820	715.016927
24319	715.248278
23757	719.459351
48991	722.641041
62516	724.515870
37300	722.678694
56719	730.055711
57810	730.960073
51451	724.090321
22183	724.266682
48156	731.883480
47193	728.210313
29648	735.456329
53045	739.380471
22958	744.220450
41676	744.388398
56020	743.971009
21988	756.016724
38800	757.976800
27236	758.304021
46628	758.586132
32408	759.156128
37997	759.462853
23153	760.990875
32221	754.846624
65917	763.965589
54715	760.323144
59328	769.599536
32323	769.809622
25891	770.767637
28845	771.441909
40386	772.671906
49411	780.255724
69781	780.877153
45162	781.460060
25248	782.533694
58979	778.747907
38643	787.764519
26390	790.499973
30458	795.915242
25377	789.651296
39068	797.249627
51338	801.229492
24788	801.532214
64738	795.318720
62771	802.580276
34123	804.009080
34869	804.196139
26087	805.227171
38587	806.169592
25416	807.402751
60208	809.413188
38597	809.843494
28906	812.144917
36131	813.602244
56256	814.737950
22400	815.772875
32313	823.156173
56800	824.069704
32351	824.473147
39589	825.417625
57279	825.776608
33231	825.814692
31669	826.357290
60072	829.990546
30768	830.170454
70228	832.933623
57238	834.263014
26184	834.625048
22433	835.207895
40102	830.345244
59298	838.761108
24962	823.401081
28052	842.894112
39928	850.052014
50775	852.958685
60489	849.434108
39186	850.833690
54448	858.682490
29966	858.895641
28375	856.184432
69541	859.867423
60831	871.036249
54562	872.036114
55367	872.233900
23180	865.413403
38245	867.068085
27465	877.347335
27879	878.608003
33011	879.125619
47552	880.053869
25147	880.977444
64880	888.113671
32120	890.370588
45392	890.721018
23186	891.811379
24761	892.782307
29982	895.299132
26355	900.267614
37043	900.390286
25392	900.730522
32928	900.799007
47875	902.677409
45944	902.712648
49058	908.107070
31079	908.525738
30020	909.144973
33205	910.041432
42169	910.565739
31818	914.146753
44936	915.785359
25856	916.008051
28492	917.880502
37898	919.513793
35615	924.278857
66630	924.581501
23989	918.567386
25568	926.000318
55090	929.353735
67188	930.291202
28986	936.054201
61353	936.071864
35547	940.423538
63920	941.786322
33938	942.385698
38317	943.231103
34705	948.328588
26444	948.769829
39143	957.866625
23526	951.019012
46824	959.016956
39607	961.575632
32798	963.090819
38523	965.317222
49169	969.776108
56844	964.237036
31089	965.046192
24427	972.453772
23197	967.778402
49251	968.095518
22421	983.145161
46253	986.546162
69988	987.625886
22057	987.660631
49532	981.356519
60529	992.325952
39435	1000.842153
56103	1001.574110
39462	995.573804
45533	1003.040329
44943	1004.494748
59009	1012.499863
44545	1018.072235
58665	1019.988186
32889	1020.044353
31099	1013.558386
48644	1020.649516
65863	1022.300281
38395	1025.396117
38702	1027.358071
29298	1036.888242
31859	1037.337031
22915	1037.802229
67003	1040.269991
41384	1050.978857
31026	1054.395631
30750	1058.789207
27884	1060.583799
40782	1062.556775
56273	1064.718863
24148	1064.726682
42672	1068.972750
57512	1066.152082
27489	1074.309428
28780	1077.982547
31508	1080.584412
29982	1083.776755
38539	1093.341796
33900	1093.755286
30524	1096.378924
33977	1096.936377
40318	1100.269937
42925	1098.887109
33132	1106.861747
23485	1108.784479
68146	1110.292964
25081	1113.844815
57319	1114.869270
35444	1116.361782
40957	1118.558337
55479	1118.799761
35348	1119.967479
59530	1125.471623
33968	1063.043210
27862	1129.206470
32084	1122.651466
33590	1129.973275
57124	1131.651334
53674	1132.986387
56066	1133.465648
56336	1135.076776
43046	1137.468622
59912	1141.153777
40983	1141.413520
44413	1141.476980
24744	1143.616052
28557	1144.063329
28828	1144.627086
24908	1145.293968
31078	1150.431981
30371	1150.777313
43151	1150.347824
24719	1144.806883
29681	1151.898395
67956	1154.445913
46957	1155.500508
37358	1151.073099
22282	1156.326001
22044	1164.892754
33924	1169.450586
24676	1173.411889
40006	1167.387360
30960	1176.537873
48874	1176.569422
33690	1182.602979
64725	1182.960469
52729	1186.035259
25562	1189.642662
40394	1184.537258
21997	1191.769647
36801	1192.109212
24840	1194.837894
27126	1195.873487
23252	1196.319794
29394	1197.309402
29297	1200.883316
43962	1201.461060
31793	1205.446410
31820	1207.157313
44971	1209.170229
39297	1212.516266
54510	1214.325583
23394	1215.412311
28957	1217.365215
21987	1188.462770
56545	1219.955423
22058	1221.040471
40215	1214.545309
24354	1224.320051
61961	1226.876277
31970	1230.078243
29017	1230.141797
23047	1223.968073
30849	1231.161637
37429	1232.641166
24113	1225.850245
28781	1237.163185
24832	1240.176066
43119	1235.276773
26316	1235.351935
34442	1245.109130
36969	1240.089428
49444	1247.849487
46454	1254.176327
29692	1251.204747
57681	1259.529331
40347	1260.995812
28671	1266.325438
53560	1266.665591
24421	1267.281268
39363	1268.760312
60121	1272.263390
49627	1273.502295
47661	1274.356307
46832	1274.868747
63244	1270.319207
25343	1273.054136
24353	1274.485606
23532	1283.229539
41026	1283.657938
31028	1291.062109
38574	1295.460809
22404	1296.915102
25043	1297.506550
45464	1298.484494
52436	1292.419251
48810	1301.288287
23396	1297.941955
22167	1305.904324
34915	1306.382115
43442	1307.068767
66193	1308.037120
25399	1309.233179
39186	1310.692344
37036	1308.111324
64852	1317.256830
33292	1317.874855
56586	1320.328089
22739	1320.637743
33751	1322.600897
37037	1318.770573
55289	1329.348875
46552	1329.328731
25903	1331.229191
27260	1331.746968
52359	1340.077471
36463	1341.532612
22603	1339.007824
24672	1346.527161
30959	1350.169163
36580	1353.799566
26982	1354.502999
46198	1355.463788
53155	1361.781457
62527	1369.842323
25189	1363.151623
49965	1371.695957
51386	1375.544219
27429	1378.158017
65765	1386.391800
28381	1387.663515
30221	1388.331074
27659	1382.842063
53195	1384.008068
63701	1391.124950
58319	1391.262014
47511	1389.684479
70163	1397.865043
26436	1399.330721
57857	1402.023278
49200	1402.167471
52651	1407.381335
24935	1408.018088
23801	1403.916343
35897	1411.578721
28591	1412.212785
26139	1414.340517
27397	1419.507922
33165	1412.882458
32089	1421.186597
27829	1423.606847
40939	1425.982838
39748	1432.862253
29891	1434.717015
30650	1437.303002
41970	1438.561866
25804	1439.087914
24455	1440.660580
46569	1442.619267
34483	1441.840294
61967	1446.050841
29301	1446.959925
37038	1447.893773
46132	1448.960356
34076	1452.028723
43422	1452.177353
30661	1452.958290
64842	1454.215932
35787	1458.721827
56055	1452.548413
23514	1460.403746
53763	1467.501210
54772	1468.568517
35703	1468.649887
45163	1470.636974
30170	1471.308573
46553	1473.203723
58676	1473.892749
31749	1474.986400
65937	1478.005010
63834	1479.021148
42357	1482.496138
27333	1484.899684
23340	1485.134311
67278	1486.200302
22141	1487.299959
57818	1493.443582
48808	1435.066863
48135	1498.706325
23241	1493.440352
22341	1498.308282
38860	1509.196275
28466	1509.586226
66489	1513.103178
30925	1514.975870
45596	1515.814935
31375	1523.439554
57520	1526.244670
38310	1527.683763
33076	1528.930197
32449	1527.204060
26386	1536.811615
30185	1533.829088
37733	1541.969331
25467	1545.695890
35730	1542.140174
22588	1541.244869
65203	1549.408703
42851	1551.766025
57272	1554.778945
47617	1557.210690
27683	1561.769315
28107	1572.201636
44983	1574.037556
66823	1575.194757
42234	1577.778364
27245	1547.341645
26910	1580.201541
42276	1582.369337
34906	1582.876296
47943	1578.668197
70173	1583.362273
34657	1580.206307
38774	1587.230075
24789	1580.674542
23309	1588.802395
40712	1582.602726
55651	1591.524721
22019	1594.201428
34517	1604.280441
52582	1607.326491
58822	1608.266539
49577	1609.786402
22577	1610.126684
28885	1611.288217
63627	1614.597300
43907	1615.513588
46899	1616.122793
32811	1617.557153
50305	1611.373825
60499	1619.218568
64257	1619.038542
70513	1622.351287
23070	1630.065867
42036	1628.791839
51207	1639.020929
56760	1640.135037
25854	1640.162487
69683	1640.488744
39163	1640.677049
63711	1633.854154
65369	1637.766160
45556	1639.023225
37102	1646.224463
24979	1646.308365
23240	1646.871428
43855	1648.195738
54509	1648.671315
61633	1649.759000
59058	1652.764832
33355	1652.544375
42250	1653.916913
47465	1650.121921
56692	1658.645333
27940	1667.387003
31301	1669.734585
62898	1670.359155
47089	1673.334171
35159	1673.956330
70679	1675.245936
55766	1675.382679
46852	1677.908354
51527	1679.230555
31319	1681.391969
45691	1682.888785
36115	1677.367206
34414	1684.714271
52872	1685.813432
40435	1686.176566
52981	1692.746828
36546	1692.638281
42432	1686.035205
56835	1694.566658
27378	1695.946316
31663	1689.881001
24807	1700.569470
38044	1703.946059
45470	1709.045020
44065	1708.711347
30934	1710.564349
23293	1704.679850
22879	1712.220294
24032	1712.519669
63047	1706.598363
24074	1714.989804
30743	1717.348241
46439	1717.935634
22143	1724.597084
56344	1723.605354
25610	1724.988355
44159	1728.151359
42488	1728.850264
50663	1729.662410
54918	1729.821485
29356	1730.352834
29916	1730.583818
34964	1733.403688
35539	1708.503774
30640	1745.851163
31730	1751.467818
38459	1752.970483
48636	1748.353511
52151	1755.724927
55413	1755.961515
60588	1761.292515
35266	1761.419724
44408	1764.103941
23178	1767.767258
26685	1768.412132
30943	1771.644476
54908	1774.661679
40649	1775.946510
33880	1777.708509
35922	1779.299701
24519	1786.283616
32453	1786.938071
40248	1791.672197
22032	1787.225550
63420	1790.099504
60529	1797.660747
26886	1793.099982
68859	1793.145533
30882	4.696099
23521	6.819175
44929	7.865474
48370	9.380703
68961	10.231930
24390	15.017498
59152	16.953054
25134	19.112974
54076	19.799338
26021	23.309656
22323	23.568258
39731	26.951007
25541	29.877785
53757	36.033917
45972	40.943626
37904	42.667099
30729	44.994238
40522	49.058002
23465	49.763541
34642	50.027063
63967	54.210068
24694	54.533019
50582	57.937332
45161	57.988761
35740	61.088134
31467	66.342772
52350	71.311542
33155	71.499388
44570	79.070943
47287	78.141925
30672	77.701313
50349	85.008408
25096	80.367674
53539	91.016323
49684	93.722772
38388	90.259314
36677	97.888455
50341	100.718099
35364	105.488313
46360	105.700435
47073	107.286072
24695	107.554441
44253	109.670026
36882	110.180803
68268	116.465224
24095	120.040382
47364	121.121157
38455	121.942117
23301	122.372529
22886	118.942456
38089	127.051221
53138	127.132469
25395	130.328605
30795	130.590931
24657	135.035909
46067	136.325039
44436	136.810801
67660	138.819003
48525	138.951083
68104	139.285778
56063	142.532714
39133	146.952927
54979	148.173339
26477	151.074000
33591	153.088205
26628	153.222187
39176	160.484944
27546	162.099522
26114	164.957143
46900	170.644370
27388	175.580706
30696	176.572569
38094	178.927452
45154	147.828214
27054	180.152858
32350	186.061947
27603	186.425025
24732	198.490670
43419	193.369233
36344	205.348508
58169	198.810062
66095	205.800526
58206	204.823278
31886	210.045885
59192	212.011845
54841	212.177916
64331	214.365286
61560	215.616727
30633	216.249216
51934	216.556051
27121	219.660565
23469	220.964869
59093	223.803740
57939	225.838256
55879	219.863783
33280	227.387464
52757	228.406283
33898	228.952591
27172	235.344011
64704	236.372043
32884	240.030821
69237	240.163721
42152	240.340971
30380	241.443464
60370	246.564182
49083	247.069483
29351	247.963220
58120	249.471081
66957	250.256903
28007	243.744847
61273	244.711181
37475	252.701357
27077	255.390762
53449	259.231865
24690	259.307934
28121	260.528378
25228	261.805208
26644	262.644978
24398	263.027655
70455	256.075466
32393	264.464203
30933	266.693027
50254	266.885211
49772	269.115251
68031	272.948409
59292	273.602037
23245	273.740916
52396	274.287695
52730	273.883375
24211	274.915212
26897	277.369635
66858	278.107203
33885	278.467654
23420	272.759530
35080	280.562826
61340	281.272301
26700	282.577806
57280	283.920095
32123	284.762821
45334	286.503906
49432	291.501791
30284	295.558231
53060	288.914952
33340	296.313379
32289	298.066170
33618	299.062739
40714	300.670046
60642	288.522287
31075	304.567865
34979	307.096369
38042	307.115892
31176	310.955457
48184	313.428999
43086	316.361389
37011	320.266848
23826	318.505610
35021	328.256307
55823	335.232605
25454	339.350104
42852	339.832945
24106	346.652409
22129	348.723797
33684	349.946134
49404	353.253176
25687	355.026664
30063	359.644274
27233	359.980829
30092	360.224229
42411	361.393875
50341	367.150052
64104	367.820872
37568	304.823876
57099	368.586831
57041	371.809927
27802	373.096944
31333	366.759925
40796	378.682992
49712	381.806823
27413	375.517116
52405	383.146887
28396	385.613343
64976	386.534939
25778	387.274253
48767	390.401608
46801	390.518706
60890	390.975105
58441	391.668781
67487	394.056446
29535	394.100087
53881	398.224892
32789	402.506848
69718	403.962207
67060	399.709883
31581	407.248102
63218	410.231045
56688	410.421648
66143	413.137922
46948	414.015263
39823	354.087046
44354	354.582241
23484	411.776580
26566	419.993605
42719	421.292421
68969	421.525890
27095	421.683921
24996	425.381947
53745	425.538674
35602	429.334047
67095	430.715195
27054	369.615225
22441	436.102576
50977	437.558191
50533	438.628212
33171	440.465989
39646	443.027112
23755	443.548108
42583	446.623402
46062	385.973674
26638	450.124246
43906	451.667859
32000	453.584017
39697	454.357770
66563	454.737717
31506	455.340697
41082	456.147362
46930	455.550167
51556	464.233334
25302	467.133893
56651	471.283838
37209	471.507480
23968	474.952984
25549	476.225931
55068	468.610762
32706	476.659671
53169	470.992051
60820	476.270790
62361	486.128593
34566	491.880652
24898	492.052976
35401	493.804471
24666	496.629477
69989	496.631659
42011	499.056062
36776	500.449245
44303	500.936684
50732	493.964042
29732	501.848469
49474	503.912841
39819	505.831118
34122	476.069660
56333	512.906995
24323	510.357450
36820	521.468229
31839	523.855625
40803	524.667742
29430	527.074442
41756	525.074434
23799	528.615761
26270	522.107232
41794	526.763761
64553	535.729918
31431	541.379469
30750	512.019207
33319	543.449793
23563	546.440897
55775	547.070092
27314	548.056926
41272	548.285135
26879	544.361398
23667	555.634732
25158	558.171934
49392	559.797187
41719	561.238044
43005	561.518591
32701	561.693770
34076	561.749226
54909	563.490008
30769	556.574430
22420	564.144998
64395	565.655132
56350	568.640878
25320	562.446311
34772	570.738980
56440	574.148976
48724	580.869799
30079	585.481536
48795	591.079417
46204	592.040161
30868	593.305661
45030	593.699727
28708	598.429026
25729	599.884973
23795	600.766150
30510	608.824053
37512	611.297381
61612	609.408739
59553	616.984696
58776	619.457183
23202	622.887302
29400	618.558110
22345	624.285059
23307	623.939021
33022	620.951479
23146	629.322036
22381	635.284997
33990	620.721314
48618	642.195514
40740	643.758427
27937	643.934324
48028	644.953962
25130	639.605867
26858	647.228942
25321	647.861739
27862	648.654727
29270	649.023193
37127	650.511440
39724	649.416212
50167	652.018531
22169	654.795140
37626	657.861043
25114	651.631003
68109	660.770019
41079	598.621637
25335	664.023307
39831	664.152401
49164	658.872728
22414	669.403247
55442	672.774543
24947	673.505784
39421	679.769598
23267	683.500367
31805	685.837425
23936	686.394252
47492	687.624545
67666	687.819855
44834	691.381730
39043	693.706239
34454	701.787048
32836	698.508159
35761	680.279283
24554	714.627284
27859	709.045947
32784	722.906566
33447	723.380516
29561	724.093522
62803	725.354495
36623	728.997711
24866	730.021292
46805	730.572022
66144	731.065836
28542	731.608316
34639	731.924028
33397	732.516616
65480	735.246701
37460	748.720385
60996	749.324982
40340	718.585560
25121	752.458750
31949	753.220477
28697	753.732438
40523	754.810554
34685	755.369044
24693	755.971205
49159	754.075882
70721	759.343100
50083	761.193299
49574	761.317405
32979	763.344114
51080	763.575434
47350	764.486305
66799	765.124058
50065	772.770692
40760	772.753472
60914	770.902139
54132	778.466375
46407	772.416256
22126	718.762344
37167	778.506214
35699	784.820709
26774	786.923573
28877	787.199638
43321	788.279489
51897	795.676986
36620	796.256098
35559	796.424155
50140	797.909019
39140	799.413410
29037	794.737901
24417	795.156549
29616	801.977964
55233	804.329803
41734	804.536700
25905	801.782748
40369	802.883548
66332	810.332683
27345	810.861719
31511	811.043262
64743	812.568961
46220	813.554126
27160	814.606051
67385	817.402878
25852	821.851409
43919	823.266815
44850	817.161088
40687	822.745222
63337	828.022204
48136	829.069744
45435	829.798229
25278	831.235559
22038	829.415970
31845	825.226562
68610	833.113891
33945	833.948767
65144	835.710341
57173	838.091163
35493	843.494244
68944	843.566749
29033	845.610338
33694	845.726592
68166	848.925684
62961	844.686487
46019	853.521972
30390	855.423541
24890	855.768448
33292	849.180673
24231	857.882161
57458	858.428900
57807	859.314409
47283	858.787885
23411	855.464870
31235	863.094979
59736	865.450729
22601	866.758782
45773	852.235184
41876	872.574902
48657	873.297031
27345	876.178141
26508	879.976164
40634	882.930040
43707	883.021979
29160	884.070695
25319	879.810418
43458	888.084954
36966	888.106434
32082	889.453234
44927	889.492282
28011	893.152752
48652	893.606877
27538	897.716192
35967	899.594736
38261	899.940158
24667	900.200793
26943	896.833206
67658	904.146705
34952	897.983656
38381	906.633716
36144	909.897393
38535	911.828810
38951	913.838809
38101	907.046627
26522	915.659896
31084	916.192085
56620	916.140377
28606	918.374561
50821	922.866917
28112	923.929946
52655	924.634279
35831	918.570209
28437	926.546241
34160	927.034762
25329	930.522255
43537	931.059522
43352	936.777974
35833	937.261419
41779	940.510925
28586	944.236740
52091	953.516324
25779	953.611562
23694	962.269185
31628	959.437572
44351	972.189967
70354	977.116439
59090	971.462435
61820	973.224560
27984	982.807088
25421	985.317611
33409	985.434513
27547	978.975145
23474	991.815409
22151	992.296765
33948	994.141590
50018	989.424508
23386	989.575467
51156	990.609545
37936	1001.719350
23950	1004.868904
22858	1009.582232
52524	1010.444620
37635	1012.409668
67325	1013.479162
28873	1014.520715
25223	1016.822526
23917	1027.271662
27845	1029.082791
42448	1035.132679
61118	1036.871802
53482	1038.216385
60957	1037.681964
33340	1038.649708
33291	1042.044665
38001	1045.875003
41158	1047.744894
24485	1051.744850
23675	1051.763278
39592	1052.441011
29070	1052.534688
24561	1052.621142
27645	1056.287385
49053	1057.911161
32347	1056.196599
36493	1065.671217
47549	1067.754587
65457	1070.403532
60869	1070.959521
38760	1073.181966
28751	1074.858769
27492	1076.157888
55276	1076.680905
32313	1078.641145
50164	1080.111178
68302	1080.346701
34690	1084.685954
23761	1084.322787
22180	1087.737342
23866	1083.170766
54463	1091.144314
67484	1093.795685
27955	1093.906499
32768	1101.516637
28842	1104.447517
27404	1106.706600
34035	1106.726942
69311	1106.724694
59526	1106.745957
46977	1108.983564
55513	1110.203430
23967	1114.099343
29338	1114.645368
64476	1116.403559
33843	1115.848465
55389	1119.159273
32288	1126.612025
54656	1127.733847
62928	1128.023636
29591	1128.421646
43335	1131.763917
22894	1133.134757
50540	1134.486109
23450	1143.828059
66521	1145.651946
23757	1146.338532
48826	1147.590530
49928	1149.312331
59298	1149.281041
69247	1152.025247
30459	1120.042234
43820	1154.024858
22667	1158.294166
46367	1160.760452
47889	1168.413499
35107	1170.595770
26848	1173.886797
32430	1175.227752
45418	1177.342910
27308	1184.414567
28482	1186.202689
39300	1186.803684
31372	1187.138040
25230	1180.200552
42705	1190.245836
26063	1185.374945
51485	1195.719514
38434	1196.593191
31945	1198.611138
65240	1193.688286
33078	1203.072442
51315	1205.634936
45430	1210.807611
36813	1215.964636
33138	1219.700060
59120	1221.603665
28887	1224.677584
53931	1225.519983
30590	1225.575647
31287	1227.580070
25490	1231.102584
42943	1232.748880
66514	1233.201994
23238	1234.066451
32484	1237.210821
47045	1241.039661
46702	1236.020899
23902	1242.483816
25735	1246.380789
26851	1247.365603
30142	1248.134052
22715	1248.879275
50781	1250.047101
50434	1258.431783
37166	1268.071590
69762	1271.564535
26134	1272.410130
48529	1272.666732
65589	1279.180733
34268	1279.173753
25983	1280.568337
32225	1280.648894
26255	1282.509781
28239	1285.167504
44870	1279.305981
30952	1286.903199
31555	1287.103202
23913	1288.015511
50662	1288.019854
56967	1288.313110
41472	1293.568301
45447	1293.594380
28534	1296.908682
28900	1300.663944
26732	1306.319197
52886	1308.140870
33793	1312.195605
23218	1312.726414
30421	1312.901873
25802	1314.730615
47936	1321.984857
44168	1322.080779
47967	1322.972507
52732	1325.974953
54709	1319.625200
32116	1327.066190
61565	1328.057486
57520	1330.013121
33868	1330.940687
26372	1335.931567
39670	1338.303784
46365	1339.266044
55725	1340.523371
24433	1340.715272
44791	1340.742213
50979	1340.937311
29385	1342.212338
56572	1343.391632
23650	1343.427158
23879	1343.933759
41373	1348.085494
23528	1348.010244
47559	1349.473097
35299	1350.417179
34486	1357.541404
69694	1365.790479
63079	1367.292401
27863	1367.798728
41157	1371.751904
39904	1372.493923
65513	1372.570178
26207	1373.750743
60948	1376.218179
56435	1381.054024
37803	1382.223104
28059	1384.551368
26328	1384.999289
29551	1385.176327
30094	1385.722475
56484	1389.289721
24956	1388.025369
32572	1395.258705
31563	1395.332342
54763	1400.929045
51177	1401.861817
28002	1405.006624
36845	1406.439620
51966	1417.776172
43091	1412.970686
43569	1422.974814
46726	1420.067052
45659	1432.147420
39217	1433.134659
24227	1434.784805
51737	1436.364261
51112	1437.486735
25787	1439.122549
24363	1439.431254
30142	1440.507446
53082	1442.176002
40242	1442.295382
58502	1437.718978
29575	1450.653240
33534	1455.630644
49781	1457.552440
30419	1457.745253
22857	1457.818242
36102	1458.604601
23377	1464.233958
47753	1472.925077
35063	1473.380995
23540	1474.703253
28146	1478.416798
38518	1482.692267
69761	1476.084399
25255	1485.166671
36035	1489.306567
34789	1490.979558
41455	1491.405606
29931	1491.759575
28135	1493.371581
39592	1489.941995
41829	1434.887524
54225	1499.379326
54850	1500.118435
36966	1505.134899
38410	1498.242283
51182	1505.751428
50482	1511.193341
25442	1515.978879
60581	1517.227167
35044	1520.581925
52733	1524.796070
52085	1528.459224
56966	1529.488129
58261	1530.522185
55240	1532.900419
33375	1534.135308
28764	1534.434776
41150	1534.968187
26608	1542.070243
28360	1542.709017
66569	1543.355099
22917	1547.318159
66650	1548.396120
29261	1548.662655
30354	1550.483458
31822	1551.207850
46858	1551.526007
63695	1553.882797
28323	1554.360816
32910	1555.341777
45337	1524.682752
32371	1559.316628
32797	1564.391604
30879	1564.465001
67847	1565.085706
25483	1567.801794
27906	1561.720527
33849	1569.211262
30757	1569.895733
29773	1569.079267
42539	1579.311777
47280	1579.690029
26860	1585.221589
48861	1580.522720
41886	1587.771416
57406	1590.636649
31301	1584.007505
59026	1591.704044
25935	1594.889730
46677	1595.611605
63138	1597.396436
31532	1598.333409
55260	1598.637491
62124	1592.776793
53660	1600.239125
60058	1603.233376
24918	1606.359946
27276	1577.437338
54152	1605.292486
32996	1613.581530
33522	1615.374711
25375	1621.747448
38359	1622.069016
28433	1623.095698
48534	1624.913662
30113	1627.043994
37510	1620.830508
25133	1564.759256
27852	1628.428190
34561	1628.831806
43673	1629.510575
39027	1631.634995
23804	1632.877944
43375	1635.593908
42572	1637.821105
23615	1639.063094
55115	1637.359262
25032	1641.879055
31075	1644.139111
58627	1647.104376
22384	1648.612340
36915	1648.897829
57117	1653.184431
49742	1655.571437
41677	1656.895615
33599	1658.054131
33296	1660.229878
22601	1665.061743
45007	1658.981041
27698	1669.434962
28726	1667.236405
60135	1674.810843
29187	1669.934377
40537	1671.562646
29030	1678.628823
38858	1682.038643
40721	1683.895383
25866	1685.211814
29540	1693.574561
31166	1690.423330
44631	1691.117772
22875	1701.441558
48279	1701.677273
38967	1703.484269
53405	1709.359063
41175	1711.304366
31196	1715.309985
22257	1720.311253
32495	1715.036246
33505	1722.275249
23876	1724.878567
27939	1725.789026
31160	1726.687105
55212	1728.160725
23633	1728.474335
26982	1731.970460
65998	1736.894695
23189	1732.676521
47766	1740.903187
24489	1741.564167
24152	1744.810623
30273	1748.143271
26887	1749.097213
54760	1749.410144
33160	1751.865947
62793	1747.445008
42092	1754.755910
42758	1754.922624
35685	1755.713691
28570	1756.559741
26718	1757.794146
54454	1757.802205
69331	1761.104475
53169	1762.700814
49096	1763.218934
26518	1764.800057
56203	1770.912182
45715	1771.474710
48770	1772.872650
23309	1773.659176
37656	1776.461617
47361	1778.786372
45212	1779.455793
52609	1780.250201
33383	1780.966791
43780	1774.566083
26658	1781.797874
28571	1786.545801
45134	1783.109427
22469	1788.103170
36569	1788.197065
57456	1789.205164
28413	1789.387065
34919	1782.782555
23697	1799.403567
53445	0.170442
25678	2.974177
37069	3.599765
45421	8.126641
29396	11.683931
51258	11.913208
48173	12.813758
39861	12.969960
54158	14.622405
27697	15.971404
34917	16.428903
33719	16.634177
29695	19.151705
30760	19.802773
24640	20.888232
31268	23.621423
30646	27.823902
28365	32.455787
35250	34.662676
34876	42.676078
23278	43.923428
22831	45.964667
26661	48.560362
22757	49.369130
41193	62.086253
23734	60.205994
22784	62.945772
30573	64.825023
30422	67.337070
50436	68.013897
65200	68.166162
38594	68.590049
37209	71.798292
64735	74.129395
63397	74.582252
30066	76.225173
49628	76.982976
35803	78.600095
64593	81.680502
26287	77.305457
33792	89.246517
60763	91.292602
33768	95.735917
48257	97.008495
35282	98.193916
27778	100.822906
33410	101.521442
51992	101.867003
34070	103.300757
36200	103.882982
27912	104.972226
26625	105.513259
26245	107.096354
31281	107.684729
43541	107.856981
66313	111.105158
22021	111.351458
62155	112.044821
30056	114.112057
66459	116.395171
27657	118.774396
24884	119.084393
31202	126.409514
22093	126.618007
53157	126.591444
42715	128.131922
39266	123.996791
31660	131.158732
42774	136.341472
52827	137.672641
26171	137.776963
69515	139.540641
38263	141.744982
25365	144.358464
39022	145.962592
25618	152.294297
24761	152.405782
37764	153.102987
24670	155.472390
68914	157.169403
22013	157.862327
35753	162.189430
43645	167.324994
26581	162.701918
49341	170.710202
34956	173.060082
56630	173.193643
49796	181.396079
33089	190.081994
52978	189.129418
62948	195.746086
51884	196.986590
39321	197.054780
40932	200.884759
35129	202.765153
22274	204.470587
60699	204.754238
25665	205.738666
48015	207.244546
31214	201.078282
54702	208.486264
44337	202.969088
40924	213.198484
32386	214.575689
26542	225.058845
36025	225.519462
38110	220.412286
52184	227.260399
35281	228.788745
27071	236.842817
22513	238.452204
31856	240.749498
22201	244.285314
36426	245.651155
45362	247.682032
65360	247.828125
29682	248.373222
36884	244.670815
31633	253.203559
69486	256.938338
31895	258.515713
29908	258.939715
26259	259.431562
64960	261.598009
53347	263.694435
22455	264.160888
46338	264.442671
34157	270.907270
53077	273.634559
38370	267.561409
34284	275.563812
37755	276.191050
60330	281.177617
58148	282.213712
55871	284.334940
36779	279.841769
43209	291.672976
25850	295.234390
24713	295.484311
46518	301.863633
34513	302.572774
35034	311.842265
37604	309.854146
49276	313.253388
56051	307.536092
48635	314.634925
66649	315.220716
37411	317.380131
24529	317.807132
28343	318.907917
48034	320.322304
31374	321.051720
33889	322.172678
29365	322.221958
38965	322.977980
43563	339.649415
28174	342.945459
65751	347.782540
32812	350.777367
30315	352.385276
37561	363.656034
69596	363.951067
31473	367.283597
29373	369.774426
52208	375.799301
55786	378.537776
37297	348.058358
27306	372.413671
27027	383.876769
24861	384.058012
26870	385.547214
26728	388.339529
62788	401.151718
66509	402.764765
22519	403.707823
39431	398.701262
26616	407.033502
45858	408.921921
63600	412.450189
41367	406.092155
69654	413.231489
33757	412.908728
56261	416.670402
67007	418.281634
42240	419.438293
52296	413.648584
59459	414.161221
36670	424.520939
29399	429.627222
23607	430.752241
23317	433.778703
64455	435.558567
59615	434.982271
27285	438.215371
30720	439.491949
60623	440.262762
35180	441.937709
30892	445.040311
27260	445.049990
22891	445.621955
47030	459.657821
47195	461.179409
30824	458.287251
25652	467.927120
64052	470.223702
62271	469.263683
47547	478.443187
22150	479.088908
40971	481.860872
46544	483.118063
46236	484.534747
38036	486.155524
46201	487.003255
27551	488.934005
33261	484.039467
45491	489.946258
32502	490.412790
39489	490.494656
27764	492.193374
43652	495.619936
23345	490.357020
36871	482.057583
63167	499.281796
24298	500.534750
38002	500.999897
23683	438.000569
69154	502.692998
57461	506.315663
50336	514.557856
27265	515.896087
22346	517.506058
31488	518.891074
43238	518.954554
32318	520.604883
44304	522.891505
27658	461.525012
25820	526.951121
46532	530.403966
22017	535.789691
49927	540.007159
69608	540.483877
47564	540.919157
45178	543.123597
50083	543.170805
60375	543.213894
45659	547.761647
68566	551.182739
31465	551.862842
39331	552.863010
38310	550.276585
32967	561.463257
56418	561.961722
69032	562.794629
66164	564.920969
63424	533.843736
31506	565.415661
31775	565.494335
30688	560.748362
25289	569.924439
32440	570.226188
30801	570.321357
44844	571.629585
59542	580.530949
46909	593.456142
28682	596.720891
49063	592.835077
49796	599.810080
35550	602.758348
63922	573.147019
56611	604.753957
64620	603.549468
32541	606.800721
44966	606.817596
25612	611.442922
24405	604.971153
60537	613.719577
35750	615.509060
40074	612.669488
57880	619.753744
39352	593.086976
35228	626.614509
24667	627.325690
22809	624.082953
27515	633.849563
24617	636.522349
30421	636.987186
40244	637.057832
61019	640.570015
27917	641.358727
22133	642.481641
22673	644.093577
26515	645.240991
27146	647.787491
30972	649.844136
33713	653.600792
22485	663.811983
53563	665.523831
40885	666.134400
53412	672.723054
50094	673.744873
56342	674.022441
28415	677.611859
35194	671.953442
34783	679.213588
27466	684.114407
66116	679.087486
50798	687.646821
39984	690.727042
28327	691.271373
34672	691.486368
60924	706.897356
51149	709.206999
32499	710.701348
35696	704.683621
52860	711.858774
36655	713.169557
49894	712.472805
47164	713.995273
22742	715.388203
37325	719.328521
22273	719.850795
33058	721.126790
40473	721.887060
35328	727.942972
29652	734.810373
38329	736.202440
63830	737.358204
24075	737.551139
36088	740.178976
49595	741.156802
24885	741.639613
24798	748.327521
27040	750.742543
26828	756.677545
52215	758.278127
25258	759.489073
58821	769.570585
27706	770.078146
47224	770.088195
69174	774.945863
24000	770.095378
23717	777.827484
62669	778.029470
40475	778.214688
46173	779.825798
34825	783.089350
35488	787.401723
25794	790.091510
22781	794.252881
58334	796.529955
60554	798.467698
24774	804.233227
44431	812.160645
66348	812.810980
38989	816.156990
69435	818.566886
33646	818.840085
65487	824.527779
36669	818.348995
38566	829.138847
23753	829.968248
57304	830.046093
37417	826.115460
22246	838.894754
24977	839.985068
43588	840.266376
30118	840.389558
53454	842.182279
26044	842.255034
49673	837.631031
30126	844.365111
30315	849.747574
38800	852.358226
68494	852.998243
24892	853.058555
29392	854.403506
32056	856.360897
27440	857.389448
33205	860.525084
28455	855.495190
37277	863.580901
45140	869.288737
22410	879.010268
48104	875.041728
59645	884.649202
24424	885.977557
48975	882.936255
36564	892.068086
55401	893.690634
48743	893.752665
24027	893.955571
67035	900.722160
41629	903.077909
52818	903.126402
51212	904.070096
36460	904.570202
37557	905.525012
44832	909.284716
34341	914.095265
35233	917.948202
24692	918.228973
46882	921.662389
24659	921.809065
33390	922.112600
28097	928.525037
33218	930.572462
44570	931.556257
30297	933.086407
62883	933.784310
30256	933.741850
31314	934.182749
66961	936.039408
60505	936.417834
64841	938.461930
40931	939.878527
23533	941.928313
23457	944.519098
27480	944.607596
26702	944.920784
53517	945.419899
61867	939.817097
63814	948.500806
22851	948.626180
26436	955.167298
24063	956.110126
43923	956.810297
54082	961.954794
36518	964.270389
55281	968.134401
25486	965.998672
36989	973.360300
24299	977.807376
27893	985.296790
22807	986.327110
56098	986.468491
47457	987.226213
61135	990.418133
42896	993.438439
44117	993.831699
69453	994.976222
28638	995.884324
36714	996.139994
29264	997.993677
58388	998.411113
50015	1001.892372
31318	1001.946351
28795	1002.843991
52353	1003.907343
23840	1004.000190
58947	1000.792007
65483	1011.205709
48290	1008.237395
29165	1013.901599
63864	1016.190791
29613	1017.407293
32382	1011.211269
31713	1011.881437
53603	1018.969951
26952	1013.690051
25634	1015.594105
27605	1023.002477
32789	1023.859719
24360	1023.801272
27279	1024.593712
25426	961.401315
36299	1027.198148
62667	1021.821809
70435	1024.254438
30036	1032.006418
59246	1034.075016
68366	1034.331000
22580	1039.262757
45384	1041.123457
48417	1038.826862
27864	1044.389174
30760	1052.856080
40560	1054.724780
63682	1054.824567
25086	1056.248433
43323	1058.150882
25855	1058.375881
54622	1058.447086
67966	1058.673457
32403	1063.142392
35726	1065.510567
50095	1066.962792
66447	1068.831092
39307	1062.058289
30656	1070.718976
30099	1071.742296
45572	1073.171990
25657	1074.490815
45017	1076.658913
28749	1078.314318
39935	1080.036274
23472	1074.906980
26667	1085.349628
26233	1086.992085
33842	1081.538857
36815	1088.335972
36792	1090.416161
38592	1092.677264
42372	1094.710753
50047	1099.729949
39799	1094.371891
38958	1103.726031
31653	1102.941057
21991	1108.242865
23106	1108.490638
66797	1116.522610
52109	1117.361783
62659	1119.177137
68243	1125.247560
53168	1130.224183
23830	1133.323295
32249	1133.536462
43186	1133.720252
25546	1138.510539
32368	1140.437834
24183	1142.284671
41065	1145.164771
54760	1149.419103
49739	1149.769443
29260	1149.807354
47849	1151.852427
22590	1152.729312
64926	1153.781009
27217	1148.227597
56288	1155.968406
45314	1158.329541
47100	1158.599076
36094	1160.827036
57710	1162.377082
39452	1163.069202
31209	1163.379716
42613	1161.506242
45823	1172.270078
63559	1184.364106
53326	1184.564194
25572	1184.657940
65770	1187.174650
63543	1192.845260
29749	1195.467451
61652	1197.336938
25450	1198.926583
40360	1192.846786
37086	1202.824752
55353	1203.071083
53245	1212.627350
43491	1213.593552
28301	1217.299446
50180	1217.551379
56913	1219.076117
60263	1171.194155
48234	1237.618641
45444	1240.243846
28215	1240.308112
67032	1240.879265
62622	1245.437525
34609	1251.324637
32442	1251.605383
48010	1251.748320
35081	1254.272577
59166	1254.635663
25413	1257.884806
43080	1259.527192
31751	1253.097270
68114	1263.425991
40910	1264.864472
22647	1265.634286
39325	1266.294367
56870	1267.479221
34141	1267.789267
53450	1278.108835
55584	1280.040110
51201	1280.788255
28061	1281.453452
36817	1284.568652
49018	1284.659371
47664	1286.700443
22020	1287.774879
27289	1288.411177
25654	1292.012208
43941	1288.883002
24644	1297.971536
22568	1312.690531
54421	1316.634319
38097	1316.926765
24046	1319.461738
46237	1320.402391
36128	1320.569571
49788	1321.086273
26062	1314.565209
43089	1323.586684
22971	1323.730922
24792	1323.876930
29603	1326.740829
25958	1331.808491
47882	1333.314140
27197	1333.676027
66663	1326.842100
33911	1335.055276
39540	1328.395960
69145	1337.927552
22756	1337.986439
25943	1338.738854
56161	1344.190859
54835	1345.790568
65170	1347.887824
35263	1341.064087
38139	1350.109446
64882	1352.114656
39723	1352.806446
53324	1322.039696
58436	1355.111129
23081	1355.921203
28314	1359.348464
49160	1355.089573
22939	1363.391068
33834	1365.598249
44901	1365.757356
59209	1368.157463
34268	1371.397383
29500	1373.154281
31551	1379.598384
26092	1380.028188
38165	1385.646840
36542	1386.348870
40422	1390.439745
22515	1386.470672
54230	1404.521585
24787	1407.558298
37524	1408.786468
45497	1417.199024
25110	1419.371023
33091	1419.863401
43207	1422.564772
40300	1415.818931
37841	1429.720776
30538	1438.288896
32065	1440.631631
51361	1443.544277
68000	1449.121270
53604	1450.052831
39218	1451.760811
43010	1451.777232
32127	1456.427687
47499	1449.936246
24569	1457.024199
54282	1450.132410
49328	1450.158604
54860	1462.943724
52293	1465.435559
24788	1466.160797
35822	1471.799354
58138	1472.171954
40110	1473.099852
40527	1473.724530
28855	1479.316107
46691	1482.451397
35462	1482.788832
22980	1488.812963
33762	1490.396405
23219	1490.843963
22330	1494.264700
38631	1494.514157
39073	1489.001669
32438	1496.849341
34872	1490.560705
61400	1501.120267
35252	1502.684932
25915	1505.031036
24679	1505.430035
65362	1512.446692
65531	1513.000231
23773	1506.077337
40169	1517.937875
38474	1522.023309
46721	1525.360073
29265	1525.646666
23836	1522.476648
35776	1541.309348
25005	1538.615237
35713	1547.289997
59533	1550.424310
32160	1550.983496
43354	1553.563441
45403	1561.073248
38236	1561.109636
45156	1561.235531
27475	1560.154544
57978	1562.525749
38538	1561.754622
53778	1565.600596
24205	1568.290250
39034	1568.659277
47674	1545.357709
32740	1571.318973
39523	1572.451941
54107	1583.245138
45204	1583.309364
23476	1584.454275
22416	1584.782841
27047	1583.139002
49328	1591.765659
48319	1592.180223
47396	1593.001216
30229	1596.064560
31850	1596.508025
38670	1600.815798
25193	1601.457813
55834	1602.848897
34046	1606.457192
33276	1606.866112
25151	1607.465999
32219	1612.829320
52074	1623.976750
34070	1625.840635
57671	1627.981940
30030	1634.881394
47475	1628.114724
27845	1637.315580
22613	1643.144322
22410	1646.189494
45961	1646.563172
28840	1649.912313
48626	1644.257293
38887	1645.398093
37642	1654.769904
31573	1648.102011
28395	1657.497273
26843	1657.867285
38254	1661.063905
23867	1654.189397
36901	1667.505469
27139	1669.711706
62043	1673.736323
47504	1675.806486
45211	1677.280411
51332	1677.610856
64241	1678.260307
39080	1681.088400
60416	1681.935958
67487	1682.259549
34721	1683.122784
27051	1683.191352
53539	1685.939996
26161	1686.263383
39908	1682.505910
22197	1694.653056
57586	1699.618740
28174	1703.106690
23391	1702.509884
22062	1699.746508
50493	1700.400274
44539	1707.698894
23785	1709.478144
56082	1707.457747
64671	1710.688448
47270	1709.796164
49881	1711.564233
27824	1711.984945
46833	1706.774100
30956	1716.439556
31811	1718.561871
26374	1721.280122
38988	1715.719780
26253	1728.629760
42192	1733.794752
48946	1734.603037
35330	1736.067296
39963	1737.080123
28093	1738.543535
26466	1739.282742
35431	1739.684969
46757	1740.874117
38955	1741.483975
66598	1743.859386
22005	1745.502752
61025	1746.041991
43011	1747.071455
37479	1741.221699
33490	1748.545802
60903	1742.172386
31628	1750.022702
32676	1750.284324
40995	1752.697585
35927	1755.518117
33829	1761.173862
43331	1758.637862
32141	1766.135910
52555	1768.443314
25843	1769.879988
24929	1767.299761
22681	1775.224419
22819	1775.319375
59585	1777.592891
31847	1779.813358
48796	1783.861602
26414	1786.521087
68568	1787.831647
41431	1789.523976
39509	1789.751877
44158	1790.106850
48155	1786.550453
65945	1793.967054
29521	1794.773605
29431	1795.949183
59811	1789.091099
46578	1799.188280
