35456	95.3977	39.2127	467600	19.933308	100.0000
44204	95.7554	14.7375	176400	104.651491	100.0000
35540	95.2528	98.6512	1174600	126.962141	100.0000
33182	88.3749	1.6475	18200	132.641380	100.0000
47912	90.2410	6.7021	75600	136.140490	100.0000
59602	95.9261	0.8173	9800	208.561446	100.0000
52516	95.5908	21.5586	257600	302.887043	100.0000
54198	95.4976	111.8855	1335600	401.857747	100.0000
55386	96.6532	14.8324	179200	412.206100	100.0000
33742	94.8520	10.7452	127400	732.793046	100.0000
40218	96.6177	11.3602	137200	949.291259	100.0000
46280	94.5223	2.4883	29400	956.341380	100.0000
60486	94.2300	1.7829	21000	1026.115878	100.0000
33052	94.2300	0.8320	9800	1165.759498	100.0000
40130	91.3569	15.5697	177800	1309.488604	100.0000
49894	83.7211	2.9431	30800	1429.066689	100.0000
53550	94.3282	28.8525	340200	1740.516459	100.0000
52806	94.5870	201.0592	2377200	11.915180	100.0000
41626	58.6867	5.9162	43400	425.840714	100.0000
33820	95.5843	11.9518	142800	954.479181	100.0000
46154	97.5995	7.6886	93800	1118.367189	100.0000
50288	95.4889	71.7822	856800	1123.005711	100.0000
50434	95.2985	9.5196	113400	1171.450318	100.0000
34244	56.3140	50.5167	355600	1308.296081	100.0000
52830	24.0801	26.5115	79800	1353.247299	100.0000
48070	30.0950	5.9545	22400	1401.308608	100.0000
55798	95.6813	124.0786	1484000	1440.509543	100.0000
40092	96.6877	2.5484	30800	1540.570881	100.0000
47974	19.4857	57.4781	140000	1613.800449	100.0000
60270	94.8589	13.9323	165200	1773.596077	100.0000
41158	22.5412	85.4612	240800	7.244345	100.0000
55676	96.6047	2.2028	26600	22.804385	100.0000
50300	95.5628	185.5283	2216200	61.599069	100.0000
40832	95.6115	250.5640	2994600	217.717706	100.0000
54778	89.1868	1.2558	14000	416.128832	100.0000
47006	99.7874	1.6836	21000	545.871832	100.0000
60648	80.9255	11.9023	120400	637.897164	100.0000
34048	95.4939	20.5249	245000	664.090216	100.0000
34772	94.2300	0.8320	9800	742.724854	100.0000
44516	94.7737	12.7630	151200	789.400950	100.0000
50808	93.2780	1.6810	19600	984.380731	100.0000
46750	26.6154	12.2035	40600	1042.654980	100.0000
51832	93.5836	4.6675	54600	1174.274997	100.0000
48300	94.2300	0.9509	11200	1192.134593	100.0000
49248	95.6068	166.2308	1986600	1412.951317	100.0000
59264	97.6640	10.4358	127400	1452.850995	100.0000
52058	95.7000	5.2665	63000	1491.926877	100.0000
36954	84.4076	270.1558	2850400	1501.512505	100.0000
46076	89.2908	1.7561	19600	1640.517437	100.0000
49744	93.4485	67.4768	788200	1703.591602	100.0000
46520	94.3039	11.2827	133000	1756.911455	100.0000
39796	95.9023	12.6128	151200	97.408514	100.0000
56502	7.9987	82.6131	82600	129.743400	100.0000
57130	34.3477	11.4127	49000	205.933364	100.0000
51696	37.1437	12.6643	58800	630.366843	100.0000
55456	95.6439	113.3539	1355200	951.768185	100.0000
55602	44.6010	37.4162	208600	1066.886073	100.0000
37430	94.2599	31.9627	376600	1163.101867	100.0000
42106	94.2300	0.8320	9800	1312.144100	100.0000
38830	95.5730	162.4225	1940400	1413.096337	100.0000
49288	21.9217	14.3054	39200	1456.229957	100.0000
45414	47.5473	4.0044	23800	1537.370311	100.0000
54290	88.0095	4.5813	50400	1540.746888	100.0000
40016	94.9023	23.1311	274400	1547.183462	100.0000
36482	94.2184	10.2231	120400	1549.940180	100.0000
53872	96.5566	3.1318	37800	1645.597766	100.0000
38760	18.1117	58.7466	133000	1650.555284	100.0000
45942	94.3003	60.2161	709800	1782.243388	100.0000
50616	20.7706	32.8927	85400	130.277435	100.0000
46862	95.9448	9.4554	113400	143.002668	100.0000
42562	95.5108	184.3393	2200800	557.176339	100.0000
33838	95.5479	209.7043	2504600	569.263456	100.0000
51922	99.3789	1.1270	14000	579.788069	100.0000
34854	89.0146	1.5099	16800	629.799340	100.0000
42284	94.3512	7.8346	92400	824.550670	100.0000
49636	95.9370	42.4945	509600	829.161607	100.0000
36436	90.9705	2.3392	26600	845.872080	100.0000
45766	95.2487	15.7567	187600	925.552341	100.0000
52606	71.6330	102.8799	921200	928.307636	100.0000
33150	97.6072	1.4917	18200	987.440685	100.0000
52188	93.6835	26.4209	309400	1023.241906	100.0000
53390	89.7881	2.7442	30800	1029.350784	100.0000
54034	96.0059	12.1326	145600	1169.387751	100.0000
42628	95.0372	74.2446	882000	1177.262849	100.0000
36416	94.2300	0.9509	11200	1307.914312	100.0000
46572	97.7443	1.1458	14000	1489.268318	100.0000
44652	95.4709	136.9046	1633800	1632.737440	100.0000
33166	93.5851	243.9020	2853200	1785.481323	100.0000
52696	93.9008	10.6155	124600	1790.163098	100.0000
59600	94.2300	1.9017	22400	85.015728	100.0000
43174	31.3513	447.9819	1755600	228.957342	100.0000
39920	93.6877	166.2886	1947400	286.210717	100.0000
49996	91.3306	156.9682	1792000	406.739340	100.0000
46858	95.2788	15.3990	183400	777.831754	100.0000
33372	96.7226	2.5475	30800	889.162214	100.0000
56322	97.0688	10.6152	128800	957.878681	100.0000
34172	31.6373	488.5379	1932000	1164.205323	100.0000
39468	99.6430	3.0348	37800	1221.332550	100.0000
33644	94.2300	0.8320	9800	1267.791128	100.0000
56524	80.1001	106.6865	1068200	1355.643729	100.0000
51324	95.3388	47.6952	568400	1391.101362	100.0000
45748	95.4328	115.7170	1380400	1548.737761	100.0000
44106	98.6247	3.9747	49000	8.985798	100.0000
34284	89.6946	13.2360	148400	13.908964	100.0000
57480	83.6131	11.3858	119000	56.557883	100.0000
32844	90.3016	0.9922	11200	94.053183	100.0000
55138	94.2300	0.8320	9800	145.508843	100.0000
51218	24.8228	146.1882	453600	329.322672	100.0000
57764	96.1005	35.4296	425600	451.631645	100.0000
34218	97.4997	6.6626	81200	544.589343	100.0000
48998	93.9255	1.4309	16800	640.684314	100.0000
58566	92.4986	6.0541	70000	695.466895	100.0000
58138	63.1543	64.1983	506800	942.797675	100.0000
34892	94.2300	1.9017	22400	1160.481295	100.0000
42242	95.8516	3.5054	42000	1213.860064	100.0000
44590	95.2368	14.8178	176400	1284.757000	100.0000
42330	91.2941	189.7867	2165800	1361.604481	100.0000
54020	95.4208	36.3862	434000	1442.785755	100.0000
50222	78.6977	120.9692	1190000	1466.802577	100.0000
58784	93.9876	22.4030	263200	1495.503554	100.0000
38798	95.7867	103.9476	1244600	1530.025327	100.0000
44032	95.6908	210.7956	2521400	1657.426899	100.0000
50172	95.7356	70.8953	848400	1672.061446	100.0000
55212	93.3118	11.6427	135800	59.103155	100.0000
34454	29.3646	8.0097	29400	169.935838	100.0000
44576	95.6310	114.5402	1369200	175.738989	100.0000
60522	94.8859	18.7678	222600	254.991020	100.0000
35310	94.2300	1.6640	19600	336.658760	100.0000
35484	95.3546	24.7833	295400	352.623384	100.0000
38510	96.5300	13.3430	161000	409.871280	100.0000
56110	95.9032	39.3564	471800	607.445014	100.0000
49604	96.9848	0.8084	9800	617.942785	100.0000
54130	95.7381	10.5287	126000	822.863402	100.0000
34940	61.4015	43.2302	331800	881.288901	100.0000
36314	94.9595	5.0716	60200	923.212732	100.0000
40688	22.5906	6.9409	19600	1055.448611	100.0000
35362	92.5345	6.7780	78400	1123.004171	100.0000
53666	94.3795	23.2593	274400	1159.921699	100.0000
53442	95.2190	56.5769	673400	1436.851926	100.0000
60614	93.7085	12.3105	144200	1622.576099	100.0000
35768	85.5790	109.0174	1166200	1706.475562	100.0000
52214	72.7686	4.4635	40600	1745.409264	100.0000
46814	95.1986	161.7671	1925000	1795.954484	100.0000
36746	36.1506	115.2511	520800	36.980702	100.0000
60436	95.7034	62.2590	744800	109.965302	100.0000
41222	22.2082	487.1716	1352400	271.955337	100.0000
47524	77.2807	177.8246	1717800	299.536775	100.0000
54702	95.4989	22.4003	267400	317.164071	100.0000
43132	95.7592	19.4154	232400	342.865073	100.0000
42130	74.4116	67.4303	627200	405.807359	100.0000
33712	94.2300	1.0697	12600	576.674008	100.0000
56622	89.9893	5.2273	58800	613.660422	100.0000
60160	34.8313	95.1788	414400	624.543162	100.0000
53428	96.4166	5.5758	67200	648.005685	100.0000
49674	94.2300	0.8320	9800	892.995655	100.0000
37494	57.2854	3.5192	25200	926.849431	100.0000
53840	90.8708	3.0813	35000	1267.654198	100.0000
46876	82.1332	1.9091	19600	1311.056468	100.0000
58730	92.4515	3.2709	37800	1362.877126	100.0000
37574	98.5132	7.1625	88200	1396.825261	100.0000
49546	94.2300	0.9509	11200	1560.176413	100.0000
38698	95.6440	180.3355	2156000	387.071064	100.0000
44202	90.7001	1.7288	19600	615.340571	100.0000
34644	95.5214	149.3780	1783600	732.835306	100.0000
59492	69.2361	34.4560	298200	877.967964	100.0000
38458	86.1279	3.9012	42000	969.714097	100.0000
46750	89.4742	1.0014	11200	996.499352	100.0000
33760	94.7396	8.2753	98000	1021.258576	100.0000
59078	77.8263	1.2952	12600	1111.100229	100.0000
51976	94.2300	1.7829	21000	1134.304824	100.0000
39866	94.1263	8.6862	102200	1190.678464	100.0000
59642	95.8242	3.5064	42000	1320.114013	100.0000
39232	93.4434	227.1321	2653000	1580.401499	100.0000
34366	95.5030	113.5211	1355200	1585.206012	100.0000
60316	82.0977	132.4666	1359400	1589.392516	100.0000
38474	89.0832	232.9688	2594200	1706.790278	100.0000
46670	96.3687	8.6003	103600	1718.723806	100.0000
56500	94.6180	10.2983	121800	10.862816	100.0000
56568	89.4584	207.5780	2321200	52.955657	100.0000
60012	99.8345	4.3752	54600	441.482774	100.0000
32786	94.2300	1.6640	19600	489.668298	100.0000
48632	96.0524	22.6210	271600	514.963718	100.0000
55946	95.3258	169.8931	2024400	682.563508	100.0000
43602	98.8824	4.7572	58800	772.998500	100.0000
38812	95.1878	26.4740	315000	777.574163	100.0000
41008	95.7939	40.3366	483000	779.914869	100.0000
45782	95.1810	42.7144	508200	883.277542	100.0000
38432	89.1813	3.3908	37800	910.639742	100.0000
35558	95.5675	33.0489	394800	1206.117475	100.0000
39464	94.0554	8.6928	102200	1226.529432	100.0000
50998	94.9230	24.3060	288400	1384.570333	100.0000
55174	95.4441	55.9742	667800	1575.863292	100.0000
38378	95.2313	6.3509	75600	1602.825846	100.0000
33780	93.5238	81.6734	954800	1624.206290	100.0000
45930	21.4003	140.7834	376600	22.666455	100.0000
36498	95.6243	164.7949	1969800	91.345209	100.0000
42296	33.3721	148.6752	620200	122.141077	100.0000
47570	93.8975	0.9542	11200	263.725890	100.0000
48934	19.6560	298.5748	733600	289.165997	100.0000
52398	91.3375	1.1036	12600	346.346244	100.0000
33312	95.6429	97.3120	1163400	590.895002	100.0000
59926	95.3944	2.2307	26600	775.685095	100.0000
54038	95.5902	150.4421	1797600	783.010099	100.0000
58972	95.7138	13.8078	165200	1051.483346	100.0000
53990	94.2300	1.0697	12600	1371.616527	100.0000
33214	95.5432	21.6865	259000	1400.351065	100.0000
57350	94.2300	1.3074	15400	1562.232799	100.0000
41428	58.1037	71.7063	520800	1686.695849	100.0000
60700	52.2229	13.7258	89600	1688.439285	100.0000
57538	16.9271	64.1810	135800	1692.035176	100.0000
36606	65.7348	7.8376	64400	1737.019038	100.0000
59050	28.6594	221.1907	792400	1.687860	100.0000
50944	91.1496	6.5124	74200	193.637681	100.0000
52034	23.2881	496.8025	1446200	308.041177	100.0000
35716	96.2211	2.9100	35000	309.582754	100.0000
34296	95.4768	35.4264	422800	365.824584	100.0000
43746	46.9559	3.8163	22400	432.600459	100.0000
34474	19.0224	122.4659	291200	486.469015	100.0000
49848	86.1512	1.3000	14000	653.975328	100.0000
36030	94.9998	48.5727	576800	719.014938	100.0000
60344	95.3809	37.5756	448000	735.027103	100.0000
50722	89.6304	1.8744	21000	888.118302	100.0000
48202	90.8180	2.7131	30800	896.623389	100.0000
46032	96.0006	25.5498	306600	918.746195	100.0000
34914	41.2460	3.5300	18200	925.368432	100.0000
57596	68.8534	338.9926	2917600	1015.319702	100.0000
60508	27.6024	792.8594	2735600	1420.935278	100.0000
55326	64.9838	1.7235	14000	1450.793395	100.0000
52310	95.2226	31.4043	373800	1479.081443	100.0000
58876	94.8976	19.5916	232400	1490.025627	100.0000
35216	83.0082	2.5636	26600	1537.076728	100.0000
59888	94.7264	18.3265	217000	1589.269673	100.0000
54898	85.7473	122.6488	1314600	1633.608057	100.0000
38640	94.2300	1.4263	16800	1667.819326	100.0000
47328	91.5099	10.1585	116200	1680.451172	100.0000
42124	96.0595	11.4262	137200	31.695352	100.0000
58690	95.5290	78.9038	942200	40.537585	100.0000
40982	94.2300	1.5452	18200	46.220595	100.0000
60532	35.3167	15.2223	67200	115.392490	100.0000
39644	93.7703	48.4930	568400	209.365379	100.0000
33316	95.1631	26.3632	313600	261.566500	100.0000
45410	95.5473	76.7787	917000	378.517947	100.0000
56066	94.8552	5.4314	64400	560.581051	100.0000
57156	10.3728	558.2289	723800	594.066796	100.0000
44024	95.4152	43.3138	516600	681.949426	100.0000
34710	22.2288	13.1001	36400	1042.755209	100.0000
40648	95.3532	29.8343	355600	1067.560923	100.0000
60496	95.5587	231.0120	2759400	1103.696339	100.0000
60368	22.0356	83.3560	229600	1352.071253	100.0000
44254	90.5143	256.2601	2899400	1565.421496	100.0000
36804	95.6772	99.7354	1192800	1794.335231	100.0000
60668	87.0041	50.5907	550200	99.568094	100.0000
52286	94.4585	25.7298	303800	198.055571	100.0000
57016	91.8948	6.3377	72800	257.847039	100.0000
41120	36.8625	8.8111	40600	396.830537	100.0000
41808	93.2212	8.7705	102200	501.337744	100.0000
42594	93.3531	4.4391	51800	562.439252	100.0000
46628	50.2832	5.1230	32200	712.904848	100.0000
53836	94.6675	55.1319	652400	879.645899	100.0000
58788	95.4913	7.6237	91000	898.943702	100.0000
45982	51.0126	84.3085	537600	900.200282	100.0000
51066	68.8147	46.2227	397600	929.947402	100.0000
48104	95.0671	27.9213	331800	1048.034588	100.0000
54880	45.6649	4.4148	25200	1110.770117	100.0000
41620	94.9487	15.8064	187600	1137.123535	100.0000
56350	64.4981	44.9750	362600	1313.604176	100.0000
43922	88.6447	1.7689	19600	1334.645629	100.0000
50928	92.7580	5.3128	61600	1490.319592	100.0000
49716	93.0339	6.1397	71400	1527.384906	100.0000
56628	46.7939	254.6657	1489600	1622.696937	100.0000
33850	91.9232	3.5334	40600	1652.895901	100.0000
34266	93.7606	5.8532	68600	1708.767285	100.0000
33508	95.4240	65.1409	777000	1730.771705	100.0000
39708	86.4667	1.8134	19600	1755.598352	100.0000
47386	94.2300	0.8320	9800	1759.651425	100.0000
34450	86.5467	2.7176	29400	55.107734	100.0000
51626	89.4746	1.6273	18200	92.156212	100.0000
42400	17.2633	35.0338	75600	153.582564	100.0000
37730	95.2823	90.8626	1082200	177.776629	100.0000
47842	95.7365	4.4455	53200	231.725742	100.0000
40980	85.8849	77.9834	837200	374.061224	100.0000
35790	95.5140	162.9918	1946000	435.842163	100.0000
57642	94.7434	37.3556	442400	488.053197	100.0000
39138	92.4343	7.8759	91000	566.577285	100.0000
50620	93.8646	6.8013	79800	578.163950	100.0000
37390	95.0005	18.9810	225400	661.819197	100.0000
51572	95.1264	36.9697	439600	755.678578	100.0000
35992	29.4189	26.2688	96600	797.001227	100.0000
36062	95.3749	64.5873	770000	808.375064	100.0000
36128	94.4606	9.9597	117600	813.197416	100.0000
42852	97.4446	7.0112	85400	851.442775	100.0000
53500	13.2468	38.0468	63000	857.578517	100.0000
51960	78.1873	6.4461	63000	1024.612199	100.0000
40494	90.8963	7.3930	84000	1089.337682	100.0000
39032	95.4331	63.3742	756000	1152.571100	100.0000
46042	94.9325	3.7753	44800	1192.619591	100.0000
34640	95.3750	120.1321	1432200	1337.951216	100.0000
42144	89.1520	17.8392	198800	1413.943244	100.0000
36150	23.2031	126.9483	368200	1778.131952	100.0000
53986	94.2300	1.4263	16800	1790.045086	100.0000
58946	95.7783	2.1049	25200	289.545741	100.0000
38714	67.1721	102.3758	859600	446.757074	100.0000
49482	86.9960	1.9311	21000	472.961395	100.0000
34152	90.7548	4.0725	46200	563.191609	100.0000
43614	90.7943	2.8372	32200	880.307974	100.0000
35278	95.5917	107.0887	1279600	883.852423	100.0000
40988	17.8076	142.1418	316400	895.355495	100.0000
43678	95.6162	195.2640	2333800	949.932611	100.0000
57392	95.0306	26.7535	317800	999.783252	100.0000
46052	94.3924	11.8654	140000	1258.829873	100.0000
56876	95.1845	72.6000	863800	1343.643474	100.0000
54102	95.8836	4.2051	50400	1407.045123	100.0000
40934	95.5748	66.4443	793800	1446.385993	100.0000
35848	93.1781	33.0550	385000	1507.329254	100.0000
34246	95.6067	96.5288	1153600	1513.895696	100.0000
36162	27.0659	77.3815	261800	1655.377723	100.0000
35728	95.6985	14.1611	169400	1710.358030	100.0000
35526	95.9570	10.9716	131600	1734.181393	100.0000
37438	23.5534	522.1152	1537200	1785.498883	100.0000
58918	30.7087	29.9068	114800	10.247795	100.0000
55950	94.5396	16.9411	200200	34.396315	100.0000
46430	95.6023	22.4932	268800	110.827529	100.0000
36662	34.7782	8.0510	35000	325.059047	100.0000
50780	90.3433	74.7549	844200	826.270932	100.0000
51114	94.0281	16.0803	189000	840.915136	100.0000
53500	95.1786	8.5902	102200	987.655992	100.0000
37040	95.1916	14.3542	170800	1270.546740	100.0000
33454	36.9532	13.9419	64400	1316.104802	100.0000
46786	47.7835	286.6598	1712200	1458.283363	100.0000
36892	88.3356	2.2822	25200	1478.664354	100.0000
41212	19.5706	295.8729	723800	1546.190448	100.0000
57740	11.2886	43.6546	61600	1556.308696	100.0000
35490	90.2388	0.8688	9800	1556.954519	100.0000
46720	94.2300	0.8320	9800	55.472643	100.0000
48226	95.4914	134.4121	1604400	95.156287	100.0000
35870	22.0041	632.6816	1740200	122.763578	100.0000
59776	26.3066	498.9782	1640800	308.205448	100.0000
57094	95.6128	8.1997	98000	448.240915	100.0000
53960	95.5233	11.1386	133000	538.461448	100.0000
37882	94.2300	0.8320	9800	540.874382	100.0000
32932	21.4833	364.9353	980000	924.597698	100.0000
55556	91.6400	9.7774	112000	1081.458466	100.0000
56232	60.1355	34.0830	256200	1125.063695	100.0000
56348	66.5065	305.4859	2539600	1208.741823	100.0000
49730	95.6698	226.0610	2703400	1261.105509	100.0000
47098	24.0023	78.8592	236600	1585.811676	100.0000
57438	93.6877	1.9127	22400	1793.310129	100.0000
54986	88.3271	1.5216	16800	198.628737	100.0000
50424	93.4918	7.7868	91000	253.312866	100.0000
51492	95.3605	27.0133	322000	360.443968	100.0000
43972	94.2300	1.0697	12600	474.643372	100.0000
58970	94.6565	22.1263	261800	514.660233	100.0000
60434	26.0106	18.9461	61600	521.098156	100.0000
51754	95.1517	47.2004	561400	575.613748	100.0000
45146	93.0729	8.7845	102200	586.942395	100.0000
50120	95.1611	36.0147	428400	620.051700	100.0000
51600	95.2921	91.5585	1090600	648.421918	100.0000
53840	95.3243	69.5563	828800	651.989562	100.0000
60812	25.2225	61.7226	194600	686.188103	100.0000
50034	95.0240	32.0593	380800	873.168486	100.0000
34742	95.1203	44.0369	523600	999.720653	100.0000
39102	94.1204	3.4509	40600	1116.639508	100.0000
45156	20.7617	94.4048	245000	1156.062768	100.0000
60450	94.2300	0.9509	11200	1220.233044	100.0000
57560	39.0777	73.3718	358400	1245.335251	100.0000
53048	93.9524	80.3471	943600	1383.162765	100.0000
44244	53.9698	1.8677	12600	1428.564801	100.0000
54340	31.6387	16.2838	64400	1550.998491	100.0000
57068	94.6915	86.9349	1029000	1588.390662	100.0000
51856	98.2960	2.6207	32200	1628.347896	100.0000
42328	98.0092	4.3424	53200	1661.371079	100.0000
58098	75.4349	72.1575	680400	1718.188994	100.0000
48950	95.3016	158.3016	1885800	1780.639043	100.0000
43060	95.1754	9.2965	110600	0.638070	100.0000
51708	99.3466	3.9458	49000	100.230012	100.0000
36036	94.6838	17.0335	201600	101.906735	100.0000
41912	95.7998	14.9645	179200	139.525512	100.0000
42082	93.7905	119.1763	1397200	221.880106	100.0000
39678	14.7718	31.8444	58800	337.499828	100.0000
60936	36.4498	15.9782	72800	444.935079	100.0000
40408	5.2597	59.6231	39200	513.544520	100.0000
50620	95.4728	111.4453	1330000	528.554076	100.0000
35036	21.9885	58.5760	161000	568.514775	100.0000
36824	95.5552	90.3687	1079400	701.456975	100.0000
48126	20.5241	461.6626	1184400	941.793386	100.0000
40510	91.4166	4.9006	56000	1000.044805	100.0000
39480	16.3548	713.5781	1458800	1042.142188	100.0000
45844	95.6633	12.6443	151200	1046.930279	100.0000
51254	80.3131	0.9762	9800	1175.823211	100.0000
44322	94.2081	13.5530	159600	1237.136674	100.0000
36028	89.6430	2.2489	25200	1366.601461	100.0000
58264	55.9780	51.0201	357000	1470.878870	100.0000
37732	25.8422	572.0874	1848000	1588.295233	100.0000
34150	90.2413	1.3652	15400	1662.635115	100.0000
57686	91.6851	4.2755	49000	40.703552	100.0000
35296	93.6856	207.1780	2426200	54.117371	100.0000
52066	95.5337	33.8812	404600	315.461054	100.0000
43252	88.9859	1.1328	12600	504.572123	100.0000
54032	22.2808	555.9591	1548400	679.375020	100.0000
52692	19.5761	113.2813	277200	732.626278	100.0000
49914	16.1905	12.4518	25200	1063.188522	100.0000
40300	93.9752	61.6162	723800	1078.469427	100.0000
54476	93.0180	2.6490	30800	1173.127589	100.0000
60966	80.0167	1.2597	12600	1287.775575	100.0000
33644	36.4072	15.3816	70000	1331.191054	100.0000
44286	94.7097	122.7498	1453200	1417.458528	100.0000
45186	83.4649	1.0735	11200	1553.984880	100.0000
60938	94.7108	16.4374	194600	1555.902265	100.0000
59086	91.4284	241.8155	2763600	1556.355105	100.0000
37216	87.2952	2.1811	23800	8.067904	100.0000
55204	96.6451	14.1383	170800	48.918151	100.0000
34906	87.0747	1.0290	11200	83.781055	100.0000
53608	35.4795	18.3092	81200	348.099247	100.0000
37856	94.1099	5.9505	70000	355.409991	100.0000
50892	95.5423	209.3649	2500400	371.116081	100.0000
37750	74.2616	1.0557	9800	443.595303	100.0000
35552	95.0782	13.7823	163800	535.265317	100.0000
38232	93.6373	47.1265	551600	633.090590	100.0000
47732	94.8388	43.5771	516600	669.063505	100.0000
44862	94.5931	6.9857	82600	739.525709	100.0000
41162	90.9799	4.6780	53200	869.895300	100.0000
50392	95.2946	73.3389	873600	1008.789480	100.0000
37312	95.5979	150.1957	1794800	1094.009139	100.0000
51524	21.1622	314.9004	833000	1106.203678	100.0000
55760	94.7165	38.1940	452200	1159.435473	100.0000
37414	91.5551	2.8136	32200	1181.260790	100.0000
60008	95.3848	37.3393	445200	1182.909736	100.0000
47968	94.7360	25.6545	303800	1186.760339	100.0000
50074	46.4703	6.9894	40600	1217.379837	100.0000
59464	76.7610	3.3559	32200	1272.012257	100.0000
33726	91.3661	3.3098	37800	1321.703110	100.0000
53132	69.4827	3.8686	33600	1351.523814	100.0000
38298	22.8944	10.2733	29400	1361.760940	100.0000
56178	81.4549	79.6121	810600	1433.657184	100.0000
42242	95.2282	7.7624	92400	1583.335256	100.0000
38510	35.4693	3.1577	14000	1584.820905	100.0000
44616	94.8202	10.0401	119000	1747.471570	100.0000
46066	95.7090	110.0001	1316000	88.505313	100.0000
37076	82.2614	2.5869	26600	212.789267	100.0000
59940	95.2887	88.1532	1050000	226.571687	100.0000
52740	94.2300	1.1886	14000	288.528424	100.0000
49088	20.7717	397.9252	1033200	315.913279	100.0000
46824	41.8731	143.3666	750400	330.719191	100.0000
59166	90.9721	3.6934	42000	475.045088	100.0000
60390	34.7780	15.4580	67200	552.937446	100.0000
45464	93.1027	11.9094	138600	691.994803	100.0000
38110	95.6418	76.9370	919800	829.917229	100.0000
50558	93.6026	6.9400	81200	850.758743	100.0000
47798	86.0244	1.4322	15400	1096.696650	100.0000
44724	83.7151	1.0703	11200	1097.245822	100.0000
52974	95.3081	76.5013	911400	1252.715040	100.0000
56580	93.6749	96.1282	1125600	1339.961266	100.0000
33544	93.5272	6.1073	71400	1369.571893	100.0000
49770	95.6534	95.8962	1146600	1431.677941	100.0000
41072	33.9623	12.2017	51800	1475.548864	100.0000
39714	84.0017	6.2665	65800	1521.570629	100.0000
55416	94.6245	131.0273	1549800	1561.878592	100.0000
44036	94.7619	14.7739	175000	1571.006123	100.0000
57598	95.4489	51.2777	611800	1647.158647	100.0000
46208	28.1558	4.7734	16800	1702.936869	100.0000
33952	37.3101	13.8086	64400	8.651059	100.0000
34970	95.6937	91.2913	1092000	100.977643	100.0000
59000	70.3310	10.3511	91000	484.917797	100.0000
46284	95.2721	140.7169	1675800	486.966126	100.0000
55468	94.6265	12.6645	149800	488.699554	100.0000
45284	30.8955	24.2883	93800	506.864019	100.0000
57832	95.4878	106.9707	1276800	591.201950	100.0000
46472	95.3283	52.8699	630000	704.291888	100.0000
49554	93.8717	6.2042	72800	794.173555	100.0000
33178	62.6236	3.9346	30800	848.107700	100.0000
50142	95.4446	59.3768	708400	956.892658	100.0000
38138	90.1717	5.9620	67200	962.211919	100.0000
48036	91.2602	3.5591	40600	1170.752756	100.0000
48176	89.6160	3.6244	40600	1294.634405	100.0000
40704	94.1605	59.4729	700000	1328.338346	100.0000
58652	95.1132	81.8393	973000	1466.723629	100.0000
45332	95.4092	59.5163	709800	1515.665918	100.0000
45310	94.2300	1.0697	12600	1575.691439	100.0000
52046	95.6751	182.5010	2182600	1790.584130	100.0000
42428	95.4281	101.4041	1209600	61.499421	100.0000
38650	47.2529	1.8962	11200	118.647998	100.0000
39668	21.5752	270.9781	730800	126.437532	100.0000
51928	28.1414	214.1185	753200	228.465130	100.0000
43788	76.1603	310.4399	2955400	228.388318	100.0000
46480	47.3301	6.6258	39200	363.325748	100.0000
47638	56.7278	16.5844	117600	423.412934	100.0000
49772	95.2342	35.0462	417200	474.511591	100.0000
44146	46.6277	45.1577	263200	634.344615	100.0000
37020	95.5682	114.4984	1367800	689.970762	100.0000
54610	61.5976	15.8188	121800	712.953170	100.0000
34784	93.9608	1.4304	16800	863.679659	100.0000
52032	92.1076	44.5045	512400	875.125924	100.0000
49568	95.5153	49.9522	596400	915.962615	100.0000
36256	44.2261	38.2399	211400	938.631783	100.0000
45236	94.4459	10.6728	126000	1005.875780	100.0000
38066	96.7273	0.8105	9800	1131.881777	100.0000
49234	92.7342	0.8454	9800	1133.344413	100.0000
47530	93.7539	16.3663	191800	1201.572129	100.0000
36384	95.0312	22.6284	268800	1258.822245	100.0000
38846	31.2281	23.3123	91000	1263.683436	100.0000
44750	95.3871	65.2835	778400	1286.345676	100.0000
53656	85.5034	3.4057	36400	1396.442603	100.0000
54662	57.4864	28.4450	204400	1498.182156	100.0000
55710	94.9445	37.1585	441000	1564.627823	100.0000
59990	95.3577	27.9537	333200	1626.816559	100.0000
33084	94.3093	8.7881	103600	1713.619479	100.0000
49496	95.6154	21.5530	257600	1.042472	100.0000
58834	19.2547	282.6946	680400	161.317881	100.0000
45906	94.9182	26.0772	309400	215.646672	100.0000
42316	93.6392	1.6745	19600	365.276741	100.0000
47776	94.2300	1.7829	21000	443.913004	100.0000
41916	19.8417	68.3005	169400	480.252735	100.0000
39092	94.7699	7.7999	92400	697.152304	100.0000
60610	42.0417	9.3241	49000	731.071047	100.0000
47508	94.5833	25.9327	306600	852.573497	100.0000
38222	90.9724	8.0024	91000	882.969270	100.0000
50966	94.2300	1.0697	12600	932.824356	100.0000
46788	95.8363	35.8779	429800	948.389540	100.0000
35558	96.7579	3.5883	43400	960.143382	100.0000
54068	94.8480	30.7018	364000	1278.816562	100.0000
59952	95.4355	31.4516	375200	1433.459734	100.0000
45494	87.0343	2.4450	26600	1517.344084	100.0000
36732	33.2575	491.6791	2044000	1582.399010	100.0000
36372	74.6272	44.1233	411600	1610.184349	100.0000
55320	95.0975	54.0582	642600	1628.087111	100.0000
38074	40.0900	120.9679	606200	1681.187426	100.0000
42714	18.1322	582.4766	1320200	75.708519	100.0000
50834	88.5289	3.1628	35000	126.345118	100.0000
48186	35.6507	12.2522	54600	163.842652	100.0000
32830	95.5912	63.8553	763000	195.677559	100.0000
42888	95.9677	4.7849	57400	220.404594	100.0000
43010	76.6374	1.3153	12600	312.853448	100.0000
55108	96.9961	3.0022	36400	342.846316	100.0000
48452	94.8096	17.7197	210000	482.449887	100.0000
52872	93.4994	2.1562	25200	497.911264	100.0000
34676	95.6328	45.3233	541800	569.324471	100.0000
55302	22.2941	213.0073	593600	765.080260	100.0000
49554	89.2375	1.5061	16800	892.203191	100.0000
56458	48.3514	175.5813	1061200	934.322665	100.0000
50898	5.8744	17.1593	12600	934.896613	100.0000
39482	96.5411	11.9493	144200	1013.305800	100.0000
53028	95.7948	7.4827	89600	1055.130651	100.0000
48290	90.7602	57.8756	656600	1211.625772	100.0000
52920	94.6262	57.7599	683200	1228.140991	100.0000
41476	94.0567	1.5480	18200	1231.925211	100.0000
39840	88.9650	2.1402	23800	1234.778222	100.0000
35330	95.3716	44.2732	527800	1280.437027	100.0000
60228	89.3694	2.6318	29400	1349.568145	100.0000
53260	95.7420	2.8075	33600	1364.247764	100.0000
52744	60.0956	2.4228	18200	1379.446077	100.0000
40602	89.1969	2.6369	29400	1390.575242	100.0000
37038	93.3566	10.0775	117600	1415.889927	100.0000
40844	16.5927	13.4999	28000	1500.344417	100.0000
49190	95.0836	44.9962	534800	1609.447360	100.0000
42186	99.9827	0.8962	11200	1647.482078	100.0000
58878	94.2300	1.9017	22400	1795.735967	100.0000
58360	93.4602	10.5457	123200	11.936937	100.0000
35962	34.5652	306.5278	1324400	100.887349	100.0000
32774	95.4941	63.5683	758800	148.876744	100.0000
51010	93.5593	9.8162	114800	296.936935	100.0000
40070	28.7018	17.5599	63000	324.309552	100.0000
50976	91.6098	3.9122	44800	466.436286	100.0000
40884	92.8918	2.7731	32200	500.890091	100.0000
42178	90.3808	8.7983	99400	505.868203	100.0000
43362	96.3104	18.0251	217000	528.947678	100.0000
55110	91.2776	1.8405	21000	655.395093	100.0000
36894	91.4446	5.0216	57400	687.099776	100.0000
54998	95.6189	48.9610	585200	700.274553	100.0000
41762	92.3245	14.3147	165200	850.209588	100.0000
40776	95.3458	42.2882	504000	953.575465	100.0000
51984	87.7394	1.0212	11200	1023.356100	100.0000
53138	69.7436	47.8553	417200	1124.860932	100.0000
58780	95.6986	102.4049	1225000	1177.896611	100.0000
47934	94.5967	12.7869	151200	1422.219321	100.0000
35170	26.0029	48.2408	156800	1481.521057	100.0000
57240	88.5788	4.8048	53200	1494.670657	100.0000
50190	83.0924	1.8871	19600	1569.695443	100.0000
43364	94.9357	6.2527	74200	1595.501980	100.0000
54582	94.8014	90.2602	1069600	1680.836634	100.0000
40368	95.5757	240.6972	2875600	81.386722	100.0000
36558	95.5054	198.3050	2367400	134.284754	100.0000
49792	93.5408	13.5299	158200	247.147219	100.0000
38360	95.6058	83.0577	992600	316.105991	100.0000
49588	73.6036	31.3463	288400	596.939613	100.0000
58750	95.6290	188.9133	2258200	693.482676	100.0000
44060	91.7383	4.2730	49000	773.448271	100.0000
35010	17.8273	131.3045	292600	823.934407	100.0000
42250	39.9731	74.8103	373800	846.301358	100.0000
50668	94.3993	7.4746	88200	897.736345	100.0000
34026	24.2183	4.1621	12600	945.130138	100.0000
33590	70.4451	8.4264	74200	990.981511	100.0000
56664	95.4701	79.8910	953400	1059.517988	100.0000
50080	24.9017	505.5390	1573600	1159.542435	100.0000
46870	84.5150	1.3252	14000	1185.404497	100.0000
45188	95.8811	33.0576	396200	1219.502987	100.0000
49786	87.1785	2.8264	30800	1281.783200	100.0000
58620	94.2677	2.3762	28000	1563.188227	100.0000
41182	94.2656	94.9318	1118600	1641.364308	100.0000
53594	40.3026	12.5054	63000	1656.461261	100.0000
48952	93.6146	157.4455	1842400	1686.392223	100.0000
45270	93.5396	18.1998	212800	73.727532	100.0000
60278	94.8055	53.3977	632800	153.360351	100.0000
49814	94.3419	17.3327	204400	164.412228	100.0000
43718	95.5854	50.8529	607600	218.658362	100.0000
53778	94.2300	0.8320	9800	289.391916	100.0000
59708	92.6195	8.9484	103600	522.132608	100.0000
56066	89.9994	1.4933	16800	919.813517	100.0000
44688	95.5834	49.6823	593600	946.182098	100.0000
59464	95.5834	215.7194	2577400	1048.156020	100.0000
48674	95.6636	50.4601	603400	1104.191037	100.0000
50276	95.6775	56.4229	674800	1118.162144	100.0000
54448	92.5136	4.3583	50400	1132.149155	100.0000
45374	94.3098	7.9568	93800	1310.822701	100.0000
58940	44.0831	7.6220	42000	1348.176657	100.0000
50478	94.2300	0.9509	11200	1398.886762	100.0000
34402	94.3186	107.8217	1271200	1467.467012	100.0000
35624	95.0266	11.1969	133000	1474.257463	100.0000
43734	77.7744	1.2961	12600	1579.636060	100.0000
40424	36.7348	3.9635	18200	1580.014574	100.0000
36148	15.0413	136.2652	256200	1613.947374	100.0000
51094	94.9869	176.1589	2091600	1620.600008	100.0000
57592	99.3223	2.3680	29400	1650.778095	100.0000
43526	94.3842	145.6006	1717800	28.463773	100.0000
40984	95.2184	37.7574	449400	156.135046	100.0000
53064	93.8156	59.9303	702800	165.495984	100.0000
45422	95.6741	82.0619	981400	186.774264	100.0000
47576	94.1339	1.1898	14000	245.216937	100.0000
43758	95.4482	105.0203	1253000	436.532488	100.0000
51318	91.8690	3.4136	39200	559.937587	100.0000
45436	95.4908	122.2149	1458800	595.920073	100.0000
58120	92.1568	4.4967	51800	639.662526	100.0000
60438	90.8565	3.8214	43400	861.163258	100.0000
35716	40.2477	2.2262	11200	896.982454	100.0000
34756	95.8080	12.9760	155400	909.817274	100.0000
36388	94.4848	185.5113	2191000	952.455198	100.0000
35116	22.2292	67.0111	186200	963.876038	100.0000
35912	92.7759	1.8108	21000	988.428234	100.0000
48868	71.2859	18.2252	162400	1007.179334	100.0000
35244	93.9377	4.1730	49000	1169.446225	100.0000
48632	94.5948	14.0896	166600	1192.334731	100.0000
39610	49.7352	322.7010	2006200	1251.950195	100.0000
49878	95.6316	183.5209	2193800	1372.944651	100.0000
49478	95.6051	153.8160	1838200	1583.262151	100.0000
44662	94.7446	9.4570	112000	1633.620496	100.0000
55540	29.5500	25.3942	93800	1648.282026	100.0000
54262	94.8938	11.2125	133000	1722.443427	100.0000
38640	94.2300	1.7829	21000	41.211151	100.0000
39686	93.7281	160.1227	1876000	280.831623	100.0000
46080	33.1646	36.8104	152600	399.869787	100.0000
37434	98.0869	2.3979	29400	789.717737	100.0000
42516	29.6676	15.8557	58800	900.655548	100.0000
48468	94.2300	0.9509	11200	907.562280	100.0000
60700	22.8858	529.0271	1513400	927.832013	100.0000
36710	29.3086	26.7498	98000	944.707198	100.0000
40302	95.3612	17.1474	204400	966.080019	100.0000
33100	19.7511	49.3341	121800	975.044320	100.0000
56642	93.6046	102.4223	1198400	1006.204610	100.0000
38912	96.3487	13.0194	156800	1014.242152	100.0000
42810	17.3645	12.2549	26600	1080.080085	100.0000
56132	96.2738	1.2797	15400	1132.279188	100.0000
52522	95.6281	111.1473	1328600	1138.333613	100.0000
48334	18.7259	189.5985	443800	1244.543402	100.0000
49176	66.3301	105.0262	870800	1459.871384	100.0000
50266	39.8023	125.7816	625800	1468.455180	100.0000
47516	99.8555	3.4770	43400	1485.332380	100.0000
58390	94.2300	0.9509	11200	1572.900001	100.0000
50916	25.5366	32.4554	103600	1694.225558	100.0000
37462	95.5799	169.9103	2030000	1765.762256	100.0000
57166	95.6534	85.8265	1026200	20.597800	100.0000
50336	94.1231	39.6247	466200	51.062214	100.0000
39894	94.8403	27.3976	324800	237.336543	100.0000
47286	38.3375	16.3600	78400	274.169013	100.0000
36256	96.5145	11.6045	140000	335.452521	100.0000
44236	92.5691	4.5976	53200	406.323471	100.0000
36110	95.4442	42.1272	502600	485.083080	100.0000
37108	90.1932	2.2352	25200	612.703306	100.0000
53978	94.9436	1.7695	21000	615.846891	100.0000
39262	94.7553	4.1370	49000	686.539390	100.0000
34404	30.9372	598.4259	2314200	704.343403	100.0000
54150	90.9190	1.9710	22400	905.708822	100.0000
38230	22.6369	21.2750	60200	1000.585024	100.0000
38526	20.6307	84.1465	217000	1010.716211	100.0000
53134	94.4107	14.7102	173600	1050.723947	100.0000
34666	93.3536	2.2795	26600	1380.547085	100.0000
46102	86.8432	11.0913	120400	1414.099754	100.0000
50086	56.5291	1.5850	11200	1437.938687	100.0000
41054	96.1476	21.7832	261800	1522.139446	100.0000
54440	20.4418	39.9965	102200	1525.804907	100.0000
55414	95.2601	8.7004	103600	1630.765600	100.0000
49144	91.7856	20.1339	231000	1673.339385	100.0000
36688	95.4975	136.7491	1632400	67.674093	100.0000
52486	95.4926	128.5461	1534400	199.703217	100.0000
52244	31.5120	5.6867	22400	332.002555	100.0000
59358	94.5508	4.5013	53200	369.048496	100.0000
41724	95.5393	7.8544	93800	466.607341	100.0000
46366	94.0115	7.6246	89600	497.007197	100.0000
45632	90.2334	11.7916	133000	504.785778	100.0000
39112	94.2300	1.3074	15400	525.274467	100.0000
36396	93.7662	17.7975	208600	601.869618	100.0000
48510	79.7856	15.0203	149800	652.976929	100.0000
59080	95.5550	146.3953	1748600	716.993904	100.0000
45752	28.2295	128.5465	453600	758.857717	100.0000
34930	22.6687	324.6064	919800	805.561908	100.0000
47822	8.3963	24.0107	25200	898.938930	100.0000
48124	85.1548	1.1837	12600	1063.054414	100.0000
42726	80.3041	83.1241	834400	1153.191568	100.0000
45856	75.4403	28.3562	267400	1199.154187	100.0000
34874	89.4391	2.0036	22400	1295.569523	100.0000
48198	23.9373	127.2656	380800	1306.418967	100.0000
53640	24.1801	363.1410	1097600	1316.147964	100.0000
60234	94.4560	8.3002	98000	1324.878796	100.0000
58280	73.6684	274.5709	2528400	1374.624763	100.0000
55024	84.2388	4.7864	50400	1401.547623	100.0000
43590	94.9440	24.6545	292600	1410.069029	100.0000
55314	95.0736	57.7237	686000	1533.781760	100.0000
48402	95.4753	82.7020	987000	1721.078044	100.0000
50958	95.5943	85.7625	1024800	48.988123	100.0000
40764	95.6522	126.5752	1513400	82.307734	100.0000
59046	95.0755	60.9032	723800	200.554678	100.0000
52570	95.5883	179.2687	2142000	265.349968	100.0000
37920	94.1479	101.3554	1192800	279.325980	100.0000
37064	62.4978	47.8481	373800	330.647449	100.0000
54626	78.0849	148.1670	1446200	337.921849	100.0000
40092	93.5601	70.6284	826000	347.328728	100.0000
37696	94.6479	18.1050	214200	400.012522	100.0000
44206	33.0783	102.5930	424200	472.655660	100.0000
34388	96.8667	5.2030	63000	549.795437	100.0000
58554	75.0469	82.8282	777000	760.687038	100.0000
52040	33.3320	13.1045	54600	761.999223	100.0000
44602	96.0933	22.2617	267400	804.082267	100.0000
33918	86.2778	2.5963	28000	884.651376	100.0000
38758	15.0934	49.7171	93800	1073.408550	100.0000
56232	92.3935	12.1221	140000	1106.004612	100.0000
50450	95.2731	240.2860	2861600	1231.260797	100.0000
36882	94.2952	7.1266	84000	1243.775957	100.0000
35264	95.3878	152.1703	1814400	1279.516588	100.0000
51194	94.0759	20.8342	245000	1287.684478	100.0000
57078	36.1315	6.8195	30800	1345.625919	100.0000
42686	90.6407	67.2193	761600	1351.591935	100.0000
34384	97.1129	2.4219	29400	1589.240207	100.0000
53922	43.6376	103.4337	564200	1592.349629	100.0000
50040	89.0637	11.9465	133000	1633.364064	100.0000
48116	32.0445	30.4078	121800	1651.112755	100.0000
53186	95.7038	119.2513	1426600	1767.167842	100.0000
54926	83.1713	1.0773	11200	191.654692	100.0000
37862	49.6610	3.8340	23800	207.166042	100.0000
37934	95.6151	203.2316	2429000	220.167603	100.0000
55044	95.3255	30.3130	361200	358.679532	100.0000
52382	95.4977	231.7460	2766400	363.534091	100.0000
38160	48.8013	2.5245	15400	495.198696	100.0000
38038	93.6177	155.0476	1814400	508.818744	100.0000
55844	95.6090	222.6903	2661400	620.526721	100.0000
60690	95.3915	10.5670	126000	881.312242	100.0000
57952	93.5735	82.4678	964600	1027.973033	100.0000
52980	93.0814	12.8748	149800	1057.949792	100.0000
45654	93.6911	111.5324	1306200	1204.779176	100.0000
45982	95.5742	194.0608	2318400	1327.202089	100.0000
39800	63.9475	1.9266	15400	1373.517207	100.0000
44098	94.8023	27.2905	323400	1394.184405	100.0000
39800	29.6818	323.3766	1199800	1428.815811	100.0000
50800	92.8108	9.0507	105000	1565.831686	100.0000
40290	94.4018	41.1687	485800	1593.562759	100.0000
53082	55.3977	58.8328	407400	1598.182190	100.0000
49554	93.9059	44.7256	525000	1724.128007	100.0000
49704	97.5502	7.1184	86800	52.831078	100.0000
42668	95.3729	22.4298	267400	137.449112	100.0000
43902	95.0025	23.9320	284200	148.008018	100.0000
33216	88.5521	2.4031	26600	151.437470	100.0000
33038	97.3162	1.9565	23800	354.299145	100.0000
43648	94.2300	0.8320	9800	413.085739	100.0000
43020	91.7740	2.6849	30800	609.185334	100.0000
58950	95.1064	2.3553	28000	626.827638	100.0000
34612	41.2673	9.7705	50400	636.698509	100.0000
52946	94.5144	24.0556	284200	684.838390	100.0000
45586	22.8057	446.9057	1274000	753.313621	100.0000
42758	95.4566	91.9874	1097600	772.339805	100.0000
47314	47.7970	69.5944	415800	942.727206	100.0000
45420	95.0219	16.7372	198800	949.616456	100.0000
36704	70.2399	74.6243	655200	1042.883271	100.0000
51716	95.9035	29.5464	354200	1093.386097	100.0000
58398	24.0574	8.8455	26600	1246.898905	100.0000
45864	95.3486	52.3888	624400	1253.547951	100.0000
42226	80.4015	1.3930	14000	1255.954642	100.0000
40606	23.9731	176.1304	527800	1265.863450	100.0000
59858	95.4286	194.2396	2317000	1488.364871	100.0000
43282	90.4014	4.8318	54600	1651.027919	100.0000
54382	19.6904	247.9985	610400	1734.542505	100.0000
60656	97.7306	7.4490	91000	63.606495	100.0000
44658	95.2401	182.0409	2167200	181.580909	100.0000
43680	95.5784	114.9548	1373400	368.290751	100.0000
58328	21.9829	586.4188	1611400	422.189212	100.0000
45966	64.4921	1.3893	11200	810.639697	100.0000
44252	95.9855	9.8015	117600	842.941472	100.0000
39838	95.5158	167.3274	1997800	887.337160	100.0000
60648	14.7577	135.8481	250600	955.370445	100.0000
46360	93.8460	89.0310	1044400	979.664765	100.0000
35412	74.4018	27.8488	259000	1040.568016	100.0000
59218	96.6855	5.9078	71400	1156.580991	100.0000
33032	23.2506	13.4878	39200	1497.325610	100.0000
39946	20.0559	521.5834	1307600	1523.401603	100.0000
34224	95.3696	159.5980	1902600	1582.113816	100.0000
49758	41.6595	213.7326	1113000	1657.047208	100.0000
50322	95.2949	7.2869	86800	51.712127	100.0000
50800	95.7098	57.1060	683200	136.120427	100.0000
44450	87.6662	1.2776	14000	342.632047	100.0000
33696	16.6357	47.8008	99400	348.146446	100.0000
39310	95.6581	56.9027	680400	391.107953	100.0000
56958	92.2527	4.8562	56000	418.416622	100.0000
56984	95.0960	8.9510	106400	513.206907	100.0000
43854	94.3499	237.8889	2805600	536.220893	100.0000
42096	95.6833	162.8205	1947400	663.740584	100.0000
38764	94.8878	5.1935	61600	665.123369	100.0000
51700	94.9867	38.5570	457800	960.944841	100.0000
58320	94.4259	65.7108	775600	971.960087	100.0000
56100	95.5188	82.4299	984200	991.046158	100.0000
53202	93.9021	2.2662	26600	1017.825773	100.0000
47662	93.4000	108.1627	1262800	1055.024344	100.0000
48672	90.1994	3.4767	39200	1077.336241	100.0000
56276	84.7968	17.3025	183400	1319.109731	100.0000
54962	37.6639	12.1920	57400	1353.296772	100.0000
53074	94.2300	1.0697	12600	1399.873978	100.0000
46842	92.4011	8.9696	103600	1404.650879	100.0000
39778	94.7104	39.1425	463400	1425.161420	100.0000
55556	10.0265	103.8843	130200	1462.078287	100.0000
34854	94.3606	147.6548	1741600	1473.831819	100.0000
56726	95.8633	14.9546	179200	1495.624630	100.0000
57354	93.5218	14.3710	168000	1631.827348	100.0000
41692	91.9912	11.4446	131600	1712.128969	100.0000
54950	94.2372	5.9425	70000	1739.463220	100.0000
51746	93.7751	123.1372	1443400	64.676830	100.0000
41380	30.9269	2.5350	9800	113.255647	100.0000
37050	95.3935	13.1497	156800	242.621956	100.0000
50540	95.2882	94.3831	1124200	288.457825	100.0000
34346	95.3423	22.7895	271600	338.756549	100.0000
47398	58.0056	58.3116	422800	405.846156	100.0000
48778	95.3526	32.8884	392000	537.134798	100.0000
36788	95.4313	30.5141	364000	700.628907	100.0000
50788	95.4696	224.5405	2679600	723.220537	100.0000
50304	95.1098	33.9145	403200	1027.244997	100.0000
51878	96.9753	3.3493	40600	1098.459137	100.0000
42878	95.6094	117.0261	1398600	1141.681874	100.0000
60776	57.9962	11.5870	84000	1166.228246	100.0000
51374	74.0667	11.3411	105000	1184.150449	100.0000
37474	5.1576	49.9458	32200	1187.785906	100.0000
50312	91.1047	1.9670	22400	1358.558982	100.0000
51306	20.9121	177.2756	463400	1444.421879	100.0000
54984	95.5498	226.1103	2700600	1510.757328	100.0000
56310	95.3135	34.7820	414400	1561.837517	100.0000
55150	95.3221	27.1416	323400	1650.247759	100.0000
59084	94.2300	0.9509	11200	1654.999365	100.0000
37778	86.5074	1.4242	15400	1685.316763	100.0000
37818	94.2300	0.8320	9800	1737.204176	100.0000
58708	19.4488	192.9163	469000	1748.463055	100.0000
39598	93.2915	91.8411	1071000	1770.958726	100.0000
39228	91.7877	1.5863	18200	1782.362324	100.0000
47088	95.7178	102.7354	1229200	99.703373	100.0000
43040	77.8493	5.8986	57400	217.762228	100.0000
41952	94.9188	172.5096	2046800	248.581940	100.0000
58928	90.7625	3.7020	42000	349.108263	100.0000
39368	75.8416	1.4768	14000	432.423297	100.0000
53390	95.4010	42.6159	508200	436.340663	100.0000
36860	6.1768	30.8252	23800	444.336228	100.0000
40056	92.4069	182.7743	2111200	461.657310	100.0000
41468	89.0630	2.7666	30800	538.151201	100.0000
42146	70.0291	1.2795	11200	557.505407	100.0000
40994	95.9462	2.5681	30800	576.462639	100.0000
55240	84.9282	1.5825	16800	844.307936	100.0000
59994	93.3890	8.9946	105000	883.205169	100.0000
40194	85.3528	1.0498	11200	1089.179300	100.0000
45522	69.8807	3.5260	30800	1101.379410	100.0000
48690	94.3621	10.0888	119000	1183.081530	100.0000
52836	84.5036	1.1928	12600	1218.087108	100.0000
51336	22.6833	838.8897	2378600	1245.208279	100.0000
42976	84.1303	58.5758	616000	1266.027827	100.0000
47906	22.4462	544.3775	1527400	1381.608379	100.0000
34116	95.3418	77.0617	918400	1423.904082	100.0000
56120	91.4380	3.4296	39200	1479.631024	100.0000
40366	94.9556	10.2616	121800	1668.173336	100.0000
58908	94.6883	7.9250	93800	1670.792074	100.0000
55298	93.6579	7.4142	86800	47.695080	100.0000
49236	95.5963	58.6968	701400	80.611972	100.0000
55296	97.6787	7.3383	89600	186.939854	100.0000
43142	67.1407	58.0512	487200	268.945993	100.0000
42286	94.2300	0.9509	11200	275.107620	100.0000
32812	95.6610	231.9358	2773400	343.950840	100.0000
41582	86.9259	0.9019	9800	373.172449	100.0000
43610	95.2467	83.3709	992600	480.360372	100.0000
35226	52.2335	29.3758	191800	514.305104	100.0000
60356	79.8044	1.6841	16800	658.521417	100.0000
33222	86.9569	0.9016	9800	909.631236	100.0000
38854	94.6886	3.9033	46200	1009.775379	100.0000
42774	36.6135	3.3649	15400	1260.007453	100.0000
41608	95.5860	89.4022	1068200	1316.578050	100.0000
47494	71.2098	11.7961	105000	1348.363605	100.0000
59590	95.5047	151.0459	1803200	1504.031615	100.0000
40564	94.5912	27.1146	320600	1549.828453	100.0000
58046	95.6531	16.6267	198800	1576.154806	100.0000
43764	92.9072	1.8083	21000	1735.600317	100.0000
41656	92.9753	1.2046	14000	25.189571	100.0000
57466	73.3645	271.1284	2486400	212.256484	100.0000
33908	95.7674	50.2885	602000	290.165643	100.0000
42110	95.9788	12.2527	147000	780.879179	100.0000
59570	95.9377	42.2608	506800	922.953978	100.0000
40674	37.0663	7.8562	36400	940.278242	100.0000
52832	98.9584	2.4899	30800	944.625260	100.0000
33166	95.7106	115.1471	1377600	1118.381315	100.0000
53256	93.5023	2.3957	28000	1123.413493	100.0000
55392	95.7265	19.0710	228200	1183.848233	100.0000
59174	94.2300	0.8320	9800	1382.374372	100.0000
45366	95.6198	155.7836	1862000	1401.595889	100.0000
47372	24.3156	65.4064	198800	1508.336386	100.0000
45248	94.2300	0.9509	11200	1522.061904	100.0000
50324	95.1696	45.8970	546000	1694.020192	100.0000
48158	90.1962	6.2087	70000	1767.525990	100.0000
52194	46.1984	3.6365	21000	1775.287903	100.0000
60578	95.1754	26.4774	315000	136.860625	100.0000
33786	10.9758	18.3677	25200	321.435535	100.0000
40568	95.2118	35.2897	420000	391.116308	100.0000
46066	91.3121	5.5195	63000	422.081466	100.0000
35182	97.9836	7.0869	86800	772.856151	100.0000
54556	95.2009	23.9998	285600	788.986535	100.0000
50924	45.4630	32.2724	183400	824.586854	100.0000
53110	95.5251	157.3450	1878800	858.733751	100.0000
33890	97.6008	1.7213	21000	916.976468	100.0000
55412	95.9850	4.9008	58800	1121.706916	100.0000
51200	95.7434	62.8179	751800	1226.489729	100.0000
33978	19.6132	861.7076	2112600	1346.263961	100.0000
54018	49.4805	2.2635	14000	1429.917874	100.0000
35604	14.0411	130.0186	228200	1452.284747	100.0000
60470	90.2384	2.6064	29400	1472.160774	100.0000
42122	88.7889	2.2706	25200	1532.932460	100.0000
41188	94.8336	5.4327	64400	1560.283880	100.0000
51336	96.7068	1.8530	22400	1581.042942	100.0000
49422	94.8625	10.5078	124600	1601.110653	100.0000
58620	23.8002	54.1171	161000	1653.883505	100.0000
54516	93.8040	60.6541	711200	1761.056513	100.0000
54612	95.3426	23.8466	284200	598.227217	100.0000
33884	27.7619	527.6874	1831200	613.777341	100.0000
51994	84.9412	1.3186	14000	643.631870	100.0000
46034	78.4803	1.1417	11200	701.156733	100.0000
34784	50.5145	3.9909	25200	796.868549	100.0000
49566	92.1415	246.3863	2837800	936.131966	100.0000
54250	94.8910	24.7863	294000	989.408919	100.0000
57956	71.4684	7.9923	71400	1024.856642	100.0000
57926	61.6256	167.3850	1289400	1042.795012	100.0000
54198	84.1171	133.9466	1408400	1043.278827	100.0000
48692	89.5670	1.5006	16800	1175.584632	100.0000
59930	37.6435	61.5883	289800	1353.464078	100.0000
51154	95.2031	2.1176	25200	1388.123108	100.0000
53448	95.8919	11.6798	140000	1391.608684	100.0000
33742	21.2459	560.3719	1488200	1581.472605	100.0000
48634	95.4558	13.2585	158200	1766.255498	100.0000
44958	90.5599	79.8941	904400	56.718684	100.0000
41584	92.0774	4.3789	50400	136.721909	100.0000
48350	21.0462	162.8420	428400	197.089102	100.0000
50654	95.5170	183.2721	2188200	316.735881	100.0000
39556	40.8400	132.1843	674800	334.761649	100.0000
50436	96.2488	12.2183	147000	451.927544	100.0000
51478	92.2113	10.9314	126000	858.197519	100.0000
47010	93.2602	65.2111	760200	980.331024	100.0000
42284	93.0267	9.6316	112000	1104.022419	100.0000
59524	94.2300	0.8320	9800	1151.992733	100.0000
46480	93.5538	108.1046	1264200	1195.911817	100.0000
50644	95.6135	171.3732	2048200	1521.923724	100.0000
41456	95.5838	216.6560	2588600	1525.229992	100.0000
36128	85.5330	1.0475	11200	1655.057524	100.0000
50660	94.4154	4.9822	58800	1735.879864	100.0000
60972	95.4723	150.6281	1797600	1795.796675	100.0000
53476	95.8100	24.8993	298200	44.153776	100.0000
35608	94.0025	5.0041	58800	179.486012	100.0000
52642	95.5362	59.7888	714000	266.102524	100.0000
49994	95.4938	205.1317	2448600	455.302148	100.0000
52016	95.1477	83.2222	989800	604.826356	100.0000
53388	94.2152	6.8949	81200	673.607114	100.0000
58776	95.6913	123.5974	1478400	682.578838	100.0000
37634	92.6299	170.0012	1968400	760.172940	100.0000
54086	95.6059	37.3701	446600	783.885164	100.0000
43382	95.6593	31.8464	380800	888.669042	100.0000
39032	90.8574	2.7119	30800	1029.815572	100.0000
32880	94.2300	1.6640	19600	1104.116411	100.0000
55936	46.0973	6.3171	36400	1137.965805	100.0000
37136	94.6414	1.5384	18200	1140.208067	100.0000
49522	37.8984	5.6150	26600	1265.192843	100.0000
40426	92.0836	6.4463	74200	1388.471983	100.0000
35582	93.3863	6.9560	81200	1457.502809	100.0000
56436	94.6761	4.3770	51800	1565.749878	100.0000
37378	95.1888	65.4195	778400	1572.102784	100.0000
47138	30.9871	3.2530	12600	1586.655495	100.0000
58114	85.4524	22.0193	235200	1591.161380	100.0000
56378	60.8910	1.4715	11200	167.390403	100.0000
42738	94.9692	10.7319	127400	252.524433	100.0000
37534	14.3590	24.9600	44800	260.389174	100.0000
44018	87.9005	0.8919	9800	269.181909	100.0000
43738	95.5595	30.5904	365400	569.747037	100.0000
49360	95.6544	16.3923	196000	642.072681	100.0000
59682	95.6414	217.1110	2595600	654.601518	100.0000
48582	95.1386	14.0090	166600	834.884537	100.0000
34436	83.5311	2.1453	22400	846.303445	100.0000
38712	92.3091	13.3465	154000	870.422819	100.0000
45268	84.0121	1.0665	11200	1057.166841	100.0000
46894	91.9507	3.8977	44800	1420.665778	100.0000
48652	79.9967	0.9800	9800	1431.009713	100.0000
46742	94.1876	17.2422	203000	1447.866145	100.0000
60552	95.5615	199.4778	2382800	1542.783344	100.0000
44448	95.2731	30.3297	361200	1587.390590	100.0000
48626	71.3590	1.8834	16800	1658.779100	100.0000
45150	94.5796	123.9845	1465800	1679.880301	100.0000
34050	94.2300	1.0697	12600	1760.655541	100.0000
48720	97.7031	2.2927	28000	1766.071852	100.0000
44518	88.7752	1.6401	18200	23.957880	100.0000
56164	97.8610	2.6323	32200	24.870707	100.0000
33594	94.2300	1.4263	16800	29.752455	100.0000
50464	94.7646	5.7912	68600	150.702250	100.0000
46822	91.5119	2.9373	33600	156.775030	100.0000
42462	97.8683	7.3241	89600	186.911620	100.0000
52622	95.6423	10.5393	126000	229.402041	100.0000
54868	93.6679	30.3711	355600	266.296366	100.0000
56550	94.3805	21.5977	254800	336.503095	100.0000
35624	18.6568	49.8263	116200	928.438008	100.0000
33772	94.0314	30.3728	357000	1062.458028	100.0000
40962	95.7419	32.2868	386400	1130.332757	100.0000
45304	95.2572	33.9796	404600	1254.124941	100.0000
41956	94.6105	199.9439	2364600	1467.419587	100.0000
43322	90.4221	3.0966	35000	1512.360256	100.0000
58738	91.2650	221.7542	2529800	1541.787195	100.0000
50344	95.7435	41.9955	502600	1633.818764	100.0000
58190	94.7137	24.9510	295400	1674.277351	100.0000
38934	95.6938	155.6632	1862000	1761.995194	100.0000
36368	91.8171	3.0495	35000	1790.753707	100.0000
35896	94.2300	0.8320	9800	92.469176	100.0000
56602	32.1389	25.7881	103600	102.912760	100.0000
59058	95.4264	0.8216	9800	240.694019	100.0000
53204	93.2098	124.0042	1444800	719.326129	100.0000
36260	95.7187	5.3824	64400	784.483614	100.0000
39760	97.7872	3.5506	43400	868.634439	100.0000
57416	94.1420	24.5077	288400	889.729812	100.0000
59046	17.3060	1297.5840	2807000	969.350270	100.0000
35536	72.2999	111.8452	1010800	1237.591164	100.0000
44970	93.3532	21.3554	249200	1469.160509	100.0000
41302	93.5369	5.6277	65800	1484.102129	100.0000
51084	95.5645	110.6352	1321600	1643.879246	100.0000
45368	88.8397	5.2949	58800	1765.775929	100.0000
47344	43.4288	2.0631	11200	118.206835	100.0000
35344	93.7628	97.9493	1148000	348.756178	100.0000
43434	95.7254	110.5663	1323000	358.074613	100.0000
46618	42.5405	256.9596	1366400	386.309416	100.0000
43472	76.9804	179.9731	1731800	419.714170	100.0000
60198	41.7824	2.6806	14000	505.778991	100.0000
48674	97.0167	1.9625	23800	560.592375	100.0000
47010	99.4439	3.8293	47600	582.545214	100.0000
36884	42.4581	7.1223	37800	732.312324	100.0000
33048	43.9310	59.6572	327600	737.967011	100.0000
56718	82.2349	186.8598	1920800	925.696516	100.0000
53246	95.5683	132.1944	1579200	965.601375	100.0000
34990	83.6718	2.4094	25200	1189.367005	100.0000
46354	95.1878	26.4740	315000	1220.693809	100.0000
35240	95.2062	14.2344	169400	1329.506818	100.0000
44868	91.2622	6.0134	68600	1365.185693	100.0000
50980	95.3799	160.7551	1916600	1383.856044	100.0000
32786	46.9368	3.3407	19600	1429.983207	100.0000
56062	95.2128	31.0547	369600	1551.792318	100.0000
40692	94.7076	24.2430	287000	1596.376752	100.0000
47078	94.2300	1.1886	14000	1602.637116	100.0000
56336	87.8736	3.4413	37800	1778.472036	100.0000
56406	95.5127	144.7012	1727600	53.170306	100.0000
53610	94.3332	16.8594	198800	186.728884	100.0000
52250	18.2433	65.0760	148400	196.029434	100.0000
54264	80.4900	3.3395	33600	255.201944	100.0000
39528	91.7468	3.4181	39200	295.645143	100.0000
51016	93.8353	10.6229	124600	313.337827	100.0000
34032	84.6324	2.2497	23800	340.617701	100.0000
47954	95.5795	97.1422	1160600	382.555633	100.0000
42662	95.3333	57.3315	683200	613.817685	100.0000
55882	40.3535	35.8036	180600	711.563909	100.0000
50406	95.5082	14.7757	176400	720.782514	100.0000
39974	90.5542	2.5973	29400	722.779716	100.0000
38270	31.4740	6.4053	25200	732.333447	100.0000
37626	95.7309	1.7549	21000	784.594732	100.0000
50062	94.2852	10.0970	119000	839.017014	100.0000
60670	95.0597	33.8145	401800	1082.607480	100.0000
40946	95.3781	49.4369	589400	1130.199381	100.0000
60268	94.2300	0.8320	9800	1353.931719	100.0000
36654	96.4964	1.2767	15400	1400.869002	100.0000
33494	89.9372	2.6152	29400	1407.503960	100.0000
37858	95.6990	69.0499	826000	1408.051159	100.0000
37644	95.4920	67.3229	803600	1561.900295	100.0000
54802	94.3837	71.0801	838600	1587.460647	100.0000
57870	66.1750	7.1084	58800	1586.796312	100.0000
54786	40.5147	3.3173	16800	1593.991232	100.0000
37768	93.4749	108.3157	1265600	1628.911920	100.0000
35678	95.4976	157.0385	1874600	1793.169037	100.0000
49820	95.8228	38.9219	466200	1799.704475	100.0000
57838	94.8147	12.2850	145600	73.821915	100.0000
47776	95.7734	14.7348	176400	132.503902	100.0000
40728	38.2631	12.2938	58800	148.682980	100.0000
54770	95.9027	43.2105	518000	213.146559	100.0000
54056	95.0074	26.1706	310800	215.825779	100.0000
49260	44.6337	3.0112	16800	257.928457	100.0000
33758	96.3137	1.2792	15400	465.935768	100.0000
49630	92.6933	7.6122	88200	614.214559	100.0000
49006	94.4522	5.6918	67200	619.302843	100.0000
33712	93.5354	9.2200	107800	635.282997	100.0000
36402	39.4187	13.9223	68600	692.646919	100.0000
37896	92.9877	4.5770	53200	696.219252	100.0000
46366	93.6547	96.9860	1135400	710.560851	100.0000
44418	95.5386	178.7758	2135000	854.489280	100.0000
49338	86.6635	3.3601	36400	1021.720125	100.0000
41358	94.2300	1.3074	15400	1055.492266	100.0000
37560	27.0452	41.8263	141400	1066.312102	100.0000
34630	93.2346	4.8051	56000	1165.178673	100.0000
39854	95.6543	138.1641	1652000	1167.369832	100.0000
52464	89.2007	6.4035	71400	1374.540070	100.0000
42746	96.2969	1.9772	23800	1398.581821	100.0000
59814	17.2164	99.5329	214200	1481.420359	100.0000
50546	90.0217	26.2514	295400	1575.207657	100.0000
52444	94.3785	42.4842	501200	1762.437278	100.0000
53172	95.7752	8.6536	103600	1763.820240	100.0000
45272	39.7541	255.8125	1271200	149.842914	100.0000
60336	93.7081	5.3784	63000	152.179716	100.0000
53000	95.6312	201.2063	2405200	160.271073	100.0000
43790	94.6988	3.3116	39200	538.135940	100.0000
60344	94.3462	0.9497	11200	564.760908	100.0000
43302	95.5446	44.7791	534800	821.834603	100.0000
54918	93.4642	92.9896	1086400	988.660976	100.0000
44654	36.2900	141.6590	642600	1015.528018	100.0000
47784	42.1749	10.0913	53200	1046.125202	100.0000
60086	34.6549	44.5998	193200	1105.767949	100.0000
49792	94.2300	1.1886	14000	1199.526311	100.0000
42574	95.4852	50.2026	599200	1265.321447	100.0000
34266	76.9973	1.6001	15400	1362.977243	100.0000
56704	95.8397	57.6129	690200	1381.321382	100.0000
48676	96.3391	11.3931	137200	1667.322069	100.0000
37734	94.2325	11.7666	138600	287.262305	100.0000
44978	65.8730	4.4206	36400	299.717133	100.0000
40034	98.9202	1.9248	23800	614.562776	100.0000
52918	95.5348	9.2616	110600	795.192208	100.0000
47786	90.1404	3.1063	35000	1083.348988	100.0000
54890	95.8104	5.0266	60200	1132.424217	100.0000
48608	91.2444	7.2421	82600	1176.972200	100.0000
53168	78.0914	2.0079	19600	1234.061191	100.0000
35148	89.5772	72.6435	813400	1263.612003	100.0000
47628	49.6853	5.6355	35000	1295.675999	100.0000
52964	52.2077	2.3598	15400	1351.368470	100.0000
53592	95.4272	47.4162	565600	1427.539430	100.0000
53354	93.6068	10.0506	117600	1473.973938	100.0000
56124	70.3268	32.3291	284200	1503.677859	100.0000
60692	95.6234	220.6657	2637600	1641.583035	100.0000
46910	80.9277	0.9688	9800	1683.146924	100.0000
46248	95.4249	15.1407	180600	1774.872874	100.0000
46308	20.2769	17.1229	43400	74.961019	100.0000
36446	94.3486	12.3457	145600	375.875573	100.0000
33916	92.0209	8.7632	100800	442.786525	100.0000
57752	91.8529	80.8423	928200	504.778920	100.0000
52330	95.6229	53.6440	641200	583.619078	100.0000
46162	34.8860	118.7870	518000	633.583886	100.0000
55796	91.6686	2.4436	28000	671.821092	100.0000
57678	95.5023	84.9068	1013600	685.751717	100.0000
57952	95.6797	32.0737	383600	745.720054	100.0000
40932	93.3661	7.1975	84000	866.271481	100.0000
59226	35.6449	14.4537	64400	1045.783178	100.0000
50310	95.9871	18.5525	222600	1226.558384	100.0000
52568	75.5206	51.7581	488600	1262.721419	100.0000
49046	91.5012	4.5289	51800	1362.762736	100.0000
47300	63.4816	1.4114	11200	1453.434029	100.0000
47720	95.0829	28.3879	337400	1557.317419	100.0000
33038	89.3056	32.7325	365400	1584.330732	100.0000
53888	94.4594	99.5983	1176000	1670.028534	100.0000
59844	14.7549	11.3861	21000	1718.609703	100.0000
47146	94.9015	23.2494	275800	28.387174	100.0000
42760	94.5404	155.4298	1836800	32.401940	100.0000
40872	90.8852	6.1616	70000	481.173752	100.0000
55464	96.0342	26.0074	312200	778.883967	100.0000
42242	21.5358	11.4414	30800	1000.272238	100.0000
47292	24.1582	3.2453	9800	1010.701310	100.0000
53834	94.8010	19.0209	225400	1100.050033	100.0000
56020	93.4492	9.4682	110600	1116.739460	100.0000
37898	49.7842	14.6231	91000	1162.655349	100.0000
45084	95.6233	1.0541	12600	1175.226934	100.0000
45048	95.4866	41.7566	498400	1196.064719	100.0000
51990	95.5690	103.8328	1240400	1242.326188	100.0000
39366	18.1718	5.5471	12600	1298.461053	100.0000
33092	95.6548	149.4039	1786400	1405.093382	100.0000
34050	42.1853	31.3285	165200	1500.744225	100.0000
37544	70.3732	11.4589	100800	1616.162472	100.0000
59000	34.0677	2.3013	9800	1658.074458	100.0000
34072	95.6439	183.7316	2196600	4.962146	100.0000
40254	27.6060	332.6814	1148000	15.393811	100.0000
60978	97.0585	2.1925	26600	52.747312	100.0000
59338	75.2887	1.0413	9800	79.091043	100.0000
45608	84.9040	1.3191	14000	139.191517	100.0000
41550	93.4552	199.7792	2333800	352.432617	100.0000
45630	95.2978	77.6849	925400	363.239820	100.0000
50454	97.2153	2.7650	33600	432.977316	100.0000
37118	95.8424	33.6552	403200	526.590441	100.0000
46510	93.7589	5.7339	67200	652.610055	100.0000
39172	99.2983	1.0151	12600	661.880069	100.0000
44082	87.4021	1.1533	12600	671.577801	100.0000
49964	95.2692	17.7518	211400	693.565934	100.0000
43256	35.7547	138.7676	620200	757.688757	100.0000
58602	84.2854	24.9818	263200	812.328263	100.0000
38120	92.6770	26.2244	303800	1035.329525	100.0000
40310	95.4719	118.1332	1409800	1241.340362	100.0000
37652	94.5844	17.0514	201600	1423.685441	100.0000
37846	97.8184	3.0914	37800	1441.207289	100.0000
33148	95.6415	165.1166	1974000	1530.273737	100.0000
37526	86.5056	90.5005	978600	126.279641	100.0000
56972	93.1547	10.2196	119000	159.082329	100.0000
59064	95.0159	14.7344	175000	223.742784	100.0000
42626	88.8702	2.8986	32200	248.562477	100.0000
56488	95.2575	98.4112	1171800	344.064992	100.0000
42892	95.4129	111.1631	1325800	533.631111	100.0000
47078	92.2737	5.0979	58800	559.352045	100.0000
45174	95.8583	4.0894	49000	645.576646	100.0000
57088	66.2476	34.1507	282800	823.779921	100.0000
35848	95.3877	55.5376	662200	843.872955	100.0000
56320	93.6870	109.2659	1279600	930.083566	100.0000
41604	97.5704	5.3951	65800	979.631665	100.0000
33736	56.0250	89.5600	627200	1035.645155	100.0000
34848	25.7907	930.6300	3000200	1192.038852	100.0000
32770	88.4296	1.2665	14000	1384.098491	100.0000
37780	93.0891	4.8126	56000	1409.016676	100.0000
59722	48.3491	6.0229	36400	1497.341728	100.0000
39392	43.2599	40.6474	219800	1622.724441	100.0000
46120	93.7837	68.7881	806400	1664.313142	100.0000
58122	21.6636	3.6190	9800	1789.459077	100.0000
58906	95.6816	191.8530	2294600	2.596779	100.0000
50220	91.2535	185.2071	2112600	65.637410	100.0000
49642	22.4138	50.4689	141400	118.544036	100.0000
52102	95.2322	27.2849	324800	271.536818	100.0000
55520	95.4531	107.0096	1276800	320.924972	100.0000
47800	96.7584	11.1122	134400	330.093044	100.0000
42764	76.2519	133.5153	1272600	361.153317	100.0000
50936	94.5198	4.3843	51800	392.064106	100.0000
42750	24.3545	217.9801	663600	739.352182	100.0000
52344	91.1991	1.3509	15400	913.774550	100.0000
37552	13.4031	35.0964	58800	975.133517	100.0000
34114	96.7769	4.1663	50400	1098.427262	100.0000
40522	86.3762	17.5048	189000	1259.833731	100.0000
38918	94.8083	17.0112	201600	1395.948606	100.0000
57322	40.9034	103.5025	529200	1482.757795	100.0000
50454	75.9349	10.6196	100800	1720.864793	100.0000
56578	93.9478	3.9341	46200	1749.701406	100.0000
40226	18.7515	287.8921	674800	1757.617923	100.0000
35912	94.2334	2.0205	23800	42.628590	100.0000
33354	86.3474	11.2847	121800	79.507410	100.0000
56688	95.4483	44.5896	532000	94.572658	100.0000
47130	95.9508	35.7183	428400	267.400931	100.0000
42406	95.3166	57.6940	687400	321.237168	100.0000
60676	30.7248	5.4679	21000	332.966942	100.0000
39462	94.9282	56.9863	676200	348.471855	100.0000
43240	93.4728	4.0739	47600	418.611907	100.0000
55228	92.9903	3.9746	46200	580.219306	100.0000
38536	94.2300	1.3074	15400	715.555115	100.0000
50356	95.1383	7.5343	89600	724.254552	100.0000
37268	94.8934	4.8391	57400	804.455767	100.0000
48458	95.9315	15.0607	180600	804.566247	100.0000
44424	13.5252	70.3872	119000	964.123953	100.0000
47516	92.4615	1.0902	12600	1196.826727	100.0000
46828	27.4973	496.5146	1706600	1222.629508	100.0000
53986	93.0387	9.0285	105000	1340.626055	100.0000
54798	94.2188	13.9081	163800	1395.801816	100.0000
58458	67.9124	10.5548	89600	1399.822502	100.0000
41218	94.8919	10.8587	128800	1542.259115	100.0000
33150	95.0221	31.9420	379400	1558.618687	100.0000
40574	95.5799	246.7799	2948400	1630.140818	100.0000
56650	88.1091	1.7796	19600	1680.679106	100.0000
59744	35.4351	5.3732	23800	33.761870	100.0000
50106	95.5785	52.2628	624400	36.818127	100.0000
60452	92.0881	6.9325	79800	40.714432	100.0000
54394	95.5031	220.3573	2630600	188.984183	100.0000
47242	95.5920	124.4288	1486800	260.242099	100.0000
36604	90.8421	3.8220	43400	282.439727	100.0000
46180	95.6134	103.4332	1236200	325.117002	100.0000
47446	96.2269	1.0475	12600	353.135347	100.0000
51958	92.8060	10.2580	119000	356.244999	100.0000
50050	33.7752	412.1837	1740200	566.039185	100.0000
40968	92.3965	4.3638	50400	633.969619	100.0000
47924	91.2037	2.3332	26600	768.696180	100.0000
44142	61.4017	5.4722	42000	772.916300	100.0000
58318	95.7419	55.4490	663600	794.096878	100.0000
58194	93.3872	5.3969	63000	818.460819	100.0000
46954	40.9407	274.6604	1405600	1155.935390	100.0000
41600	95.5235	155.3545	1855000	1198.693039	100.0000
60556	82.6179	19.2501	198800	1201.614818	100.0000
33124	97.0774	10.9603	133000	1226.677387	100.0000
57948	97.8291	2.0607	25200	1240.320008	100.0000
41288	73.1092	3.5235	32200	1245.753162	100.0000
43418	26.7914	33.8617	113400	1251.478341	100.0000
57708	18.5485	233.0753	540400	1478.657595	100.0000
36826	72.6133	89.7687	814800	1506.423804	100.0000
48236	94.2300	1.4263	16800	1523.656760	100.0000
44972	80.3080	0.9762	9800	1537.894273	100.0000
44830	47.9352	7.4768	44800	1551.944547	100.0000
46638	93.7543	21.7419	254800	1702.469521	100.0000
40490	89.2394	49.7000	554400	46.018411	100.0000
40960	95.7975	31.5666	378000	233.705544	100.0000
44432	96.4424	1.9742	23800	261.856917	100.0000
35550	92.3733	5.5774	64400	276.132064	100.0000
54610	94.2300	1.0697	12600	398.321242	100.0000
46614	3.1540	351.5494	138600	507.853729	100.0000
48388	95.5620	65.6328	784000	516.598325	100.0000
33020	91.9796	3.1659	36400	610.561877	100.0000
52074	96.2861	12.2136	147000	644.057927	100.0000
33382	92.8765	23.3945	271600	669.866935	100.0000
36454	85.3565	213.7483	2280600	712.643922	100.0000
47430	70.1839	3.8299	33600	761.490485	100.0000
59260	94.2523	12.9525	152600	908.013248	100.0000
41380	93.6798	8.8472	103600	915.681071	100.0000
50874	91.8361	37.9284	435400	915.922731	100.0000
42386	86.9638	1.0303	11200	947.143372	100.0000
58096	86.9166	1.6752	18200	952.861338	100.0000
59092	91.5183	5.6295	64400	960.720844	100.0000
41800	90.2745	4.9626	56000	1044.231785	100.0000
58860	93.8428	3.3418	39200	1183.794718	100.0000
46016	90.7974	1.8503	21000	1247.929606	100.0000
50248	96.8592	9.0193	109200	1252.309482	100.0000
57786	95.6166	165.1595	1974000	1511.842918	100.0000
57400	13.2064	11.8731	19600	1597.294723	100.0000
57398	24.2538	17.0860	51800	1704.655117	100.0000
45714	93.7591	4.0615	47600	1746.918691	100.0000
45618	93.4146	4.5560	53200	104.345170	100.0000
33786	93.5554	8.3801	98000	182.563282	100.0000
48766	42.2626	10.0704	53200	352.492857	100.0000
45506	88.6813	1.8944	21000	582.262521	100.0000
38584	94.2300	1.1886	14000	909.665251	100.0000
44700	20.1635	33.3275	84000	1009.556993	100.0000
47102	88.6839	49.2536	546000	1211.787293	100.0000
35386	79.5659	13.0910	130200	1281.549767	100.0000
41998	96.3209	18.0231	217000	1529.755431	100.0000
42122	19.9232	216.9931	540400	1569.007218	100.0000
43750	91.5939	3.4238	39200	1655.594112	100.0000
35948	94.6862	9.1080	107800	1678.458203	100.0000
44022	80.6194	1.1114	11200	64.161824	100.0000
36010	93.6781	5.7388	67200	215.116191	100.0000
50344	35.2649	6.6695	29400	237.654108	100.0000
43026	92.5925	2.1773	25200	242.055508	100.0000
48136	93.4394	215.0357	2511600	339.605890	100.0000
38786	95.5970	110.3633	1318800	366.440299	100.0000
55526	94.6867	24.7215	292600	393.623758	100.0000
34438	96.0352	5.4813	65800	663.506435	100.0000
56690	95.6427	188.7693	2256800	672.919645	100.0000
60158	95.7774	46.3074	554400	729.155174	100.0000
37216	97.1158	5.6510	68600	759.250945	100.0000
38962	31.5544	24.8460	98000	765.575658	100.0000
41002	86.1672	1.2998	14000	768.505107	100.0000
56504	46.1418	3.8837	22400	820.518856	100.0000
39572	24.7048	82.0569	253400	832.809814	100.0000
36158	97.1908	9.2190	112000	889.847442	100.0000
37976	95.5073	62.7386	749000	1229.862789	100.0000
51254	80.1718	6.8453	68600	1275.513439	100.0000
59426	95.8947	21.2566	254800	1395.628755	100.0000
44954	47.4205	4.4875	26600	1400.754646	100.0000
37098	46.9530	4.5322	26600	1539.773320	100.0000
56334	18.4854	30.2942	70000	1541.902626	100.0000
43914	93.7367	177.7917	2083200	1763.269958	100.0000
58444	45.1791	56.7696	320600	71.954096	100.0000
52218	93.3394	34.7977	406000	100.159253	100.0000
49542	97.7256	7.1056	86800	139.622411	100.0000
39784	28.5039	58.1535	207200	162.620656	100.0000
46806	96.0306	6.9978	84000	172.579949	100.0000
41832	94.2300	0.8320	9800	214.879895	100.0000
33064	95.5493	57.3191	684600	577.360209	100.0000
33782	93.5160	129.3468	1512000	612.318365	100.0000
45908	95.7465	53.6918	642600	889.660925	100.0000
57050	95.5689	180.8287	2160200	1033.468559	100.0000
56672	52.0748	12.9045	84000	1037.531178	100.0000
49848	75.7653	2.6608	25200	1043.579115	100.0000
37880	94.9765	41.7451	495600	1089.791686	100.0000
56830	72.8062	11.2298	102200	1162.896345	100.0000
51450	94.2300	0.8320	9800	1224.406325	100.0000
43998	95.4639	119.4336	1425200	1229.321588	100.0000
56960	15.7022	27.8178	54600	1300.432244	100.0000
43022	33.6387	11.6532	49000	1427.122259	100.0000
56904	88.3653	5.1966	57400	1497.673531	100.0000
50012	33.3090	4.7074	19600	1564.674622	100.0000
59586	59.5387	2.0692	15400	1562.158498	100.0000
57710	95.4984	137.4514	1640800	1602.474102	100.0000
46448	27.4434	7.3460	25200	1705.088311	100.0000
42436	12.5604	9.8086	15400	1758.470513	100.0000
40508	95.5843	125.2591	1496600	128.197515	100.0000
43006	77.4155	6.2210	60200	225.311538	100.0000
58106	95.4567	128.4771	1533000	266.981307	100.0000
33844	95.3819	99.2222	1183000	293.120702	100.0000
44786	74.3896	101.3260	942200	305.343953	100.0000
37436	95.8887	2.2192	26600	512.553527	100.0000
37756	18.6330	116.0093	270200	617.062029	100.0000
50986	88.4360	0.8865	9800	633.102831	100.0000
60034	95.6326	133.7452	1598800	639.363086	100.0000
55966	95.3472	19.2643	229600	657.760029	100.0000
60694	17.3071	20.0611	43400	729.721539	100.0000
40542	27.4094	63.3360	217000	1075.490551	100.0000
46608	95.3472	30.7759	366800	1087.118933	100.0000
42724	95.6584	175.9762	2104200	1174.190851	100.0000
57310	95.5226	119.5948	1428000	1287.751374	100.0000
39502	91.9546	0.9744	11200	1479.636701	100.0000
45880	24.7497	270.6134	837200	1479.577100	100.0000
35028	37.9832	175.7407	834400	1587.607020	100.0000
47966	95.6164	143.4901	1715000	1605.696142	100.0000
59904	22.4733	70.2700	197400	1639.548439	100.0000
58964	93.7930	28.1812	330400	1758.545843	100.0000
60922	94.2300	0.8320	9800	1766.469555	100.0000
39390	83.4935	1.0731	11200	5.306609	100.0000
55638	29.9088	201.0911	751800	68.044385	100.0000
48314	94.2998	13.0647	154000	270.261546	100.0000
56928	92.3958	98.6711	1139600	363.316125	100.0000
38432	95.3151	68.0354	810600	376.265232	100.0000
52136	34.9534	4.4860	19600	459.666633	100.0000
43220	94.3371	18.7583	221200	571.059712	100.0000
55344	95.6711	231.7941	2772000	644.657338	100.0000
35486	40.9696	6.0142	30800	721.517070	100.0000
42480	69.6555	1.2863	11200	724.001963	100.0000
48354	72.1109	1.5532	14000	862.929948	100.0000
33302	95.9697	2.3341	28000	872.560491	100.0000
58674	70.8391	10.4349	92400	876.554794	100.0000
60648	93.6174	14.9545	175000	943.347627	100.0000
50074	28.1776	12.3218	43400	1037.026550	100.0000
36176	84.9369	1.1868	12600	1073.776075	100.0000
39370	30.2778	173.1170	655200	1074.297126	100.0000
43514	94.9752	31.7219	376600	1217.390976	100.0000
33334	94.2300	1.5452	18200	1403.982166	100.0000
44590	60.9334	125.1727	953400	1479.899964	100.0000
60246	95.4101	43.0814	513800	1486.657021	100.0000
37810	20.7203	422.6960	1094800	1503.349355	100.0000
38630	95.5744	22.2654	266000	1788.682737	100.0000
51864	95.2605	0.9406	11200	102.528306	100.0000
40874	85.9693	85.8539	922600	161.283726	100.0000
38040	95.1204	15.5424	184800	193.238589	100.0000
52976	95.5654	172.5143	2060800	213.012309	100.0000
33112	94.5368	1.8956	22400	262.227450	100.0000
46622	54.4853	13.1558	89600	296.545984	100.0000
36340	23.5254	16.6629	49000	362.138249	100.0000
54660	95.6777	155.4553	1859200	574.551580	100.0000
39096	95.5570	39.1473	467600	584.932827	100.0000
60922	69.2631	47.3788	410200	588.313311	100.0000
46614	55.5507	19.7585	137200	671.094405	100.0000
53202	94.3367	53.6631	632800	737.081453	100.0000
60208	93.5360	55.5594	649600	763.958195	100.0000
50726	95.6271	87.8412	1050000	853.023046	100.0000
55468	95.3096	8.5784	102200	896.142795	100.0000
47070	31.7808	23.6118	93800	1027.841164	100.0000
38264	99.1404	2.2594	28000	1160.454490	100.0000
51678	89.2487	216.8502	2419200	1308.770397	100.0000
58542	95.4242	9.8591	117600	1389.863995	100.0000
42432	23.5020	11.4373	33600	1452.196262	100.0000
33304	44.8786	2.9947	16800	1639.560898	100.0000
36602	81.7726	20.5448	210000	1679.092071	100.0000
51534	94.3294	158.9833	1874600	1704.755217	100.0000
57848	92.9100	9.5232	110600	1739.438732	100.0000
34472	14.5604	17.6918	32200	1748.879097	100.0000
48462	95.5137	28.3771	338800	1752.557420	100.0000
44966	92.2842	10.6801	123200	45.139494	100.0000
50494	81.0372	2.2113	22400	71.379940	100.0000
52524	91.2088	8.9641	102200	108.367373	100.0000
33692	62.2104	73.4540	571200	152.834630	100.0000
59392	95.3508	230.8107	2751000	242.301572	100.0000
56992	80.5735	1.2510	12600	492.296365	100.0000
38302	84.6522	1.4554	15400	609.992767	100.0000
43186	55.0702	2.6439	18200	743.852316	100.0000
45788	86.9132	3.4793	37800	817.836552	100.0000
53430	95.5368	196.9503	2352000	842.034952	100.0000
55760	85.6485	1.5692	16800	861.216859	100.0000
34338	95.7005	34.4074	411600	946.421146	100.0000
42450	95.7498	18.1306	217000	962.442146	100.0000
34408	95.5082	88.0678	1051400	1012.885781	100.0000
55094	95.5647	146.3805	1748600	1094.027003	100.0000
60906	16.3474	95.2320	194600	1136.639941	100.0000
51842	98.8847	1.0194	12600	1159.065731	100.0000
34190	94.5924	169.1975	2000600	1278.360490	100.0000
42640	38.9146	3.7415	18200	1376.261656	100.0000
38380	99.3687	0.9017	11200	1491.012079	100.0000
57264	93.9053	20.3950	239400	1539.023482	100.0000
36064	59.5427	179.0715	1332800	1625.952022	100.0000
50018	83.6079	1.6075	16800	1661.574131	100.0000
57974	36.1115	9.6147	43400	1684.444845	100.0000
48174	95.4704	79.6561	950600	1770.749994	100.0000
57114	94.2555	12.3579	145600	1796.675393	100.0000
52660	89.8616	2.7420	30800	6.554577	100.0000
45756	94.7156	60.0704	711200	146.887629	100.0000
51612	42.8131	10.9873	58800	219.563505	100.0000
34572	30.7079	138.9611	533400	267.011675	100.0000
51858	94.0607	14.5268	170800	288.034211	100.0000
47046	93.6458	91.7329	1073800	289.702724	100.0000
36360	4.0826	35.6637	18200	388.162858	100.0000
48586	80.8798	12.1860	123200	445.049158	100.0000
58832	38.5090	15.1237	72800	461.708500	100.0000
58344	95.8097	21.1586	253400	467.372718	100.0000
53580	93.4238	36.6844	428400	611.810833	100.0000
44674	95.5839	180.4489	2156000	863.871952	100.0000
52610	95.5061	51.0125	609000	1021.794317	100.0000
39122	62.8024	44.2276	347200	1246.581973	100.0000
47020	95.3491	16.4448	196000	1252.461944	100.0000
38622	95.6168	106.0065	1267000	1291.123693	100.0000
40122	97.9088	2.7454	33600	1307.524389	100.0000
42444	0.8467	238.1131	25200	1467.240589	100.0000
40522	89.4287	60.4906	676200	1551.930133	100.0000
60274	95.5055	55.0000	656600	1632.718125	100.0000
58554	90.5088	4.0836	46200	1667.743189	100.0000
35926	95.6843	111.1990	1330000	1668.859905	100.0000
39802	94.4062	9.9654	117600	1783.720923	100.0000
35650	95.0324	252.5623	3000200	28.257836	100.0000
56440	95.2741	47.3749	564200	269.787901	100.0000
44114	29.1466	25.3615	92400	419.858826	100.0000
47908	95.3703	32.7649	390600	478.037729	100.0000
55890	30.9672	175.0499	677600	601.631485	100.0000
55322	94.1622	6.1851	72800	624.820340	100.0000
47502	17.4770	185.2029	404600	760.286066	100.0000
38468	95.6504	175.7567	2101400	868.700633	100.0000
56270	98.6799	4.1994	51800	905.454375	100.0000
50554	94.7469	2.3642	28000	1012.089105	100.0000
59590	90.8789	2.8345	32200	1091.462004	100.0000
36756	85.6411	1.3078	14000	1192.538741	100.0000
43234	95.6363	27.7551	331800	1258.504222	100.0000
59230	95.0428	68.3481	812000	1281.789924	100.0000
54526	71.5620	136.1617	1218000	1364.868365	100.0000
37610	93.2233	40.9683	477400	1504.885030	100.0000
47184	21.2641	767.9432	2041200	1585.855576	100.0000
38660	71.4280	3.4496	30800	1615.921293	100.0000
47944	34.6089	3.5598	15400	1703.936505	100.0000
58316	31.6611	43.1571	170800	1736.441219	100.0000
38208	95.4625	39.3034	469000	88.013889	100.0000
48534	95.4001	84.1760	1003800	141.582982	100.0000
48340	95.7018	134.8188	1612800	193.723028	100.0000
52068	95.3402	54.9779	655200	196.411551	100.0000
50524	94.2300	1.3074	15400	397.642246	100.0000
55626	93.7384	3.7039	43400	415.368738	100.0000
47504	24.3262	381.2183	1159200	472.633068	100.0000
52460	95.2655	124.0324	1477000	491.355147	100.0000
35798	45.7308	4.1635	23800	511.471328	100.0000
39146	95.1778	27.8889	331800	627.187475	100.0000
47430	90.2042	2.9799	33600	758.441406	100.0000
37304	94.9653	13.2090	156800	903.755062	100.0000
35604	96.7442	4.3992	53200	1001.787103	100.0000
39452	95.5174	86.0660	1027600	1075.102809	100.0000
51322	92.4862	16.5906	191800	1213.287223	100.0000
35786	95.8440	11.4519	137200	1239.136738	100.0000
37768	87.1689	1.6703	18200	1264.361580	100.0000
41568	95.5148	109.5202	1307600	1291.609526	100.0000
59322	15.5135	246.1861	477400	1308.883846	100.0000
50082	62.9623	70.9758	558600	1459.234071	100.0000
44816	87.9107	7.3893	81200	1490.899338	100.0000
46774	84.6781	87.1631	922600	1533.284204	100.0000
45616	96.4095	21.0270	253400	1604.111710	100.0000
44664	5.6480	31.7281	22400	1719.303598	100.0000
37838	94.1997	13.3164	156800	1754.240484	100.0000
34222	85.8843	1.1737	12600	1770.437180	100.0000
48788	95.5308	16.1791	193200	51.861942	100.0000
38712	85.3354	3.0187	32200	90.578122	100.0000
42866	22.2722	121.1912	337400	231.760824	100.0000
41608	94.2970	15.9157	187600	273.818645	100.0000
49936	91.0725	6.5179	74200	281.974307	100.0000
32930	95.3270	30.6650	365400	388.510123	100.0000
43270	95.5959	61.2746	732200	404.515647	100.0000
57092	95.5355	104.1037	1243200	441.385646	100.0000
56188	47.8823	104.7902	627200	451.041409	100.0000
59462	89.1917	1.0046	11200	537.121794	100.0000
48756	93.1581	2.8854	33600	543.729657	100.0000
35474	95.6075	210.6279	2517200	543.901882	100.0000
59368	89.7836	1.1227	12600	553.931219	100.0000
37214	95.7044	56.1730	672000	557.530222	100.0000
53782	88.8381	1.5129	16800	698.368178	100.0000
37534	86.6002	6.3372	68600	702.656927	100.0000
53176	34.1028	2.6273	11200	737.293132	100.0000
58820	94.1430	0.8328	9800	742.961934	100.0000
59490	24.8780	13.0557	40600	762.073314	100.0000
53590	41.7782	6.7021	35000	847.134106	100.0000
57388	72.2570	1.5500	14000	939.397830	100.0000
54650	91.3559	2.8197	32200	1005.393530	100.0000
57592	46.2099	108.8251	628600	1046.049193	100.0000
57830	95.0786	1.7670	21000	1069.428964	100.0000
58014	95.8026	74.1191	887600	1096.251592	100.0000
56410	18.9073	84.1155	198800	1124.361670	100.0000
51214	97.0746	3.2305	39200	1210.022036	100.0000
43552	93.8527	9.1889	107800	1214.533652	100.0000
36434	95.6632	215.5396	2577400	1281.985325	100.0000
52836	94.6128	17.7566	210000	1348.730759	100.0000
36060	94.2300	1.5452	18200	1558.578089	100.0000
46956	91.3033	6.3787	72800	1657.421651	100.0000
45180	95.5254	78.9067	942200	1691.427018	100.0000
52054	76.4777	35.0010	334600	1789.890838	100.0000
41436	93.1812	47.3572	551600	204.937606	100.0000
54024	95.4975	124.9038	1491000	455.644840	100.0000
46268	11.8610	18.8854	28000	518.070128	100.0000
48288	90.6280	4.6961	53200	622.890633	100.0000
51898	81.2660	5.6506	57400	663.629838	100.0000
55818	93.2786	6.6039	77000	674.347793	100.0000
48122	95.4139	198.8473	2371600	747.918015	100.0000
54186	86.7655	5.0343	54600	769.338104	100.0000
34696	95.6178	212.7136	2542400	994.473265	100.0000
55848	95.6255	209.2998	2501800	1081.781878	100.0000
60510	95.5287	65.3039	779800	1194.849913	100.0000
33656	95.5989	144.2192	1723400	1291.686404	100.0000
34226	19.7658	171.6902	424200	1295.335790	100.0000
34722	93.0085	12.8848	149800	1317.234807	100.0000
55578	94.7497	27.6603	327600	1357.498738	100.0000
40280	95.5539	151.6715	1811600	1791.618035	100.0000
38660	94.2300	0.9509	11200	28.771720	100.0000
43234	34.5106	22.0686	95200	74.925039	100.0000
33754	32.2368	24.3200	98000	128.586564	100.0000
36836	96.1220	6.1755	74200	142.929526	100.0000
52414	90.4593	98.5548	1114400	209.991652	100.0000
34588	76.7434	1.6054	15400	328.785703	100.0000
35794	95.7123	191.6745	2293200	357.760428	100.0000
50224	11.0719	594.8051	823200	513.729111	100.0000
48558	95.3014	10.4594	124600	550.600612	100.0000
59420	18.4467	582.2607	1342600	767.988868	100.0000
55690	96.2850	19.8910	239400	799.693208	100.0000
37878	94.2300	0.8320	9800	915.489139	100.0000
58832	59.1342	85.0405	628600	942.441395	100.0000
43310	94.2300	0.8320	9800	1021.299351	100.0000
55382	96.1379	2.3300	28000	1063.122742	100.0000
44532	95.1521	55.5574	660800	1096.821829	100.0000
43236	94.3722	227.7450	2686600	1161.933389	100.0000
51566	94.2300	1.4263	16800	1247.058904	100.0000
57840	99.1066	1.1301	14000	1249.035920	100.0000
56560	17.9076	404.0285	904400	1483.594777	100.0000
40554	29.5064	6.4528	23800	1519.549132	100.0000
59206	22.9311	104.5217	299600	1694.965446	100.0000
47448	95.5987	187.3331	2238600	17.583446	100.0000
49802	93.3025	3.4811	40600	116.833365	100.0000
46210	92.5607	51.3047	593600	119.005301	100.0000
37454	87.1269	2.1853	23800	369.767276	100.0000
52936	95.1060	20.7263	246400	387.251027	100.0000
38850	95.3708	60.5972	722400	447.297657	100.0000
59278	71.1737	8.0254	71400	600.691359	100.0000
45762	84.9248	1.4507	15400	750.968081	100.0000
36546	93.9927	5.9579	70000	937.883072	100.0000
56746	20.0163	519.8159	1300600	984.899286	100.0000
59152	93.4521	83.4139	974400	996.560438	100.0000
37328	8.5307	26.2582	28000	1077.773487	100.0000
35786	95.2835	70.2913	837200	1088.888846	100.0000
39200	96.3258	5.2322	63000	1426.836839	100.0000
56346	94.1463	38.9012	457800	1504.319409	100.0000
52378	88.2430	14.8499	163800	56.547513	100.0000
37342	90.9398	3.0790	35000	94.647341	100.0000
41500	97.0929	2.5378	30800	226.651059	100.0000
46746	31.7527	621.5038	2466800	295.232146	100.0000
32916	94.2300	1.5452	18200	317.878815	100.0000
60546	96.7307	6.4840	78400	368.683821	100.0000
33682	94.1772	163.4026	1923600	423.319775	100.0000
40014	96.8304	3.9326	47600	477.749382	100.0000
47072	93.8494	80.1966	940800	588.947693	100.0000
40336	95.5566	16.4091	196000	700.045058	100.0000
37238	95.6485	92.5054	1106000	1049.255923	100.0000
50128	92.7119	2.1745	25200	1360.824114	100.0000
38636	77.9957	75.2452	733600	1610.193614	100.0000
35518	96.9229	3.2356	39200	1725.188527	100.0000
39270	95.5992	186.5120	2228800	1777.530451	100.0000
59148	97.6040	7.3440	89600	59.909831	100.0000
45214	93.7061	12.3108	144200	114.389823	100.0000
50926	95.6652	66.7327	798000	219.795814	100.0000
46256	94.2300	1.3074	15400	223.774808	100.0000
53074	94.2300	1.4263	16800	242.749293	100.0000
59568	94.6720	2.6027	30800	437.395384	100.0000
55216	84.7831	1.7173	18200	664.047763	100.0000
52516	95.5839	80.6161	963200	720.311334	100.0000
56002	94.2300	1.3074	15400	906.803807	100.0000
45030	94.2300	0.8320	9800	939.817973	100.0000
43874	92.0141	5.7209	65800	968.571395	100.0000
52456	94.2300	1.7829	21000	1457.613431	100.0000
37700	92.1290	1.5804	18200	1550.004091	100.0000
52232	93.7628	127.4535	1493800	1559.675798	100.0000
58768	23.0205	133.7937	385000	1705.472771	100.0000
